

Microchip MPLAB XC8 Assembler V3.00 build 20241204225717 
                                                                                               Wed Aug 20 15:12:24 2025

Microchip MPLAB XC8 C Compiler v3.00 (Free license) build 20241204225717 Og1 
     1                           	processor	18F97J94
     2                           	fnconf	rparam,??,?,0
     3                           	pagewidth 120
     4                           	opt	flic
     5                           	psect	cinit,global,reloc=2,class=CODE,space=0,delta=1
     6                           	psect	bssCOMRAM,global,class=COMRAM,space=1,delta=1,lowdata,noexec
     7                           	psect	cstackCOMRAM,global,class=COMRAM,space=1,delta=1,lowdata,noexec
     8                           	psect	text0,global,reloc=2,class=CODE,space=0,delta=1
     9                           	psect	text1,global,reloc=2,class=CODE,space=0,delta=1
    10                           	psect	text2,global,reloc=2,class=CODE,space=0,delta=1,group=1
    11                           	psect	text3,global,reloc=2,class=CODE,space=0,delta=1,group=1
    12                           	psect	text4,global,reloc=2,class=CODE,space=0,delta=1,group=1
    13                           	psect	text5,global,reloc=2,class=CODE,space=0,delta=1
    14                           	psect	text6,global,reloc=2,class=CODE,space=0,delta=1
    15                           	psect	text7,global,reloc=2,class=CODE,space=0,delta=1
    16                           	psect	text8,global,reloc=2,class=CODE,space=0,delta=1
    17                           	psect	text9,global,reloc=2,class=CODE,space=0,delta=1
    18                           	psect	text10,global,reloc=2,class=CODE,space=0,delta=1
    19                           	psect	text11,global,reloc=2,class=CODE,space=0,delta=1
    20                           	psect	text12,global,reloc=2,class=CODE,space=0,delta=1
    21                           	psect	smallconst,global,reloc=2,class=SMALLCONST,space=0,delta=1,noexec
    22                           	psect	intsave_regs,global,class=BIGRAM,space=1,delta=1,noexec
    23                           	psect	rparam,global,class=COMRAM,space=1,delta=1,noexec
    24                           	psect	config,global,abs,ovrld,class=CONFIG,space=4,delta=1,noexec
    25   000000                     
    26                           ; Generated 17/08/2023 GMT
    27                           ; 
    28                           ; Copyright © 2023, Microchip Technology Inc. and its subsidiaries ("Microchip")
    29                           ; All rights reserved.
    30                           ; 
    31                           ; This software is developed by Microchip Technology Inc. and its subsidiaries ("Microch
      +                          ip").
    32                           ; 
    33                           ; Redistribution and use in source and binary forms, with or without modification, are
    34                           ; permitted provided that the following conditions are met:
    35                           ; 
    36                           ;     1. Redistributions of source code must retain the above copyright notice, this lis
      +                          t of
    37                           ;        conditions and the following disclaimer.
    38                           ; 
    39                           ;     2. Redistributions in binary form must reproduce the above copyright notice, this 
      +                          list
    40                           ;        of conditions and the following disclaimer in the documentation and/or other
    41                           ;        materials provided with the distribution. Publication is not required when
    42                           ;        this file is used in an embedded application.
    43                           ; 
    44                           ;     3. Microchip's name may not be used to endorse or promote products derived from th
      +                          is
    45                           ;        software without specific prior written permission.
    46                           ; 
    47                           ; THIS SOFTWARE IS PROVIDED BY MICROCHIP "AS IS" AND ANY EXPRESS OR IMPLIED WARRANTIES,
    48                           ; INCLUDING, BUT NOT LIMITED TO, THE IMPLIED WARRANTIES OF MERCHANTABILITY AND FITNESS F
      +                          OR
    49                           ; PURPOSE ARE DISCLAIMED.  IN NO EVENT SHALL MICROCHIP BE LIABLE FOR ANY DIRECT, INDIREC
      +                          T,
    50                           ; INCIDENTAL, SPECIAL, EXEMPLARY, OR CONSEQUENTIAL DAMAGES (INCLUDING BUT NOT LIMITED TO
    51                           ; PROCUREMENT OF SUBSTITUTE GOODS OR SERVICES; LOSS OF USE, DATA OR PROFITS; OR BUSINESS
    52                           ; INTERRUPTION) HOWSOEVER CAUSED AND ON ANY THEORY OF LIABILITY, WHETHER IN CONTRACT, ST
      +                          RICT
    53                           ; LIABILITY, OR TORT (INCLUDING NEGLIGENCE OR OTHERWISE) ARISING IN ANY WAY OUT OF THE U
      +                          SE OF
    54                           ; THIS SOFTWARE, EVEN IF ADVISED OF THE POSSIBILITY OF SUCH DAMAGE.
    55                           ; 
    56                           ; 
    57                           ; Code-generator required, PIC18F97J94 Definitions
    58                           ; 
    59                           ; SFR Addresses
    60   000FE0                     bsr             equ	4064
    61   000FE9                     fsr0            equ	4073
    62   000FEA                     fsr0h           equ	4074
    63   000FE9                     fsr0l           equ	4073
    64   000FE1                     fsr1            equ	4065
    65   000FE2                     fsr1h           equ	4066
    66   000FE1                     fsr1l           equ	4065
    67   000FD9                     fsr2            equ	4057
    68   000FDA                     fsr2h           equ	4058
    69   000FD9                     fsr2l           equ	4057
    70   000FEF                     indf0           equ	4079
    71   000FE7                     indf1           equ	4071
    72   000FDF                     indf2           equ	4063
    73   000FF2                     intcon          equ	4082
    74   000000                     nvmcon          equ	0
    75   000FF9                     pcl             equ	4089
    76   000FFA                     pclath          equ	4090
    77   000FFB                     pclatu          equ	4091
    78   000FEB                     plusw0          equ	4075
    79   000FE3                     plusw1          equ	4067
    80   000FDB                     plusw2          equ	4059
    81   000FED                     postdec0        equ	4077
    82   000FE5                     postdec1        equ	4069
    83   000FDD                     postdec2        equ	4061
    84   000FEE                     postinc0        equ	4078
    85   000FE6                     postinc1        equ	4070
    86   000FDE                     postinc2        equ	4062
    87   000FEC                     preinc0         equ	4076
    88   000FE4                     preinc1         equ	4068
    89   000FDC                     preinc2         equ	4060
    90   000FF3                     prod            equ	4083
    91   000FF4                     prodh           equ	4084
    92   000FF3                     prodl           equ	4083
    93   000FD8                     status          equ	4056
    94   000FF5                     tablat          equ	4085
    95   000FF6                     tblptr          equ	4086
    96   000FF7                     tblptrh         equ	4087
    97   000FF6                     tblptrl         equ	4086
    98   000FF8                     tblptru         equ	4088
    99   000FFD                     tosl            equ	4093
   100   000FE8                     wreg            equ	4072
   101   000DFF                     UEP0            equ	3583	;# 
   102   000E00                     UEP1            equ	3584	;# 
   103   000E01                     UEP2            equ	3585	;# 
   104   000E02                     UEP3            equ	3586	;# 
   105   000E03                     UEP4            equ	3587	;# 
   106   000E04                     UEP5            equ	3588	;# 
   107   000E05                     UEP6            equ	3589	;# 
   108   000E06                     UEP7            equ	3590	;# 
   109   000E07                     UEP8            equ	3591	;# 
   110   000E08                     UEP9            equ	3592	;# 
   111   000E09                     UEP10           equ	3593	;# 
   112   000E0A                     UEP11           equ	3594	;# 
   113   000E0B                     UEP12           equ	3595	;# 
   114   000E0C                     UEP13           equ	3596	;# 
   115   000E0D                     UEP14           equ	3597	;# 
   116   000E0E                     UEP15           equ	3598	;# 
   117   000E0F                     UEIE            equ	3599	;# 
   118   000E10                     UIE             equ	3600	;# 
   119   000E11                     UCFG            equ	3601	;# 
   120   000E12                     RPOR0_1         equ	3602	;# 
   121   000E13                     RPOR2_3         equ	3603	;# 
   122   000E14                     RPOR4_5         equ	3604	;# 
   123   000E15                     RPOR6_7         equ	3605	;# 
   124   000E16                     RPOR8_9         equ	3606	;# 
   125   000E17                     RPOR10_11       equ	3607	;# 
   126   000E18                     RPOR12_13       equ	3608	;# 
   127   000E19                     RPOR14_15       equ	3609	;# 
   128   000E1A                     RPOR16_17       equ	3610	;# 
   129   000E1B                     RPOR18_19       equ	3611	;# 
   130   000E1C                     RPOR20_21       equ	3612	;# 
   131   000E1D                     RPOR22_23       equ	3613	;# 
   132   000E1E                     RPOR24_25       equ	3614	;# 
   133   000E1F                     RPOR26_27       equ	3615	;# 
   134   000E20                     RPOR28_29       equ	3616	;# 
   135   000E21                     RPOR30_31       equ	3617	;# 
   136   000E22                     RPOR32_33       equ	3618	;# 
   137   000E23                     RPOR34_35       equ	3619	;# 
   138   000E24                     RPOR36_37       equ	3620	;# 
   139   000E25                     RPOR38_39       equ	3621	;# 
   140   000E26                     RPOR40_41       equ	3622	;# 
   141   000E27                     RPOR42_43       equ	3623	;# 
   142   000E28                     RPOR44_45       equ	3624	;# 
   143   000E29                     RPOR46          equ	3625	;# 
   144   000E2A                     RPINR0_1        equ	3626	;# 
   145   000E2B                     RPINR2_3        equ	3627	;# 
   146   000E2C                     RPINR4_5        equ	3628	;# 
   147   000E2D                     RPINR6_7        equ	3629	;# 
   148   000E2E                     RPINR8_9        equ	3630	;# 
   149   000E2F                     RPINR10_11      equ	3631	;# 
   150   000E30                     RPINR12_13      equ	3632	;# 
   151   000E31                     RPINR14_15      equ	3633	;# 
   152   000E32                     RPINR16_17      equ	3634	;# 
   153   000E33                     RPINR18_19      equ	3635	;# 
   154   000E34                     RPINR20_21      equ	3636	;# 
   155   000E35                     RPINR22_23      equ	3637	;# 
   156   000E36                     RPINR24_25      equ	3638	;# 
   157   000E37                     RPINR26_27      equ	3639	;# 
   158   000E38                     RPINR28_29      equ	3640	;# 
   159   000E39                     RPINR30_31      equ	3641	;# 
   160   000E3A                     RPINR32_33      equ	3642	;# 
   161   000E3B                     RPINR34_35      equ	3643	;# 
   162   000E3C                     RPINR36_37      equ	3644	;# 
   163   000E3D                     RPINR38_39      equ	3645	;# 
   164   000E3E                     RPINR40_41      equ	3646	;# 
   165   000E3F                     RPINR42_43      equ	3647	;# 
   166   000E40                     RPINR44_45      equ	3648	;# 
   167   000E41                     RPINR46_47      equ	3649	;# 
   168   000E42                     RPINR48_49      equ	3650	;# 
   169   000E43                     RPINR50_51      equ	3651	;# 
   170   000E44                     RPINR52_53      equ	3652	;# 
   171   000E45                     ANCON3          equ	3653	;# 
   172   000E46                     ANCON2          equ	3654	;# 
   173   000E47                     ANCON1          equ	3655	;# 
   174   000E48                     ADCBUF1         equ	3656	;# 
   175   000E48                     ADCBUF1L        equ	3656	;# 
   176   000E49                     ADCBUF1H        equ	3657	;# 
   177   000E4A                     ADCBUF2         equ	3658	;# 
   178   000E4A                     ADCBUF2L        equ	3658	;# 
   179   000E4B                     ADCBUF2H        equ	3659	;# 
   180   000E4C                     ADCBUF3         equ	3660	;# 
   181   000E4C                     ADCBUF3L        equ	3660	;# 
   182   000E4D                     ADCBUF3H        equ	3661	;# 
   183   000E4E                     ADCBUF4         equ	3662	;# 
   184   000E4E                     ADCBUF4L        equ	3662	;# 
   185   000E4F                     ADCBUF4H        equ	3663	;# 
   186   000E50                     ADCBUF5         equ	3664	;# 
   187   000E50                     ADCBUF5L        equ	3664	;# 
   188   000E51                     ADCBUF5H        equ	3665	;# 
   189   000E52                     ADCBUF6         equ	3666	;# 
   190   000E52                     ADCBUF6L        equ	3666	;# 
   191   000E53                     ADCBUF6H        equ	3667	;# 
   192   000E54                     ADCBUF7         equ	3668	;# 
   193   000E54                     ADCBUF7L        equ	3668	;# 
   194   000E55                     ADCBUF7H        equ	3669	;# 
   195   000E56                     ADCBUF8         equ	3670	;# 
   196   000E56                     ADCBUF8L        equ	3670	;# 
   197   000E57                     ADCBUF8H        equ	3671	;# 
   198   000E58                     ADCBUF9         equ	3672	;# 
   199   000E58                     ADCBUF9L        equ	3672	;# 
   200   000E59                     ADCBUF9H        equ	3673	;# 
   201   000E5A                     ADCBUF10        equ	3674	;# 
   202   000E5A                     ADCBUF10L       equ	3674	;# 
   203   000E5B                     ADCBUF10H       equ	3675	;# 
   204   000E5C                     ADCBUF11        equ	3676	;# 
   205   000E5C                     ADCBUF11L       equ	3676	;# 
   206   000E5D                     ADCBUF11H       equ	3677	;# 
   207   000E5E                     ADCBUF12        equ	3678	;# 
   208   000E5E                     ADCBUF12L       equ	3678	;# 
   209   000E5F                     ADCBUF12H       equ	3679	;# 
   210   000E60                     ADCBUF13        equ	3680	;# 
   211   000E60                     ADCBUF13L       equ	3680	;# 
   212   000E61                     ADCBUF13H       equ	3681	;# 
   213   000E62                     ADCBUF14        equ	3682	;# 
   214   000E62                     ADCBUF14L       equ	3682	;# 
   215   000E63                     ADCBUF14H       equ	3683	;# 
   216   000E64                     ADCBUF15        equ	3684	;# 
   217   000E64                     ADCBUF15L       equ	3684	;# 
   218   000E65                     ADCBUF15H       equ	3685	;# 
   219   000E66                     ADCBUF16        equ	3686	;# 
   220   000E66                     ADCBUF16L       equ	3686	;# 
   221   000E67                     ADCBUF16H       equ	3687	;# 
   222   000E68                     ADCBUF17        equ	3688	;# 
   223   000E68                     ADCBUF17L       equ	3688	;# 
   224   000E69                     ADCBUF17H       equ	3689	;# 
   225   000E6A                     ADCBUF18        equ	3690	;# 
   226   000E6A                     ADCBUF18L       equ	3690	;# 
   227   000E6B                     ADCBUF18H       equ	3691	;# 
   228   000E6C                     ADCBUF19        equ	3692	;# 
   229   000E6C                     ADCBUF19L       equ	3692	;# 
   230   000E6D                     ADCBUF19H       equ	3693	;# 
   231   000E6E                     ADCBUF20        equ	3694	;# 
   232   000E6E                     ADCBUF20L       equ	3694	;# 
   233   000E6F                     ADCBUF20H       equ	3695	;# 
   234   000E70                     ADCBUF21        equ	3696	;# 
   235   000E70                     ADCBUF21L       equ	3696	;# 
   236   000E71                     ADCBUF21H       equ	3697	;# 
   237   000E72                     ADCBUF22        equ	3698	;# 
   238   000E72                     ADCBUF22L       equ	3698	;# 
   239   000E73                     ADCBUF22H       equ	3699	;# 
   240   000E74                     ADCBUF23        equ	3700	;# 
   241   000E74                     ADCBUF23L       equ	3700	;# 
   242   000E75                     ADCBUF23H       equ	3701	;# 
   243   000E76                     ADCBUF24        equ	3702	;# 
   244   000E76                     ADCBUF24L       equ	3702	;# 
   245   000E77                     ADCBUF24H       equ	3703	;# 
   246   000E78                     ADCBUF25        equ	3704	;# 
   247   000E78                     ADCBUF25L       equ	3704	;# 
   248   000E79                     ADCBUF25H       equ	3705	;# 
   249   000E7A                     ADCTMUEN0L      equ	3706	;# 
   250   000E7B                     ADCTMUEN0H      equ	3707	;# 
   251   000E7C                     ADCTMUEN1L      equ	3708	;# 
   252   000E7D                     ADCTMUEN1H      equ	3709	;# 
   253   000E7E                     ADCHIT0L        equ	3710	;# 
   254   000E7F                     ADCHIT0H        equ	3711	;# 
   255   000E80                     ADCHIT1L        equ	3712	;# 
   256   000E81                     ADCHIT1H        equ	3713	;# 
   257   000E82                     ADCSS0L         equ	3714	;# 
   258   000E83                     ADCSS0H         equ	3715	;# 
   259   000E84                     ADCSS1L         equ	3716	;# 
   260   000E85                     ADCSS1H         equ	3717	;# 
   261   000E86                     ADCHS0L         equ	3718	;# 
   262   000E87                     ADCHS0H         equ	3719	;# 
   263   000E88                     ADCON5L         equ	3720	;# 
   264   000E89                     ADCON5H         equ	3721	;# 
   265   000E8A                     ADCON3L         equ	3722	;# 
   266   000E8B                     ADCON3H         equ	3723	;# 
   267   000E8C                     ADCON2L         equ	3724	;# 
   268   000E8D                     ADCON2H         equ	3725	;# 
   269   000E8E                     LCDDATA0        equ	3726	;# 
   270   000E8F                     LCDDATA1        equ	3727	;# 
   271   000E90                     LCDDATA2        equ	3728	;# 
   272   000E91                     LCDDATA3        equ	3729	;# 
   273   000E92                     LCDDATA4        equ	3730	;# 
   274   000E93                     LCDDATA5        equ	3731	;# 
   275   000E94                     LCDDATA6        equ	3732	;# 
   276   000E95                     LCDDATA7        equ	3733	;# 
   277   000E96                     LCDDATA8        equ	3734	;# 
   278   000E97                     LCDDATA9        equ	3735	;# 
   279   000E98                     LCDDATA10       equ	3736	;# 
   280   000E99                     LCDDATA11       equ	3737	;# 
   281   000E9A                     LCDDATA12       equ	3738	;# 
   282   000E9B                     LCDDATA13       equ	3739	;# 
   283   000E9C                     LCDDATA14       equ	3740	;# 
   284   000E9D                     LCDDATA15       equ	3741	;# 
   285   000E9E                     LCDDATA16       equ	3742	;# 
   286   000E9F                     LCDDATA17       equ	3743	;# 
   287   000EA0                     LCDDATA18       equ	3744	;# 
   288   000EA1                     LCDDATA19       equ	3745	;# 
   289   000EA2                     LCDDATA20       equ	3746	;# 
   290   000EA3                     LCDDATA21       equ	3747	;# 
   291   000EA4                     LCDDATA22       equ	3748	;# 
   292   000EA5                     LCDDATA23       equ	3749	;# 
   293   000EA6                     LCDDATA24       equ	3750	;# 
   294   000EA7                     LCDDATA25       equ	3751	;# 
   295   000EA8                     LCDDATA26       equ	3752	;# 
   296   000EA9                     LCDDATA27       equ	3753	;# 
   297   000EAA                     LCDDATA28       equ	3754	;# 
   298   000EAB                     LCDDATA29       equ	3755	;# 
   299   000EAC                     LCDDATA30       equ	3756	;# 
   300   000EAD                     LCDDATA31       equ	3757	;# 
   301   000EAE                     LCDDATA32       equ	3758	;# 
   302   000EAF                     LCDDATA33       equ	3759	;# 
   303   000EB0                     LCDDATA34       equ	3760	;# 
   304   000EB1                     LCDDATA35       equ	3761	;# 
   305   000EB2                     LCDDATA36       equ	3762	;# 
   306   000EB3                     LCDDATA37       equ	3763	;# 
   307   000EB4                     LCDDATA38       equ	3764	;# 
   308   000EB5                     LCDDATA39       equ	3765	;# 
   309   000EB6                     LCDDATA40       equ	3766	;# 
   310   000EB7                     LCDDATA41       equ	3767	;# 
   311   000EB8                     LCDDATA42       equ	3768	;# 
   312   000EB9                     LCDDATA43       equ	3769	;# 
   313   000EBA                     LCDDATA44       equ	3770	;# 
   314   000EBB                     LCDDATA45       equ	3771	;# 
   315   000EBC                     LCDDATA46       equ	3772	;# 
   316   000EBD                     LCDDATA47       equ	3773	;# 
   317   000EBE                     LCDDATA48       equ	3774	;# 
   318   000EBF                     LCDDATA49       equ	3775	;# 
   319   000EC0                     LCDDATA50       equ	3776	;# 
   320   000EC1                     LCDDATA51       equ	3777	;# 
   321   000EC2                     LCDDATA52       equ	3778	;# 
   322   000EC3                     LCDDATA53       equ	3779	;# 
   323   000EC4                     LCDDATA54       equ	3780	;# 
   324   000EC5                     LCDDATA55       equ	3781	;# 
   325   000EC6                     LCDDATA56       equ	3782	;# 
   326   000EC7                     LCDDATA57       equ	3783	;# 
   327   000EC8                     LCDDATA58       equ	3784	;# 
   328   000EC9                     LCDDATA59       equ	3785	;# 
   329   000ECA                     LCDDATA60       equ	3786	;# 
   330   000ECB                     LCDDATA61       equ	3787	;# 
   331   000ECC                     LCDDATA62       equ	3788	;# 
   332   000ECD                     LCDDATA63       equ	3789	;# 
   333   000ECE                     LCDSE0          equ	3790	;# 
   334   000ECF                     LCDSE1          equ	3791	;# 
   335   000ED0                     LCDSE2          equ	3792	;# 
   336   000ED1                     LCDSE3          equ	3793	;# 
   337   000ED2                     LCDSE4          equ	3794	;# 
   338   000ED3                     LCDSE5          equ	3795	;# 
   339   000ED4                     LCDSE6          equ	3796	;# 
   340   000ED5                     LCDSE7          equ	3797	;# 
   341   000ED6                     LCDRL           equ	3798	;# 
   342   000ED7                     LCDREF          equ	3799	;# 
   343   000ED8                     LCDREG          equ	3800	;# 
   344   000ED9                     LCDCON          equ	3801	;# 
   345   000EDA                     LCDPS           equ	3802	;# 
   346   000EDB                     REFO2CON3       equ	3803	;# 
   347   000EDC                     REFO2CON2       equ	3804	;# 
   348   000EDD                     REFO2CON1       equ	3805	;# 
   349   000EDE                     REFO2CON        equ	3806	;# 
   350   000EDF                     REFO1CON3       equ	3807	;# 
   351   000EE0                     REFO1CON2       equ	3808	;# 
   352   000EE1                     REFO1CON1       equ	3809	;# 
   353   000EE2                     REFO1CON        equ	3810	;# 
   354   000EE3                     MEMCON          equ	3811	;# 
   355   000EE4                     PORTL           equ	3812	;# 
   356   000EE5                     LATL            equ	3813	;# 
   357   000EE6                     TRISL           equ	3814	;# 
   358   000EE7                     PORTK           equ	3815	;# 
   359   000EE8                     LATK            equ	3816	;# 
   360   000EE9                     TRISK           equ	3817	;# 
   361   000EEA                     ODCON2          equ	3818	;# 
   362   000EEB                     ODCON1          equ	3819	;# 
   363   000EEC                     MDCARL          equ	3820	;# 
   364   000EED                     MDCARH          equ	3821	;# 
   365   000EEE                     MDSRC           equ	3822	;# 
   366   000EEF                     MDCON           equ	3823	;# 
   367   000EF0                     PMD4            equ	3824	;# 
   368   000EF1                     PMD3            equ	3825	;# 
   369   000EF2                     PMD2            equ	3826	;# 
   370   000EF3                     PMD1            equ	3827	;# 
   371   000EF4                     PMD0            equ	3828	;# 
   372   000EF5                     CTMUCON4        equ	3829	;# 
   373   000EF6                     CTMUCON3        equ	3830	;# 
   374   000EF7                     CTMUCON2        equ	3831	;# 
   375   000EF8                     CTMUCON1        equ	3832	;# 
   376   000EF9                     TXREG4          equ	3833	;# 
   377   000EFA                     RCREG4          equ	3834	;# 
   378   000EFB                     SPBRG4          equ	3835	;# 
   379   000EFC                     SPBRGH4         equ	3836	;# 
   380   000EFD                     BAUDCON4        equ	3837	;# 
   381   000EFE                     TXSTA4          equ	3838	;# 
   382   000EFF                     RCSTA4          equ	3839	;# 
   383   000F00                     DMACON2         equ	3840	;# 
   384   000F01                     ANCFG           equ	3841	;# 
   385   000F02                     SSP2ADD         equ	3842	;# 
   386   000F03                     SSP2BUF         equ	3843	;# 
   387   000F04                     T4CON           equ	3844	;# 
   388   000F05                     PR4             equ	3845	;# 
   389   000F06                     TMR4            equ	3846	;# 
   390   000F07                     CCP7CON         equ	3847	;# 
   391   000F08                     CCPR7           equ	3848	;# 
   392   000F08                     CCPR7L          equ	3848	;# 
   393   000F09                     CCPR7H          equ	3849	;# 
   394   000F0A                     CCP6CON         equ	3850	;# 
   395   000F0B                     CCPR6           equ	3851	;# 
   396   000F0B                     CCPR6L          equ	3851	;# 
   397   000F0C                     CCPR6H          equ	3852	;# 
   398   000F0D                     CCP5CON         equ	3853	;# 
   399   000F0E                     CCPR5           equ	3854	;# 
   400   000F0E                     CCPR5L          equ	3854	;# 
   401   000F0F                     CCPR5H          equ	3855	;# 
   402   000F10                     CCP4CON         equ	3856	;# 
   403   000F11                     CCPR4           equ	3857	;# 
   404   000F11                     CCPR4L          equ	3857	;# 
   405   000F12                     CCPR4H          equ	3858	;# 
   406   000F13                     T5GCON          equ	3859	;# 
   407   000F14                     T5CON           equ	3860	;# 
   408   000F15                     TMR5            equ	3861	;# 
   409   000F15                     TMR5L           equ	3861	;# 
   410   000F16                     TMR5H           equ	3862	;# 
   411   000F17                     SSP2MSK         equ	3863	;# 
   412   000F18                     SSP2CON2        equ	3864	;# 
   413   000F19                     SSP2CON1        equ	3865	;# 
   414   000F1A                     SSP2STAT        equ	3866	;# 
   415   000F1B                     PSTR3CON        equ	3867	;# 
   416   000F1C                     PSTR2CON        equ	3868	;# 
   417   000F1D                     TXREG2          equ	3869	;# 
   418   000F1E                     RCREG2          equ	3870	;# 
   419   000F1F                     SPBRG2          equ	3871	;# 
   420   000F20                     SPBRGH2         equ	3872	;# 
   421   000F21                     DSGPR3          equ	3873	;# 
   422   000F22                     DSGPR2          equ	3874	;# 
   423   000F23                     DSGPR1          equ	3875	;# 
   424   000F24                     DSGPR0          equ	3876	;# 
   425   000F25                     DSWAKEH         equ	3877	;# 
   426   000F26                     DSWAKEL         equ	3878	;# 
   427   000F27                     DSCONH          equ	3879	;# 
   428   000F28                     DSCONL          equ	3880	;# 
   429   000F29                     TXREG3          equ	3881	;# 
   430   000F2A                     RCREG3          equ	3882	;# 
   431   000F2B                     SPBRG3          equ	3883	;# 
   432   000F2C                     SPBRGH3         equ	3884	;# 
   433   000F2D                     BAUDCON3        equ	3885	;# 
   434   000F2E                     TXSTA3          equ	3886	;# 
   435   000F2F                     RCSTA3          equ	3887	;# 
   436   000F30                     SPBRGH1         equ	3888	;# 
   437   000F30                     SPBRGH          equ	3888	;# 
   438   000F31                     BAUDCON2        equ	3889	;# 
   439   000F32                     TXSTA2          equ	3890	;# 
   440   000F33                     RCSTA2          equ	3891	;# 
   441   000F34                     CCPTMRS2        equ	3892	;# 
   442   000F35                     CCPTMRS1        equ	3893	;# 
   443   000F36                     CCPTMRS0        equ	3894	;# 
   444   000F37                     CM3CON          equ	3895	;# 
   445   000F38                     CM2CON          equ	3896	;# 
   446   000F39                     SSP2CON3        equ	3897	;# 
   447   000F3A                     T8CON           equ	3898	;# 
   448   000F3B                     PR8             equ	3899	;# 
   449   000F3C                     TMR8            equ	3900	;# 
   450   000F3D                     T6CON           equ	3901	;# 
   451   000F3E                     PR6             equ	3902	;# 
   452   000F3F                     TMR6            equ	3903	;# 
   453   000F40                     CCP10CON        equ	3904	;# 
   454   000F41                     CCPR10          equ	3905	;# 
   455   000F41                     CCPR10L         equ	3905	;# 
   456   000F42                     CCPR10H         equ	3906	;# 
   457   000F43                     CCP9CON         equ	3907	;# 
   458   000F44                     CCPR9           equ	3908	;# 
   459   000F44                     CCPR9L          equ	3908	;# 
   460   000F45                     CCPR9H          equ	3909	;# 
   461   000F46                     CCP8CON         equ	3910	;# 
   462   000F47                     CCPR8           equ	3911	;# 
   463   000F47                     CCPR8L          equ	3911	;# 
   464   000F48                     CCPR8H          equ	3912	;# 
   465   000F49                     CCP3CON         equ	3913	;# 
   466   000F4A                     CCPR3           equ	3914	;# 
   467   000F4A                     CCPR3L          equ	3914	;# 
   468   000F4B                     CCPR3H          equ	3915	;# 
   469   000F4C                     ECCP3DEL        equ	3916	;# 
   470   000F4D                     ECCP3AS         equ	3917	;# 
   471   000F4E                     CCP2CON         equ	3918	;# 
   472   000F4F                     CCPR2           equ	3919	;# 
   473   000F4F                     CCPR2L          equ	3919	;# 
   474   000F50                     CCPR2H          equ	3920	;# 
   475   000F51                     ECCP2DEL        equ	3921	;# 
   476   000F52                     ECCP2AS         equ	3922	;# 
   477   000F53                     CM1CON          equ	3923	;# 
   478   000F54                     PADCFG1         equ	3924	;# 
   479   000F55                     IOCN            equ	3925	;# 
   480   000F56                     IOCP            equ	3926	;# 
   481   000F57                     RTCCON2         equ	3927	;# 
   482   000F58                     ALRMVALL        equ	3928	;# 
   483   000F59                     ALRMVALH        equ	3929	;# 
   484   000F5A                     ALRMRPT         equ	3930	;# 
   485   000F5B                     ALRMCFG         equ	3931	;# 
   486   000F5C                     RTCVALL         equ	3932	;# 
   487   000F5D                     RTCVALH         equ	3933	;# 
   488   000F5E                     RTCCAL          equ	3934	;# 
   489   000F5F                     RTCCON1         equ	3935	;# 
   490   000F60                     DMACON1         equ	3936	;# 
   491   000F61                     PIE6            equ	3937	;# 
   492   000F62                     WPUB            equ	3938	;# 
   493   000F63                     ACTCON          equ	3939	;# 
   494   000F64                     OSCCON4         equ	3940	;# 
   495   000F65                     OSCCON3         equ	3941	;# 
   496   000F66                     OSCCON2         equ	3942	;# 
   497   000F67                     BAUDCON1        equ	3943	;# 
   498   000F67                     BAUDCON         equ	3943	;# 
   499   000F68                     SSP1MSK         equ	3944	;# 
   500   000F69                     SSP1CON3        equ	3945	;# 
   501   000F6A                     TXBUF           equ	3946	;# 
   502   000F6B                     DMABCH          equ	3947	;# 
   503   000F6C                     DMABCL          equ	3948	;# 
   504   000F6D                     RXADDRH         equ	3949	;# 
   505   000F6E                     RXADDRL         equ	3950	;# 
   506   000F6F                     TXADDRH         equ	3951	;# 
   507   000F70                     TXADDRL         equ	3952	;# 
   508   000F71                     PORTVP          equ	3953	;# 
   509   000F72                     LATVP           equ	3954	;# 
   510   000F73                     TRISVP          equ	3955	;# 
   511   000F74                     UADDR           equ	3956	;# 
   512   000F75                     UCON            equ	3957	;# 
   513   000F76                     USTAT           equ	3958	;# 
   514   000F77                     UEIR            equ	3959	;# 
   515   000F78                     UIR             equ	3960	;# 
   516   000F79                     UFRM            equ	3961	;# 
   517   000F79                     UFRMH           equ	3961	;# 
   518   000F7A                     UFRML           equ	3962	;# 
   519   000F7B                     RCON4           equ	3963	;# 
   520   000F7C                     RCON3           equ	3964	;# 
   521   000F7D                     RCON2           equ	3965	;# 
   522   000F7E                     EECON2          equ	3966	;# 
   523   000F7F                     EECON1          equ	3967	;# 
   524   000F80                     PORTA           equ	3968	;# 
   525   000F81                     PORTB           equ	3969	;# 
   526   000F82                     PORTC           equ	3970	;# 
   527   000F83                     PORTD           equ	3971	;# 
   528   000F84                     PORTE           equ	3972	;# 
   529   000F85                     PORTF           equ	3973	;# 
   530   000F86                     PORTG           equ	3974	;# 
   531   000F87                     PORTH           equ	3975	;# 
   532   000F88                     PORTJ           equ	3976	;# 
   533   000F89                     LATA            equ	3977	;# 
   534   000F8A                     LATB            equ	3978	;# 
   535   000F8B                     LATC            equ	3979	;# 
   536   000F8C                     LATD            equ	3980	;# 
   537   000F8D                     LATE            equ	3981	;# 
   538   000F8E                     LATF            equ	3982	;# 
   539   000F8F                     LATG            equ	3983	;# 
   540   000F90                     LATH            equ	3984	;# 
   541   000F91                     LATJ            equ	3985	;# 
   542   000F92                     TRISA           equ	3986	;# 
   543   000F93                     TRISB           equ	3987	;# 
   544   000F94                     TRISC           equ	3988	;# 
   545   000F95                     TRISD           equ	3989	;# 
   546   000F96                     TRISE           equ	3990	;# 
   547   000F97                     TRISF           equ	3991	;# 
   548   000F98                     TRISG           equ	3992	;# 
   549   000F99                     TRISH           equ	3993	;# 
   550   000F9A                     TRISJ           equ	3994	;# 
   551   000F9B                     OSCTUNE         equ	3995	;# 
   552   000F9C                     PSTR1CON        equ	3996	;# 
   553   000F9D                     PIE1            equ	3997	;# 
   554   000F9E                     PIR1            equ	3998	;# 
   555   000F9F                     IPR1            equ	3999	;# 
   556   000FA0                     PIE2            equ	4000	;# 
   557   000FA1                     PIR2            equ	4001	;# 
   558   000FA2                     IPR2            equ	4002	;# 
   559   000FA3                     PIE3            equ	4003	;# 
   560   000FA4                     PIR3            equ	4004	;# 
   561   000FA5                     IPR3            equ	4005	;# 
   562   000FA6                     PIR6            equ	4006	;# 
   563   000FA7                     PSPCON          equ	4007	;# 
   564   000FA8                     HLVDCON         equ	4008	;# 
   565   000FA9                     IPR6            equ	4009	;# 
   566   000FAA                     T1GCON          equ	4010	;# 
   567   000FAB                     RCSTA1          equ	4011	;# 
   568   000FAB                     RCSTA           equ	4011	;# 
   569   000FAC                     TXSTA1          equ	4012	;# 
   570   000FAC                     TXSTA           equ	4012	;# 
   571   000FAD                     TXREG1          equ	4013	;# 
   572   000FAD                     TXREG           equ	4013	;# 
   573   000FAE                     RCREG1          equ	4014	;# 
   574   000FAE                     RCREG           equ	4014	;# 
   575   000FAF                     SPBRG1          equ	4015	;# 
   576   000FAF                     SPBRG           equ	4015	;# 
   577   000FB0                     T3GCON          equ	4016	;# 
   578   000FB1                     T3CON           equ	4017	;# 
   579   000FB2                     TMR3            equ	4018	;# 
   580   000FB2                     TMR3L           equ	4018	;# 
   581   000FB3                     TMR3H           equ	4019	;# 
   582   000FB4                     PIE4            equ	4020	;# 
   583   000FB5                     PIR4            equ	4021	;# 
   584   000FB6                     IPR4            equ	4022	;# 
   585   000FB7                     PIE5            equ	4023	;# 
   586   000FB8                     PIR5            equ	4024	;# 
   587   000FB9                     CCP1CON         equ	4025	;# 
   588   000FBA                     CCPR1           equ	4026	;# 
   589   000FBA                     CCPR1L          equ	4026	;# 
   590   000FBB                     CCPR1H          equ	4027	;# 
   591   000FBC                     ECCP1DEL        equ	4028	;# 
   592   000FBD                     ECCP1AS         equ	4029	;# 
   593   000FBE                     CVRCONL         equ	4030	;# 
   594   000FBF                     CVRCONH         equ	4031	;# 
   595   000FC0                     ADCON1L         equ	4032	;# 
   596   000FC1                     ADCON1H         equ	4033	;# 
   597   000FC2                     ADCBUF0         equ	4034	;# 
   598   000FC2                     ADCBUF0L        equ	4034	;# 
   599   000FC3                     ADCBUF0H        equ	4035	;# 
   600   000FC4                     CMSTAT          equ	4036	;# 
   601   000FC5                     SSP1CON2        equ	4037	;# 
   602   000FC6                     SSP1CON1        equ	4038	;# 
   603   000FC7                     SSP1STAT        equ	4039	;# 
   604   000FC8                     SSP1ADD         equ	4040	;# 
   605   000FC9                     SSP1BUF         equ	4041	;# 
   606   000FCA                     T2CON           equ	4042	;# 
   607   000FCB                     PR2             equ	4043	;# 
   608   000FCC                     TMR2            equ	4044	;# 
   609   000FCD                     T1CON           equ	4045	;# 
   610   000FCE                     TMR1            equ	4046	;# 
   611   000FCE                     TMR1L           equ	4046	;# 
   612   000FCF                     TMR1H           equ	4047	;# 
   613   000FD0                     RCON            equ	4048	;# 
   614   000FD1                     IOCF            equ	4049	;# 
   615   000FD2                     IPR5            equ	4050	;# 
   616   000FD3                     OSCCON          equ	4051	;# 
   617   000FD5                     T0CON           equ	4053	;# 
   618   000FD6                     TMR0            equ	4054	;# 
   619   000FD6                     TMR0L           equ	4054	;# 
   620   000FD7                     TMR0H           equ	4055	;# 
   621   000FD8                     STATUS          equ	4056	;# 
   622   000FD9                     FSR2            equ	4057	;# 
   623   000FD9                     FSR2L           equ	4057	;# 
   624   000FDA                     FSR2H           equ	4058	;# 
   625   000FDB                     PLUSW2          equ	4059	;# 
   626   000FDC                     PREINC2         equ	4060	;# 
   627   000FDD                     POSTDEC2        equ	4061	;# 
   628   000FDE                     POSTINC2        equ	4062	;# 
   629   000FDF                     INDF2           equ	4063	;# 
   630   000FE0                     BSR             equ	4064	;# 
   631   000FE1                     FSR1            equ	4065	;# 
   632   000FE1                     FSR1L           equ	4065	;# 
   633   000FE2                     FSR1H           equ	4066	;# 
   634   000FE3                     PLUSW1          equ	4067	;# 
   635   000FE4                     PREINC1         equ	4068	;# 
   636   000FE5                     POSTDEC1        equ	4069	;# 
   637   000FE6                     POSTINC1        equ	4070	;# 
   638   000FE7                     INDF1           equ	4071	;# 
   639   000FE8                     WREG            equ	4072	;# 
   640   000FE9                     FSR0            equ	4073	;# 
   641   000FE9                     FSR0L           equ	4073	;# 
   642   000FEA                     FSR0H           equ	4074	;# 
   643   000FEB                     PLUSW0          equ	4075	;# 
   644   000FEC                     PREINC0         equ	4076	;# 
   645   000FED                     POSTDEC0        equ	4077	;# 
   646   000FEE                     POSTINC0        equ	4078	;# 
   647   000FEF                     INDF0           equ	4079	;# 
   648   000FF0                     INTCON3         equ	4080	;# 
   649   000FF1                     INTCON2         equ	4081	;# 
   650   000FF2                     INTCON          equ	4082	;# 
   651   000FF3                     PROD            equ	4083	;# 
   652   000FF3                     PRODL           equ	4083	;# 
   653   000FF4                     PRODH           equ	4084	;# 
   654   000FF5                     TABLAT          equ	4085	;# 
   655   000FF6                     TBLPTR          equ	4086	;# 
   656   000FF6                     TBLPTRL         equ	4086	;# 
   657   000FF7                     TBLPTRH         equ	4087	;# 
   658   000FF8                     TBLPTRU         equ	4088	;# 
   659   000FF9                     PCLAT           equ	4089	;# 
   660   000FF9                     PC              equ	4089	;# 
   661   000FF9                     PCL             equ	4089	;# 
   662   000FFA                     PCLATH          equ	4090	;# 
   663   000FFB                     PCLATU          equ	4091	;# 
   664   000FFC                     STKPTR          equ	4092	;# 
   665   000FFD                     TOS             equ	4093	;# 
   666   000FFD                     TOSL            equ	4093	;# 
   667   000FFE                     TOSH            equ	4094	;# 
   668   000FFF                     TOSU            equ	4095	;# 
   669   000E87                     _ADCHS0Hbits    set	3719
   670   000E8A                     _ADCON3L        set	3722
   671   000E8B                     _ADCON3Hbits    set	3723
   672   000E47                     _ANCON1bits     set	3655
   673   000F03                     _SSP2BUF        set	3843
   674   000F18                     _SSP2CON2bits   set	3864
   675   000F19                     _SSP2CON1bits   set	3865
   676   000F18                     _SSP2CON2       set	3864
   677   000F19                     _SSP2CON1       set	3865
   678   000F02                     _SSP2ADD        set	3842
   679   000F1A                     _SSP2STATbits   set	3866
   680   000F1A                     _SSP2STAT       set	3866
   681   000FC2                     _ADCBUF0        set	4034
   682   000FC0                     _ADCON1Lbits    set	4032
   683   000FC1                     _ADCON1Hbits    set	4033
   684   000F92                     _TRISAbits      set	3986
   685   000F95                     _TRISDbits      set	3989
   686                           
   687                           ; #config settings
   688                           
   689                           	psect	cinit
   690   001B58                     __pcinit:
   691                           	callstack 0
   692   001B58                     start_initialization:
   693                           	callstack 0
   694   001B58                     __initialization:
   695                           	callstack 0
   696                           
   697                           ; Clear objects allocated to COMRAM (10 bytes)
   698   001B58  EE00  F047         	lfsr	0,__pbssCOMRAM
   699   001B5C  0E0A               	movlw	10
   700   001B5E                     clear_0:
   701   001B5E  6AEE               	clrf	postinc0,c
   702   001B60  06E8               	decf	wreg,f,c
   703   001B62  E1FD               	bnz	clear_0
   704   001B64                     end_of_initialization:
   705                           	callstack 0
   706   001B64                     __end_of__initialization:
   707                           	callstack 0
   708   001B64  0100               	movlb	0
   709   001B66  EFFA  F00C         	goto	_main	;jump to C main() function
   710                           
   711                           	psect	bssCOMRAM
   712   000047                     __pbssCOMRAM:
   713                           	callstack 0
   714   000047                     _voltage:
   715                           	callstack 0
   716   000047                     	ds	4
   717   00004B                     _vout_v:
   718                           	callstack 0
   719   00004B                     	ds	4
   720   00004F                     _adc_raw:
   721                           	callstack 0
   722   00004F                     	ds	2
   723                           
   724                           	psect	cstackCOMRAM
   725   000001                     __pcstackCOMRAM:
   726                           	callstack 0
   727   000001                     ?_ADC_Read:
   728                           	callstack 0
   729   000001                     ?___xxtofl:
   730                           	callstack 0
   731   000001                     I2C_write@data:
   732                           	callstack 0
   733   000001                     ___xxtofl@val:
   734                           	callstack 0
   735   000001                     ??_I2C_init:
   736   000001                     
   737                           ; 1 bytes @ 0x0
   738   000001                     	ds	1
   739   000002                     MCP4561_writeTCON@config:
   740                           	callstack 0
   741   000002                     ??_MCP4561_writeWiper:
   742   000002                     
   743                           ; 1 bytes @ 0x1
   744   000002                     	ds	1
   745   000003                     
   746                           ; 1 bytes @ 0x2
   747   000003                     	ds	1
   748   000004                     MCP4561_writeWiper@value:
   749                           	callstack 0
   750                           
   751                           ; 1 bytes @ 0x3
   752   000004                     	ds	1
   753   000005                     ??___xxtofl:
   754                           
   755                           ; 1 bytes @ 0x4
   756   000005                     	ds	4
   757   000009                     ___xxtofl@sign:
   758                           	callstack 0
   759                           
   760                           ; 1 bytes @ 0x8
   761   000009                     	ds	1
   762   00000A                     ___xxtofl@exp:
   763                           	callstack 0
   764                           
   765                           ; 1 bytes @ 0x9
   766   00000A                     	ds	1
   767   00000B                     ___xxtofl@arg:
   768                           	callstack 0
   769                           
   770                           ; 4 bytes @ 0xA
   771   00000B                     	ds	4
   772   00000F                     ?___fldiv:
   773                           	callstack 0
   774   00000F                     ___fldiv@b:
   775                           	callstack 0
   776                           
   777                           ; 4 bytes @ 0xE
   778   00000F                     	ds	4
   779   000013                     ___fldiv@a:
   780                           	callstack 0
   781                           
   782                           ; 4 bytes @ 0x12
   783   000013                     	ds	4
   784   000017                     ??___fldiv:
   785                           
   786                           ; 1 bytes @ 0x16
   787   000017                     	ds	4
   788   00001B                     ___fldiv@rem:
   789                           	callstack 0
   790                           
   791                           ; 4 bytes @ 0x1A
   792   00001B                     	ds	4
   793   00001F                     ___fldiv@sign:
   794                           	callstack 0
   795                           
   796                           ; 1 bytes @ 0x1E
   797   00001F                     	ds	1
   798   000020                     ___fldiv@new_exp:
   799                           	callstack 0
   800                           
   801                           ; 2 bytes @ 0x1F
   802   000020                     	ds	2
   803   000022                     ___fldiv@grs:
   804                           	callstack 0
   805                           
   806                           ; 4 bytes @ 0x21
   807   000022                     	ds	4
   808   000026                     ___fldiv@bexp:
   809                           	callstack 0
   810                           
   811                           ; 1 bytes @ 0x25
   812   000026                     	ds	1
   813   000027                     ___fldiv@aexp:
   814                           	callstack 0
   815                           
   816                           ; 1 bytes @ 0x26
   817   000027                     	ds	1
   818   000028                     ?___flmul:
   819                           	callstack 0
   820   000028                     ___flmul@b:
   821                           	callstack 0
   822                           
   823                           ; 4 bytes @ 0x27
   824   000028                     	ds	4
   825   00002C                     ___flmul@a:
   826                           	callstack 0
   827                           
   828                           ; 4 bytes @ 0x2B
   829   00002C                     	ds	4
   830   000030                     ??___flmul:
   831                           
   832                           ; 1 bytes @ 0x2F
   833   000030                     	ds	4
   834   000034                     ___flmul@sign:
   835                           	callstack 0
   836                           
   837                           ; 1 bytes @ 0x33
   838   000034                     	ds	1
   839   000035                     ___flmul@grs:
   840                           	callstack 0
   841                           
   842                           ; 4 bytes @ 0x34
   843   000035                     	ds	4
   844   000039                     ___flmul@aexp:
   845                           	callstack 0
   846                           
   847                           ; 1 bytes @ 0x38
   848   000039                     	ds	1
   849   00003A                     ___flmul@bexp:
   850                           	callstack 0
   851                           
   852                           ; 1 bytes @ 0x39
   853   00003A                     	ds	1
   854   00003B                     ___flmul@prod:
   855                           	callstack 0
   856                           
   857                           ; 4 bytes @ 0x3A
   858   00003B                     	ds	4
   859   00003F                     ___flmul@temp:
   860                           	callstack 0
   861                           
   862                           ; 2 bytes @ 0x3E
   863   00003F                     	ds	2
   864   000041                     ?_measure_once:
   865                           	callstack 0
   866                           
   867                           ; 4 bytes @ 0x40
   868   000041                     	ds	4
   869   000045                     ??_main:
   870                           
   871                           ; 1 bytes @ 0x44
   872   000045                     	ds	2
   873                           
   874 ;;
   875 ;;Main: autosize = 0, tempsize = 2, incstack = 0, save=0
   876 ;;
   877 ;; *************** function _main *****************
   878 ;; Defined at:
   879 ;;		line 275 in file "OPAMP.c"
   880 ;; Parameters:    Size  Location     Type
   881 ;;		None
   882 ;; Auto vars:     Size  Location     Type
   883 ;;		None
   884 ;; Return value:  Size  Location     Type
   885 ;;                  1    wreg      void 
   886 ;; Registers used:
   887 ;;		wreg, status,2, status,0, prodl, prodh, cstack
   888 ;; Tracked objects:
   889 ;;		On entry : 0/0
   890 ;;		On exit  : 0/0
   891 ;;		Unchanged: 0/0
   892 ;; Data sizes:     COMRAM   BANK0   BANK1   BANK2   BANK3   BANK4   BANK5   BANK6   BANK7   BANK8   BANK9  BANK10  BANK1
      +1  BANK12  BANK13
   893 ;;      Params:         0       0       0       0       0       0       0       0       0       0       0       0       
      +0       0       0
   894 ;;      Locals:         0       0       0       0       0       0       0       0       0       0       0       0       
      +0       0       0
   895 ;;      Temps:          2       0       0       0       0       0       0       0       0       0       0       0       
      +0       0       0
   896 ;;      Totals:         2       0       0       0       0       0       0       0       0       0       0       0       
      +0       0       0
   897 ;;Total ram usage:        2 bytes
   898 ;; Hardware stack levels required when called: 2
   899 ;; This function calls:
   900 ;;		_ADC_Init
   901 ;;		_I2C_init
   902 ;;		_MCP4561_writeTCON
   903 ;;		_MCP4561_writeWiper
   904 ;;		_measure_once
   905 ;; This function is called by:
   906 ;;		Startup code after reset
   907 ;; This function uses a non-reentrant model
   908 ;;
   909                           
   910                           	psect	text0
   911   0019F4                     __ptext0:
   912                           	callstack 0
   913   0019F4                     _main:
   914                           	callstack 29
   915   0019F4                     
   916                           ;OPAMP.c: 276:     I2C_init();
   917   0019F4  EC43  F00D         	call	_I2C_init	;wreg free
   918                           
   919                           ;OPAMP.c: 277:     ADC_Init();
   920   0019F8  EC6D  F00D         	call	_ADC_Init	;wreg free
   921                           
   922                           ;OPAMP.c: 279:     MCP4561_writeTCON(0x0F);
   923   0019FC  0E0F               	movlw	15
   924   0019FE  EC7D  F00D         	call	_MCP4561_writeTCON
   925                           
   926                           ;OPAMP.c: 280:     MCP4561_writeWiper(0x8A);
   927   001A02  0E8A               	movlw	138
   928   001A04  EC28  F00D         	call	_MCP4561_writeWiper
   929   001A08                     
   930                           ;OPAMP.c: 282:     _delay((unsigned long)((500)*(16000000UL/4000.0)));
   931   001A08  0E0B               	movlw	11
   932   001A0A  6E46               	movwf	(??_main+1)^0,c
   933   001A0C  0E26               	movlw	38
   934   001A0E  6E45               	movwf	??_main^0,c
   935   001A10  0E5E               	movlw	94
   936   001A12                     u1137:
   937   001A12  2EE8               	decfsz	wreg,f,c
   938   001A14  D7FE               	bra	u1137
   939   001A16  2E45               	decfsz	??_main^0,f,c
   940   001A18  D7FC               	bra	u1137
   941   001A1A  2E46               	decfsz	(??_main+1)^0,f,c
   942   001A1C  D7FA               	bra	u1137
   943   001A1E                     
   944                           ;OPAMP.c: 284:     voltage = measure_once();
   945   001A1E  ECB6  F00C         	call	_measure_once	;wreg free
   946   001A22  C041  F047         	movff	?_measure_once,_voltage
   947   001A26  C042  F048         	movff	?_measure_once+1,_voltage+1
   948   001A2A  C043  F049         	movff	?_measure_once+2,_voltage+2
   949   001A2E  C044  F04A         	movff	?_measure_once+3,_voltage+3
   950   001A32                     l1527:
   951                           
   952                           ;OPAMP.c: 288:         _delay((unsigned long)((500)*(16000000UL/4000.0)));
   953   001A32  0E0B               	movlw	11
   954   001A34  6E46               	movwf	(??_main+1)^0,c
   955   001A36  0E26               	movlw	38
   956   001A38  6E45               	movwf	??_main^0,c
   957   001A3A  0E5E               	movlw	94
   958   001A3C                     u1147:
   959   001A3C  2EE8               	decfsz	wreg,f,c
   960   001A3E  D7FE               	bra	u1147
   961   001A40  2E45               	decfsz	??_main^0,f,c
   962   001A42  D7FC               	bra	u1147
   963   001A44  2E46               	decfsz	(??_main+1)^0,f,c
   964   001A46  D7FA               	bra	u1147
   965   001A48  EF19  F00D         	goto	l1527
   966   001A4C  EFF6  F0FF         	goto	start
   967   001A50                     __end_of_main:
   968                           	callstack 0
   969                           
   970 ;; *************** function _measure_once *****************
   971 ;; Defined at:
   972 ;;		line 266 in file "OPAMP.c"
   973 ;; Parameters:    Size  Location     Type
   974 ;;		None
   975 ;; Auto vars:     Size  Location     Type
   976 ;;		None
   977 ;; Return value:  Size  Location     Type
   978 ;;                  4   64[COMRAM] float 
   979 ;; Registers used:
   980 ;;		wreg, status,2, status,0, prodl, prodh, cstack
   981 ;; Tracked objects:
   982 ;;		On entry : 0/0
   983 ;;		On exit  : 0/0
   984 ;;		Unchanged: 0/0
   985 ;; Data sizes:     COMRAM   BANK0   BANK1   BANK2   BANK3   BANK4   BANK5   BANK6   BANK7   BANK8   BANK9  BANK10  BANK1
      +1  BANK12  BANK13
   986 ;;      Params:         4       0       0       0       0       0       0       0       0       0       0       0       
      +0       0       0
   987 ;;      Locals:         0       0       0       0       0       0       0       0       0       0       0       0       
      +0       0       0
   988 ;;      Temps:          0       0       0       0       0       0       0       0       0       0       0       0       
      +0       0       0
   989 ;;      Totals:         4       0       0       0       0       0       0       0       0       0       0       0       
      +0       0       0
   990 ;;Total ram usage:        4 bytes
   991 ;; Hardware stack levels used: 1
   992 ;; Hardware stack levels required when called: 1
   993 ;; This function calls:
   994 ;;		_ADC_Read
   995 ;;		___fldiv
   996 ;;		___flmul
   997 ;;		___xxtofl
   998 ;; This function is called by:
   999 ;;		_main
  1000 ;; This function uses a non-reentrant model
  1001 ;;
  1002                           
  1003                           	psect	text1
  1004   00196C                     __ptext1:
  1005                           	callstack 0
  1006   00196C                     _measure_once:
  1007                           	callstack 29
  1008   00196C                     
  1009                           ;OPAMP.c: 267:     adc_raw = ADC_Read();
  1010   00196C  EC5B  F00D         	call	_ADC_Read	;wreg free
  1011   001970  C001  F04F         	movff	?_ADC_Read,_adc_raw
  1012   001974  C002  F050         	movff	?_ADC_Read+1,_adc_raw+1
  1013   001978                     
  1014                           ;OPAMP.c: 268:     vout_v = ((float) adc_raw / 1023.0f) * 3.3f;
  1015   001978  0E00               	movlw	0
  1016   00197A  6E13               	movwf	___fldiv@a^0,c
  1017   00197C  0EC0               	movlw	192
  1018   00197E  6E14               	movwf	(___fldiv@a+1)^0,c
  1019   001980  0E7F               	movlw	127
  1020   001982  6E15               	movwf	(___fldiv@a+2)^0,c
  1021   001984  0E44               	movlw	68
  1022   001986  6E16               	movwf	(___fldiv@a+3)^0,c
  1023   001988  C04F  F001         	movff	_adc_raw,___xxtofl@val
  1024   00198C  C050  F002         	movff	_adc_raw+1,___xxtofl@val+1
  1025   001990  6A03               	clrf	(___xxtofl@val+2)^0,c
  1026   001992  6A04               	clrf	(___xxtofl@val+3)^0,c
  1027   001994  0E00               	movlw	0
  1028   001996  ECDC  F00B         	call	___xxtofl
  1029   00199A  C001  F00F         	movff	?___xxtofl,___fldiv@b
  1030   00199E  C002  F010         	movff	?___xxtofl+1,___fldiv@b+1
  1031   0019A2  C003  F011         	movff	?___xxtofl+2,___fldiv@b+2
  1032   0019A6  C004  F012         	movff	?___xxtofl+3,___fldiv@b+3
  1033   0019AA  EC14  F00A         	call	___fldiv	;wreg free
  1034   0019AE  C00F  F028         	movff	?___fldiv,___flmul@b
  1035   0019B2  C010  F029         	movff	?___fldiv+1,___flmul@b+1
  1036   0019B6  C011  F02A         	movff	?___fldiv+2,___flmul@b+2
  1037   0019BA  C012  F02B         	movff	?___fldiv+3,___flmul@b+3
  1038   0019BE  0E33               	movlw	51
  1039   0019C0  6E2C               	movwf	___flmul@a^0,c
  1040   0019C2  0E33               	movlw	51
  1041   0019C4  6E2D               	movwf	(___flmul@a+1)^0,c
  1042   0019C6  0E53               	movlw	83
  1043   0019C8  6E2E               	movwf	(___flmul@a+2)^0,c
  1044   0019CA  0E40               	movlw	64
  1045   0019CC  6E2F               	movwf	(___flmul@a+3)^0,c
  1046   0019CE  EC01  F008         	call	___flmul	;wreg free
  1047   0019D2  C028  F04B         	movff	?___flmul,_vout_v
  1048   0019D6  C029  F04C         	movff	?___flmul+1,_vout_v+1
  1049   0019DA  C02A  F04D         	movff	?___flmul+2,_vout_v+2
  1050   0019DE  C02B  F04E         	movff	?___flmul+3,_vout_v+3
  1051   0019E2                     
  1052                           ;OPAMP.c: 269:     return vout_v;
  1053   0019E2  C04B  F041         	movff	_vout_v,?_measure_once
  1054   0019E6  C04C  F042         	movff	_vout_v+1,?_measure_once+1
  1055   0019EA  C04D  F043         	movff	_vout_v+2,?_measure_once+2
  1056   0019EE  C04E  F044         	movff	_vout_v+3,?_measure_once+3
  1057   0019F2  0012               	return		;funcret
  1058   0019F4                     __end_of_measure_once:
  1059                           	callstack 0
  1060                           
  1061 ;; *************** function ___xxtofl *****************
  1062 ;; Defined at:
  1063 ;;		line 10 in file "C:\Program Files\Microchip\xc8\v3.00\pic\sources\c99\common\xxtofl.c"
  1064 ;; Parameters:    Size  Location     Type
  1065 ;;  sign            1    wreg     unsigned char 
  1066 ;;  val             4    0[COMRAM] long 
  1067 ;; Auto vars:     Size  Location     Type
  1068 ;;  sign            1    8[COMRAM] unsigned char 
  1069 ;;  arg             4   10[COMRAM] unsigned long 
  1070 ;;  exp             1    9[COMRAM] unsigned char 
  1071 ;; Return value:  Size  Location     Type
  1072 ;;                  4    0[COMRAM] unsigned char 
  1073 ;; Registers used:
  1074 ;;		wreg, status,2, status,0
  1075 ;; Tracked objects:
  1076 ;;		On entry : 0/0
  1077 ;;		On exit  : 0/0
  1078 ;;		Unchanged: 0/0
  1079 ;; Data sizes:     COMRAM   BANK0   BANK1   BANK2   BANK3   BANK4   BANK5   BANK6   BANK7   BANK8   BANK9  BANK10  BANK1
      +1  BANK12  BANK13
  1080 ;;      Params:         4       0       0       0       0       0       0       0       0       0       0       0       
      +0       0       0
  1081 ;;      Locals:         6       0       0       0       0       0       0       0       0       0       0       0       
      +0       0       0
  1082 ;;      Temps:          4       0       0       0       0       0       0       0       0       0       0       0       
      +0       0       0
  1083 ;;      Totals:        14       0       0       0       0       0       0       0       0       0       0       0       
      +0       0       0
  1084 ;;Total ram usage:       14 bytes
  1085 ;; Hardware stack levels used: 1
  1086 ;; This function calls:
  1087 ;;		Nothing
  1088 ;; This function is called by:
  1089 ;;		_measure_once
  1090 ;; This function uses a non-reentrant model
  1091 ;;
  1092                           
  1093                           	psect	text2
  1094   0017B8                     __ptext2:
  1095                           	callstack 0
  1096   0017B8                     ___xxtofl:
  1097                           	callstack 29
  1098                           
  1099                           ;incstack = 0
  1100                           ;___xxtofl@sign stored from wreg
  1101   0017B8  6E09               	movwf	___xxtofl@sign^0,c
  1102   0017BA  5009               	movf	___xxtofl@sign^0,w,c
  1103   0017BC  B4D8               	btfsc	status,2,c
  1104   0017BE  EFE3  F00B         	goto	u1031
  1105   0017C2  EFE5  F00B         	goto	u1030
  1106   0017C6                     u1031:
  1107   0017C6  EF07  F00C         	goto	l765
  1108   0017CA                     u1030:
  1109   0017CA  BE04               	btfsc	(___xxtofl@val+3)^0,7,c
  1110   0017CC  EFEC  F00B         	goto	u1040
  1111   0017D0  EFEA  F00B         	goto	u1041
  1112   0017D4                     u1041:
  1113   0017D4  EF07  F00C         	goto	l765
  1114   0017D8                     u1040:
  1115   0017D8  C001  F005         	movff	___xxtofl@val,??___xxtofl
  1116   0017DC  C002  F006         	movff	___xxtofl@val+1,??___xxtofl+1
  1117   0017E0  C003  F007         	movff	___xxtofl@val+2,??___xxtofl+2
  1118   0017E4  C004  F008         	movff	___xxtofl@val+3,??___xxtofl+3
  1119   0017E8  1E05               	comf	??___xxtofl^0,f,c
  1120   0017EA  1E06               	comf	(??___xxtofl+1)^0,f,c
  1121   0017EC  1E07               	comf	(??___xxtofl+2)^0,f,c
  1122   0017EE  1E08               	comf	(??___xxtofl+3)^0,f,c
  1123   0017F0  2A05               	incf	??___xxtofl^0,f,c
  1124   0017F2  0E00               	movlw	0
  1125   0017F4  2206               	addwfc	(??___xxtofl+1)^0,f,c
  1126   0017F6  2207               	addwfc	(??___xxtofl+2)^0,f,c
  1127   0017F8  2208               	addwfc	(??___xxtofl+3)^0,f,c
  1128   0017FA  C005  F00B         	movff	??___xxtofl,___xxtofl@arg
  1129   0017FE  C006  F00C         	movff	??___xxtofl+1,___xxtofl@arg+1
  1130   001802  C007  F00D         	movff	??___xxtofl+2,___xxtofl@arg+2
  1131   001806  C008  F00E         	movff	??___xxtofl+3,___xxtofl@arg+3
  1132   00180A  EF0F  F00C         	goto	l1473
  1133   00180E                     l765:
  1134   00180E  C001  F00B         	movff	___xxtofl@val,___xxtofl@arg
  1135   001812  C002  F00C         	movff	___xxtofl@val+1,___xxtofl@arg+1
  1136   001816  C003  F00D         	movff	___xxtofl@val+2,___xxtofl@arg+2
  1137   00181A  C004  F00E         	movff	___xxtofl@val+3,___xxtofl@arg+3
  1138   00181E                     l1473:
  1139   00181E  5001               	movf	___xxtofl@val^0,w,c
  1140   001820  1002               	iorwf	(___xxtofl@val+1)^0,w,c
  1141   001822  1003               	iorwf	(___xxtofl@val+2)^0,w,c
  1142   001824  1004               	iorwf	(___xxtofl@val+3)^0,w,c
  1143   001826  A4D8               	btfss	status,2,c
  1144   001828  EF18  F00C         	goto	u1051
  1145   00182C  EF1A  F00C         	goto	u1050
  1146   001830                     u1051:
  1147   001830  EF24  F00C         	goto	l1479
  1148   001834                     u1050:
  1149   001834  0E00               	movlw	0
  1150   001836  6E01               	movwf	?___xxtofl^0,c
  1151   001838  0E00               	movlw	0
  1152   00183A  6E02               	movwf	(?___xxtofl+1)^0,c
  1153   00183C  0E00               	movlw	0
  1154   00183E  6E03               	movwf	(?___xxtofl+2)^0,c
  1155   001840  0E00               	movlw	0
  1156   001842  6E04               	movwf	(?___xxtofl+3)^0,c
  1157   001844  EFB5  F00C         	goto	l768
  1158   001848                     l1479:
  1159   001848  0E96               	movlw	150
  1160   00184A  6E0A               	movwf	___xxtofl@exp^0,c
  1161   00184C  EF2E  F00C         	goto	l1483
  1162   001850                     l1481:
  1163   001850  2A0A               	incf	___xxtofl@exp^0,f,c
  1164   001852  90D8               	bcf	status,0,c
  1165   001854  320E               	rrcf	(___xxtofl@arg+3)^0,f,c
  1166   001856  320D               	rrcf	(___xxtofl@arg+2)^0,f,c
  1167   001858  320C               	rrcf	(___xxtofl@arg+1)^0,f,c
  1168   00185A  320B               	rrcf	___xxtofl@arg^0,f,c
  1169   00185C                     l1483:
  1170   00185C  0E00               	movlw	0
  1171   00185E  140B               	andwf	___xxtofl@arg^0,w,c
  1172   001860  6E05               	movwf	??___xxtofl^0,c
  1173   001862  0E00               	movlw	0
  1174   001864  140C               	andwf	(___xxtofl@arg+1)^0,w,c
  1175   001866  6E06               	movwf	(??___xxtofl+1)^0,c
  1176   001868  0E00               	movlw	0
  1177   00186A  140D               	andwf	(___xxtofl@arg+2)^0,w,c
  1178   00186C  6E07               	movwf	(??___xxtofl+2)^0,c
  1179   00186E  0EFE               	movlw	254
  1180   001870  140E               	andwf	(___xxtofl@arg+3)^0,w,c
  1181   001872  6E08               	movwf	(??___xxtofl+3)^0,c
  1182   001874  5005               	movf	??___xxtofl^0,w,c
  1183   001876  1006               	iorwf	(??___xxtofl+1)^0,w,c
  1184   001878  1007               	iorwf	(??___xxtofl+2)^0,w,c
  1185   00187A  1008               	iorwf	(??___xxtofl+3)^0,w,c
  1186   00187C  A4D8               	btfss	status,2,c
  1187   00187E  EF43  F00C         	goto	u1061
  1188   001882  EF45  F00C         	goto	u1060
  1189   001886                     u1061:
  1190   001886  EF28  F00C         	goto	l1481
  1191   00188A                     u1060:
  1192   00188A  EF53  F00C         	goto	l772
  1193   00188E                     l1485:
  1194   00188E  2A0A               	incf	___xxtofl@exp^0,f,c
  1195   001890  0E01               	movlw	1
  1196   001892  260B               	addwf	___xxtofl@arg^0,f,c
  1197   001894  0E00               	movlw	0
  1198   001896  220C               	addwfc	(___xxtofl@arg+1)^0,f,c
  1199   001898  220D               	addwfc	(___xxtofl@arg+2)^0,f,c
  1200   00189A  220E               	addwfc	(___xxtofl@arg+3)^0,f,c
  1201   00189C  90D8               	bcf	status,0,c
  1202   00189E  320E               	rrcf	(___xxtofl@arg+3)^0,f,c
  1203   0018A0  320D               	rrcf	(___xxtofl@arg+2)^0,f,c
  1204   0018A2  320C               	rrcf	(___xxtofl@arg+1)^0,f,c
  1205   0018A4  320B               	rrcf	___xxtofl@arg^0,f,c
  1206   0018A6                     l772:
  1207   0018A6  0E00               	movlw	0
  1208   0018A8  140B               	andwf	___xxtofl@arg^0,w,c
  1209   0018AA  6E05               	movwf	??___xxtofl^0,c
  1210   0018AC  0E00               	movlw	0
  1211   0018AE  140C               	andwf	(___xxtofl@arg+1)^0,w,c
  1212   0018B0  6E06               	movwf	(??___xxtofl+1)^0,c
  1213   0018B2  0E00               	movlw	0
  1214   0018B4  140D               	andwf	(___xxtofl@arg+2)^0,w,c
  1215   0018B6  6E07               	movwf	(??___xxtofl+2)^0,c
  1216   0018B8  0EFF               	movlw	255
  1217   0018BA  140E               	andwf	(___xxtofl@arg+3)^0,w,c
  1218   0018BC  6E08               	movwf	(??___xxtofl+3)^0,c
  1219   0018BE  5005               	movf	??___xxtofl^0,w,c
  1220   0018C0  1006               	iorwf	(??___xxtofl+1)^0,w,c
  1221   0018C2  1007               	iorwf	(??___xxtofl+2)^0,w,c
  1222   0018C4  1008               	iorwf	(??___xxtofl+3)^0,w,c
  1223   0018C6  A4D8               	btfss	status,2,c
  1224   0018C8  EF68  F00C         	goto	u1071
  1225   0018CC  EF6A  F00C         	goto	u1070
  1226   0018D0                     u1071:
  1227   0018D0  EF47  F00C         	goto	l1485
  1228   0018D4                     u1070:
  1229   0018D4  EF72  F00C         	goto	l1493
  1230   0018D8                     l1491:
  1231   0018D8  060A               	decf	___xxtofl@exp^0,f,c
  1232   0018DA  90D8               	bcf	status,0,c
  1233   0018DC  360B               	rlcf	___xxtofl@arg^0,f,c
  1234   0018DE  360C               	rlcf	(___xxtofl@arg+1)^0,f,c
  1235   0018E0  360D               	rlcf	(___xxtofl@arg+2)^0,f,c
  1236   0018E2  360E               	rlcf	(___xxtofl@arg+3)^0,f,c
  1237   0018E4                     l1493:
  1238   0018E4  BE0D               	btfsc	(___xxtofl@arg+2)^0,7,c
  1239   0018E6  EF77  F00C         	goto	u1081
  1240   0018EA  EF79  F00C         	goto	u1080
  1241   0018EE                     u1081:
  1242   0018EE  EF81  F00C         	goto	l779
  1243   0018F2                     u1080:
  1244   0018F2  0E02               	movlw	2
  1245   0018F4  600A               	cpfslt	___xxtofl@exp^0,c
  1246   0018F6  EF7F  F00C         	goto	u1091
  1247   0018FA  EF81  F00C         	goto	u1090
  1248   0018FE                     u1091:
  1249   0018FE  EF6C  F00C         	goto	l1491
  1250   001902                     u1090:
  1251   001902                     l779:
  1252   001902  B00A               	btfsc	___xxtofl@exp^0,0,c
  1253   001904  EF86  F00C         	goto	u1101
  1254   001908  EF88  F00C         	goto	u1100
  1255   00190C                     u1101:
  1256   00190C  EF89  F00C         	goto	l1499
  1257   001910                     u1100:
  1258   001910  9E0D               	bcf	(___xxtofl@arg+2)^0,7,c
  1259   001912                     l1499:
  1260   001912  90D8               	bcf	status,0,c
  1261   001914  320A               	rrcf	___xxtofl@exp^0,f,c
  1262   001916  C00A  F005         	movff	___xxtofl@exp,??___xxtofl
  1263   00191A  6A06               	clrf	(??___xxtofl+1)^0,c
  1264   00191C  6A07               	clrf	(??___xxtofl+2)^0,c
  1265   00191E  6A08               	clrf	(??___xxtofl+3)^0,c
  1266   001920  C005  F008         	movff	??___xxtofl,??___xxtofl+3
  1267   001924  6A07               	clrf	(??___xxtofl+2)^0,c
  1268   001926  6A06               	clrf	(??___xxtofl+1)^0,c
  1269   001928  6A05               	clrf	??___xxtofl^0,c
  1270   00192A  5005               	movf	??___xxtofl^0,w,c
  1271   00192C  120B               	iorwf	___xxtofl@arg^0,f,c
  1272   00192E  5006               	movf	(??___xxtofl+1)^0,w,c
  1273   001930  120C               	iorwf	(___xxtofl@arg+1)^0,f,c
  1274   001932  5007               	movf	(??___xxtofl+2)^0,w,c
  1275   001934  120D               	iorwf	(___xxtofl@arg+2)^0,f,c
  1276   001936  5008               	movf	(??___xxtofl+3)^0,w,c
  1277   001938  120E               	iorwf	(___xxtofl@arg+3)^0,f,c
  1278   00193A  5009               	movf	___xxtofl@sign^0,w,c
  1279   00193C  B4D8               	btfsc	status,2,c
  1280   00193E  EFA3  F00C         	goto	u1111
  1281   001942  EFA5  F00C         	goto	u1110
  1282   001946                     u1111:
  1283   001946  EFAD  F00C         	goto	l1509
  1284   00194A                     u1110:
  1285   00194A  BE04               	btfsc	(___xxtofl@val+3)^0,7,c
  1286   00194C  EFAC  F00C         	goto	u1120
  1287   001950  EFAA  F00C         	goto	u1121
  1288   001954                     u1121:
  1289   001954  EFAD  F00C         	goto	l1509
  1290   001958                     u1120:
  1291   001958  8E0E               	bsf	(___xxtofl@arg+3)^0,7,c
  1292   00195A                     l1509:
  1293   00195A  C00B  F001         	movff	___xxtofl@arg,?___xxtofl
  1294   00195E  C00C  F002         	movff	___xxtofl@arg+1,?___xxtofl+1
  1295   001962  C00D  F003         	movff	___xxtofl@arg+2,?___xxtofl+2
  1296   001966  C00E  F004         	movff	___xxtofl@arg+3,?___xxtofl+3
  1297   00196A                     l768:
  1298   00196A  0012               	return		;funcret
  1299   00196C                     __end_of___xxtofl:
  1300                           	callstack 0
  1301                           
  1302 ;; *************** function ___flmul *****************
  1303 ;; Defined at:
  1304 ;;		line 8 in file "C:\Program Files\Microchip\xc8\v3.00\pic\sources\c99\common\sprcmul.c"
  1305 ;; Parameters:    Size  Location     Type
  1306 ;;  b               4   39[COMRAM] unsigned char 
  1307 ;;  a               4   43[COMRAM] unsigned char 
  1308 ;; Auto vars:     Size  Location     Type
  1309 ;;  prod            4   58[COMRAM] struct .
  1310 ;;  grs             4   52[COMRAM] unsigned long 
  1311 ;;  temp            2   62[COMRAM] struct .
  1312 ;;  bexp            1   57[COMRAM] unsigned char 
  1313 ;;  aexp            1   56[COMRAM] unsigned char 
  1314 ;;  sign            1   51[COMRAM] unsigned char 
  1315 ;; Return value:  Size  Location     Type
  1316 ;;                  4   39[COMRAM] unsigned char 
  1317 ;; Registers used:
  1318 ;;		wreg, status,2, status,0, prodl, prodh
  1319 ;; Tracked objects:
  1320 ;;		On entry : 0/0
  1321 ;;		On exit  : 0/0
  1322 ;;		Unchanged: 0/0
  1323 ;; Data sizes:     COMRAM   BANK0   BANK1   BANK2   BANK3   BANK4   BANK5   BANK6   BANK7   BANK8   BANK9  BANK10  BANK1
      +1  BANK12  BANK13
  1324 ;;      Params:         8       0       0       0       0       0       0       0       0       0       0       0       
      +0       0       0
  1325 ;;      Locals:        13       0       0       0       0       0       0       0       0       0       0       0       
      +0       0       0
  1326 ;;      Temps:          4       0       0       0       0       0       0       0       0       0       0       0       
      +0       0       0
  1327 ;;      Totals:        25       0       0       0       0       0       0       0       0       0       0       0       
      +0       0       0
  1328 ;;Total ram usage:       25 bytes
  1329 ;; Hardware stack levels used: 1
  1330 ;; This function calls:
  1331 ;;		Nothing
  1332 ;; This function is called by:
  1333 ;;		_measure_once
  1334 ;; This function uses a non-reentrant model
  1335 ;;
  1336                           
  1337                           	psect	text3
  1338   001002                     __ptext3:
  1339                           	callstack 0
  1340   001002                     ___flmul:
  1341                           	callstack 29
  1342   001002  502B               	movf	(___flmul@b+3)^0,w,c
  1343   001004  0B80               	andlw	128
  1344   001006  6E34               	movwf	___flmul@sign^0,c
  1345   001008  502B               	movf	(___flmul@b+3)^0,w,c
  1346   00100A  242B               	addwf	(___flmul@b+3)^0,w,c
  1347   00100C  6E3A               	movwf	___flmul@bexp^0,c
  1348   00100E  AE2A               	btfss	(___flmul@b+2)^0,7,c
  1349   001010  EF0C  F008         	goto	u841
  1350   001014  EF0E  F008         	goto	u840
  1351   001018                     u841:
  1352   001018  EF0F  F008         	goto	l1345
  1353   00101C                     u840:
  1354   00101C  803A               	bsf	___flmul@bexp^0,0,c
  1355   00101E                     l1345:
  1356   00101E  503A               	movf	___flmul@bexp^0,w,c
  1357   001020  B4D8               	btfsc	status,2,c
  1358   001022  EF15  F008         	goto	u851
  1359   001026  EF17  F008         	goto	u850
  1360   00102A                     u851:
  1361   00102A  EF2A  F008         	goto	l1353
  1362   00102E                     u850:
  1363   00102E  283A               	incf	___flmul@bexp^0,w,c
  1364   001030  A4D8               	btfss	status,2,c
  1365   001032  EF1D  F008         	goto	u861
  1366   001036  EF1F  F008         	goto	u860
  1367   00103A                     u861:
  1368   00103A  EF27  F008         	goto	l1351
  1369   00103E                     u860:
  1370   00103E  0E00               	movlw	0
  1371   001040  6E28               	movwf	___flmul@b^0,c
  1372   001042  0E00               	movlw	0
  1373   001044  6E29               	movwf	(___flmul@b+1)^0,c
  1374   001046  0E00               	movlw	0
  1375   001048  6E2A               	movwf	(___flmul@b+2)^0,c
  1376   00104A  0E00               	movlw	0
  1377   00104C  6E2B               	movwf	(___flmul@b+3)^0,c
  1378   00104E                     l1351:
  1379   00104E  8E2A               	bsf	(___flmul@b+2)^0,7,c
  1380   001050  EF32  F008         	goto	l1355
  1381   001054                     l1353:
  1382   001054  0E00               	movlw	0
  1383   001056  6E28               	movwf	___flmul@b^0,c
  1384   001058  0E00               	movlw	0
  1385   00105A  6E29               	movwf	(___flmul@b+1)^0,c
  1386   00105C  0E00               	movlw	0
  1387   00105E  6E2A               	movwf	(___flmul@b+2)^0,c
  1388   001060  0E00               	movlw	0
  1389   001062  6E2B               	movwf	(___flmul@b+3)^0,c
  1390   001064                     l1355:
  1391   001064  502F               	movf	(___flmul@a+3)^0,w,c
  1392   001066  0B80               	andlw	128
  1393   001068  1A34               	xorwf	___flmul@sign^0,f,c
  1394   00106A  502F               	movf	(___flmul@a+3)^0,w,c
  1395   00106C  242F               	addwf	(___flmul@a+3)^0,w,c
  1396   00106E  6E39               	movwf	___flmul@aexp^0,c
  1397   001070  AE2E               	btfss	(___flmul@a+2)^0,7,c
  1398   001072  EF3D  F008         	goto	u871
  1399   001076  EF3F  F008         	goto	u870
  1400   00107A                     u871:
  1401   00107A  EF40  F008         	goto	l1363
  1402   00107E                     u870:
  1403   00107E  8039               	bsf	___flmul@aexp^0,0,c
  1404   001080                     l1363:
  1405   001080  5039               	movf	___flmul@aexp^0,w,c
  1406   001082  B4D8               	btfsc	status,2,c
  1407   001084  EF46  F008         	goto	u881
  1408   001088  EF48  F008         	goto	u880
  1409   00108C                     u881:
  1410   00108C  EF5B  F008         	goto	l1371
  1411   001090                     u880:
  1412   001090  2839               	incf	___flmul@aexp^0,w,c
  1413   001092  A4D8               	btfss	status,2,c
  1414   001094  EF4E  F008         	goto	u891
  1415   001098  EF50  F008         	goto	u890
  1416   00109C                     u891:
  1417   00109C  EF58  F008         	goto	l1369
  1418   0010A0                     u890:
  1419   0010A0  0E00               	movlw	0
  1420   0010A2  6E2C               	movwf	___flmul@a^0,c
  1421   0010A4  0E00               	movlw	0
  1422   0010A6  6E2D               	movwf	(___flmul@a+1)^0,c
  1423   0010A8  0E00               	movlw	0
  1424   0010AA  6E2E               	movwf	(___flmul@a+2)^0,c
  1425   0010AC  0E00               	movlw	0
  1426   0010AE  6E2F               	movwf	(___flmul@a+3)^0,c
  1427   0010B0                     l1369:
  1428   0010B0  8E2E               	bsf	(___flmul@a+2)^0,7,c
  1429   0010B2  EF63  F008         	goto	l724
  1430   0010B6                     l1371:
  1431   0010B6  0E00               	movlw	0
  1432   0010B8  6E2C               	movwf	___flmul@a^0,c
  1433   0010BA  0E00               	movlw	0
  1434   0010BC  6E2D               	movwf	(___flmul@a+1)^0,c
  1435   0010BE  0E00               	movlw	0
  1436   0010C0  6E2E               	movwf	(___flmul@a+2)^0,c
  1437   0010C2  0E00               	movlw	0
  1438   0010C4  6E2F               	movwf	(___flmul@a+3)^0,c
  1439   0010C6                     l724:
  1440   0010C6  5039               	movf	___flmul@aexp^0,w,c
  1441   0010C8  B4D8               	btfsc	status,2,c
  1442   0010CA  EF69  F008         	goto	u901
  1443   0010CE  EF6B  F008         	goto	u900
  1444   0010D2                     u901:
  1445   0010D2  EF73  F008         	goto	l1375
  1446   0010D6                     u900:
  1447   0010D6  503A               	movf	___flmul@bexp^0,w,c
  1448   0010D8  A4D8               	btfss	status,2,c
  1449   0010DA  EF71  F008         	goto	u911
  1450   0010DE  EF73  F008         	goto	u910
  1451   0010E2                     u911:
  1452   0010E2  EF7D  F008         	goto	l1379
  1453   0010E6                     u910:
  1454   0010E6                     l1375:
  1455   0010E6  0E00               	movlw	0
  1456   0010E8  6E28               	movwf	?___flmul^0,c
  1457   0010EA  0E00               	movlw	0
  1458   0010EC  6E29               	movwf	(?___flmul+1)^0,c
  1459   0010EE  0E00               	movlw	0
  1460   0010F0  6E2A               	movwf	(?___flmul+2)^0,c
  1461   0010F2  0E00               	movlw	0
  1462   0010F4  6E2B               	movwf	(?___flmul+3)^0,c
  1463   0010F6  EF13  F00A         	goto	l728
  1464   0010FA                     l1379:
  1465   0010FA  502E               	movf	(___flmul@a+2)^0,w,c
  1466   0010FC  0228               	mulwf	___flmul@b^0,c
  1467   0010FE  CFF3 F03F          	movff	prodl,___flmul@temp
  1468   001102  CFF4 F040          	movff	prodh,___flmul@temp+1
  1469   001106  503F               	movf	___flmul@temp^0,w,c
  1470   001108  6E35               	movwf	___flmul@grs^0,c
  1471   00110A  6A36               	clrf	(___flmul@grs+1)^0,c
  1472   00110C  6A37               	clrf	(___flmul@grs+2)^0,c
  1473   00110E  6A38               	clrf	(___flmul@grs+3)^0,c
  1474   001110  5040               	movf	(___flmul@temp+1)^0,w,c
  1475   001112  6E3B               	movwf	___flmul@prod^0,c
  1476   001114  6A3C               	clrf	(___flmul@prod+1)^0,c
  1477   001116  6A3D               	clrf	(___flmul@prod+2)^0,c
  1478   001118  6A3E               	clrf	(___flmul@prod+3)^0,c
  1479   00111A  502D               	movf	(___flmul@a+1)^0,w,c
  1480   00111C  0229               	mulwf	(___flmul@b+1)^0,c
  1481   00111E  CFF3 F03F          	movff	prodl,___flmul@temp
  1482   001122  CFF4 F040          	movff	prodh,___flmul@temp+1
  1483   001126  503F               	movf	___flmul@temp^0,w,c
  1484   001128  2635               	addwf	___flmul@grs^0,f,c
  1485   00112A  0E00               	movlw	0
  1486   00112C  2236               	addwfc	(___flmul@grs+1)^0,f,c
  1487   00112E  2237               	addwfc	(___flmul@grs+2)^0,f,c
  1488   001130  2238               	addwfc	(___flmul@grs+3)^0,f,c
  1489   001132  5040               	movf	(___flmul@temp+1)^0,w,c
  1490   001134  263B               	addwf	___flmul@prod^0,f,c
  1491   001136  0E00               	movlw	0
  1492   001138  223C               	addwfc	(___flmul@prod+1)^0,f,c
  1493   00113A  223D               	addwfc	(___flmul@prod+2)^0,f,c
  1494   00113C  223E               	addwfc	(___flmul@prod+3)^0,f,c
  1495   00113E  502C               	movf	___flmul@a^0,w,c
  1496   001140  022A               	mulwf	(___flmul@b+2)^0,c
  1497   001142  CFF3 F03F          	movff	prodl,___flmul@temp
  1498   001146  CFF4 F040          	movff	prodh,___flmul@temp+1
  1499   00114A  503F               	movf	___flmul@temp^0,w,c
  1500   00114C  2635               	addwf	___flmul@grs^0,f,c
  1501   00114E  0E00               	movlw	0
  1502   001150  2236               	addwfc	(___flmul@grs+1)^0,f,c
  1503   001152  2237               	addwfc	(___flmul@grs+2)^0,f,c
  1504   001154  2238               	addwfc	(___flmul@grs+3)^0,f,c
  1505   001156  5040               	movf	(___flmul@temp+1)^0,w,c
  1506   001158  263B               	addwf	___flmul@prod^0,f,c
  1507   00115A  0E00               	movlw	0
  1508   00115C  223C               	addwfc	(___flmul@prod+1)^0,f,c
  1509   00115E  223D               	addwfc	(___flmul@prod+2)^0,f,c
  1510   001160  223E               	addwfc	(___flmul@prod+3)^0,f,c
  1511   001162  C037  F038         	movff	___flmul@grs+2,___flmul@grs+3
  1512   001166  C036  F037         	movff	___flmul@grs+1,___flmul@grs+2
  1513   00116A  C035  F036         	movff	___flmul@grs,___flmul@grs+1
  1514   00116E  6A35               	clrf	___flmul@grs^0,c
  1515   001170  502C               	movf	___flmul@a^0,w,c
  1516   001172  0229               	mulwf	(___flmul@b+1)^0,c
  1517   001174  CFF3 F03F          	movff	prodl,___flmul@temp
  1518   001178  CFF4 F040          	movff	prodh,___flmul@temp+1
  1519   00117C  503F               	movf	___flmul@temp^0,w,c
  1520   00117E  2635               	addwf	___flmul@grs^0,f,c
  1521   001180  5040               	movf	(___flmul@temp+1)^0,w,c
  1522   001182  2236               	addwfc	(___flmul@grs+1)^0,f,c
  1523   001184  0E00               	movlw	0
  1524   001186  2237               	addwfc	(___flmul@grs+2)^0,f,c
  1525   001188  0E00               	movlw	0
  1526   00118A  2238               	addwfc	(___flmul@grs+3)^0,f,c
  1527   00118C  502D               	movf	(___flmul@a+1)^0,w,c
  1528   00118E  0228               	mulwf	___flmul@b^0,c
  1529   001190  CFF3 F03F          	movff	prodl,___flmul@temp
  1530   001194  CFF4 F040          	movff	prodh,___flmul@temp+1
  1531   001198  503F               	movf	___flmul@temp^0,w,c
  1532   00119A  2635               	addwf	___flmul@grs^0,f,c
  1533   00119C  5040               	movf	(___flmul@temp+1)^0,w,c
  1534   00119E  2236               	addwfc	(___flmul@grs+1)^0,f,c
  1535   0011A0  0E00               	movlw	0
  1536   0011A2  2237               	addwfc	(___flmul@grs+2)^0,f,c
  1537   0011A4  0E00               	movlw	0
  1538   0011A6  2238               	addwfc	(___flmul@grs+3)^0,f,c
  1539   0011A8  C037  F038         	movff	___flmul@grs+2,___flmul@grs+3
  1540   0011AC  C036  F037         	movff	___flmul@grs+1,___flmul@grs+2
  1541   0011B0  C035  F036         	movff	___flmul@grs,___flmul@grs+1
  1542   0011B4  6A35               	clrf	___flmul@grs^0,c
  1543   0011B6  502C               	movf	___flmul@a^0,w,c
  1544   0011B8  0228               	mulwf	___flmul@b^0,c
  1545   0011BA  CFF3 F03F          	movff	prodl,___flmul@temp
  1546   0011BE  CFF4 F040          	movff	prodh,___flmul@temp+1
  1547   0011C2  503F               	movf	___flmul@temp^0,w,c
  1548   0011C4  2635               	addwf	___flmul@grs^0,f,c
  1549   0011C6  5040               	movf	(___flmul@temp+1)^0,w,c
  1550   0011C8  2236               	addwfc	(___flmul@grs+1)^0,f,c
  1551   0011CA  0E00               	movlw	0
  1552   0011CC  2237               	addwfc	(___flmul@grs+2)^0,f,c
  1553   0011CE  0E00               	movlw	0
  1554   0011D0  2238               	addwfc	(___flmul@grs+3)^0,f,c
  1555   0011D2  502E               	movf	(___flmul@a+2)^0,w,c
  1556   0011D4  0229               	mulwf	(___flmul@b+1)^0,c
  1557   0011D6  CFF3 F03F          	movff	prodl,___flmul@temp
  1558   0011DA  CFF4 F040          	movff	prodh,___flmul@temp+1
  1559   0011DE  503F               	movf	___flmul@temp^0,w,c
  1560   0011E0  263B               	addwf	___flmul@prod^0,f,c
  1561   0011E2  5040               	movf	(___flmul@temp+1)^0,w,c
  1562   0011E4  223C               	addwfc	(___flmul@prod+1)^0,f,c
  1563   0011E6  0E00               	movlw	0
  1564   0011E8  223D               	addwfc	(___flmul@prod+2)^0,f,c
  1565   0011EA  0E00               	movlw	0
  1566   0011EC  223E               	addwfc	(___flmul@prod+3)^0,f,c
  1567   0011EE  502D               	movf	(___flmul@a+1)^0,w,c
  1568   0011F0  022A               	mulwf	(___flmul@b+2)^0,c
  1569   0011F2  CFF3 F03F          	movff	prodl,___flmul@temp
  1570   0011F6  CFF4 F040          	movff	prodh,___flmul@temp+1
  1571   0011FA  503F               	movf	___flmul@temp^0,w,c
  1572   0011FC  263B               	addwf	___flmul@prod^0,f,c
  1573   0011FE  5040               	movf	(___flmul@temp+1)^0,w,c
  1574   001200  223C               	addwfc	(___flmul@prod+1)^0,f,c
  1575   001202  0E00               	movlw	0
  1576   001204  223D               	addwfc	(___flmul@prod+2)^0,f,c
  1577   001206  0E00               	movlw	0
  1578   001208  223E               	addwfc	(___flmul@prod+3)^0,f,c
  1579   00120A  502E               	movf	(___flmul@a+2)^0,w,c
  1580   00120C  022A               	mulwf	(___flmul@b+2)^0,c
  1581   00120E  CFF3 F03F          	movff	prodl,___flmul@temp
  1582   001212  CFF4 F040          	movff	prodh,___flmul@temp+1
  1583   001216  503F               	movf	___flmul@temp^0,w,c
  1584   001218  6E30               	movwf	??___flmul^0,c
  1585   00121A  5040               	movf	(___flmul@temp+1)^0,w,c
  1586   00121C  6E31               	movwf	(??___flmul+1)^0,c
  1587   00121E  6A32               	clrf	(??___flmul+2)^0,c
  1588   001220  6A33               	clrf	(??___flmul+3)^0,c
  1589   001222  C032  F033         	movff	??___flmul+2,??___flmul+3
  1590   001226  C031  F032         	movff	??___flmul+1,??___flmul+2
  1591   00122A  C030  F031         	movff	??___flmul,??___flmul+1
  1592   00122E  6A30               	clrf	??___flmul^0,c
  1593   001230  5030               	movf	??___flmul^0,w,c
  1594   001232  263B               	addwf	___flmul@prod^0,f,c
  1595   001234  5031               	movf	(??___flmul+1)^0,w,c
  1596   001236  223C               	addwfc	(___flmul@prod+1)^0,f,c
  1597   001238  5032               	movf	(??___flmul+2)^0,w,c
  1598   00123A  223D               	addwfc	(___flmul@prod+2)^0,f,c
  1599   00123C  5033               	movf	(??___flmul+3)^0,w,c
  1600   00123E  223E               	addwfc	(___flmul@prod+3)^0,f,c
  1601   001240  C035  F030         	movff	___flmul@grs,??___flmul
  1602   001244  C036  F031         	movff	___flmul@grs+1,??___flmul+1
  1603   001248  C037  F032         	movff	___flmul@grs+2,??___flmul+2
  1604   00124C  C038  F033         	movff	___flmul@grs+3,??___flmul+3
  1605   001250  0E19               	movlw	25
  1606   001252  EF30  F009         	goto	u920
  1607   001256                     u925:
  1608   001256  90D8               	bcf	status,0,c
  1609   001258  3233               	rrcf	(??___flmul+3)^0,f,c
  1610   00125A  3232               	rrcf	(??___flmul+2)^0,f,c
  1611   00125C  3231               	rrcf	(??___flmul+1)^0,f,c
  1612   00125E  3230               	rrcf	??___flmul^0,f,c
  1613   001260                     u920:
  1614   001260  2EE8               	decfsz	wreg,f,c
  1615   001262  EF2B  F009         	goto	u925
  1616   001266  5030               	movf	??___flmul^0,w,c
  1617   001268  263B               	addwf	___flmul@prod^0,f,c
  1618   00126A  5031               	movf	(??___flmul+1)^0,w,c
  1619   00126C  223C               	addwfc	(___flmul@prod+1)^0,f,c
  1620   00126E  5032               	movf	(??___flmul+2)^0,w,c
  1621   001270  223D               	addwfc	(___flmul@prod+2)^0,f,c
  1622   001272  5033               	movf	(??___flmul+3)^0,w,c
  1623   001274  223E               	addwfc	(___flmul@prod+3)^0,f,c
  1624   001276  C037  F038         	movff	___flmul@grs+2,___flmul@grs+3
  1625   00127A  C036  F037         	movff	___flmul@grs+1,___flmul@grs+2
  1626   00127E  C035  F036         	movff	___flmul@grs,___flmul@grs+1
  1627   001282  6A35               	clrf	___flmul@grs^0,c
  1628   001284  5039               	movf	___flmul@aexp^0,w,c
  1629   001286  C03A  F030         	movff	___flmul@bexp,??___flmul
  1630   00128A  6A31               	clrf	(??___flmul+1)^0,c
  1631   00128C  2630               	addwf	??___flmul^0,f,c
  1632   00128E  0E00               	movlw	0
  1633   001290  2231               	addwfc	(??___flmul+1)^0,f,c
  1634   001292  0E82               	movlw	130
  1635   001294  2430               	addwf	??___flmul^0,w,c
  1636   001296  6E3F               	movwf	___flmul@temp^0,c
  1637   001298  0EFF               	movlw	255
  1638   00129A  2031               	addwfc	(??___flmul+1)^0,w,c
  1639   00129C  6E40               	movwf	(___flmul@temp+1)^0,c
  1640   00129E  EF66  F009         	goto	l1427
  1641   0012A2                     l1421:
  1642   0012A2  90D8               	bcf	status,0,c
  1643   0012A4  363B               	rlcf	___flmul@prod^0,f,c
  1644   0012A6  363C               	rlcf	(___flmul@prod+1)^0,f,c
  1645   0012A8  363D               	rlcf	(___flmul@prod+2)^0,f,c
  1646   0012AA  363E               	rlcf	(___flmul@prod+3)^0,f,c
  1647   0012AC  AE38               	btfss	(___flmul@grs+3)^0,7,c
  1648   0012AE  EF5B  F009         	goto	u931
  1649   0012B2  EF5D  F009         	goto	u930
  1650   0012B6                     u931:
  1651   0012B6  EF5E  F009         	goto	l731
  1652   0012BA                     u930:
  1653   0012BA  803B               	bsf	___flmul@prod^0,0,c
  1654   0012BC                     l731:
  1655   0012BC  90D8               	bcf	status,0,c
  1656   0012BE  3635               	rlcf	___flmul@grs^0,f,c
  1657   0012C0  3636               	rlcf	(___flmul@grs+1)^0,f,c
  1658   0012C2  3637               	rlcf	(___flmul@grs+2)^0,f,c
  1659   0012C4  3638               	rlcf	(___flmul@grs+3)^0,f,c
  1660   0012C6  063F               	decf	___flmul@temp^0,f,c
  1661   0012C8  A0D8               	btfss	status,0,c
  1662   0012CA  0640               	decf	(___flmul@temp+1)^0,f,c
  1663   0012CC                     l1427:
  1664   0012CC  AE3D               	btfss	(___flmul@prod+2)^0,7,c
  1665   0012CE  EF6B  F009         	goto	u941
  1666   0012D2  EF6D  F009         	goto	u940
  1667   0012D6                     u941:
  1668   0012D6  EF51  F009         	goto	l1421
  1669   0012DA                     u940:
  1670   0012DA  6A39               	clrf	___flmul@aexp^0,c
  1671   0012DC  AE38               	btfss	(___flmul@grs+3)^0,7,c
  1672   0012DE  EF73  F009         	goto	u951
  1673   0012E2  EF75  F009         	goto	u950
  1674   0012E6                     u951:
  1675   0012E6  EF99  F009         	goto	l733
  1676   0012EA                     u950:
  1677   0012EA  0EFF               	movlw	255
  1678   0012EC  1435               	andwf	___flmul@grs^0,w,c
  1679   0012EE  6E30               	movwf	??___flmul^0,c
  1680   0012F0  0EFF               	movlw	255
  1681   0012F2  1436               	andwf	(___flmul@grs+1)^0,w,c
  1682   0012F4  6E31               	movwf	(??___flmul+1)^0,c
  1683   0012F6  0EFF               	movlw	255
  1684   0012F8  1437               	andwf	(___flmul@grs+2)^0,w,c
  1685   0012FA  6E32               	movwf	(??___flmul+2)^0,c
  1686   0012FC  0E7F               	movlw	127
  1687   0012FE  1438               	andwf	(___flmul@grs+3)^0,w,c
  1688   001300  6E33               	movwf	(??___flmul+3)^0,c
  1689   001302  5030               	movf	??___flmul^0,w,c
  1690   001304  1031               	iorwf	(??___flmul+1)^0,w,c
  1691   001306  1032               	iorwf	(??___flmul+2)^0,w,c
  1692   001308  1033               	iorwf	(??___flmul+3)^0,w,c
  1693   00130A  B4D8               	btfsc	status,2,c
  1694   00130C  EF8A  F009         	goto	u961
  1695   001310  EF8C  F009         	goto	u960
  1696   001314                     u961:
  1697   001314  EF90  F009         	goto	l734
  1698   001318                     u960:
  1699   001318                     l1431:
  1700   001318  0E01               	movlw	1
  1701   00131A  6E39               	movwf	___flmul@aexp^0,c
  1702   00131C  EF99  F009         	goto	l733
  1703   001320                     l734:
  1704   001320  A03B               	btfss	___flmul@prod^0,0,c
  1705   001322  EF95  F009         	goto	u971
  1706   001326  EF97  F009         	goto	u970
  1707   00132A                     u971:
  1708   00132A  EF99  F009         	goto	l733
  1709   00132E                     u970:
  1710   00132E  EF8C  F009         	goto	l1431
  1711   001332                     l733:
  1712   001332  5039               	movf	___flmul@aexp^0,w,c
  1713   001334  B4D8               	btfsc	status,2,c
  1714   001336  EF9F  F009         	goto	u981
  1715   00133A  EFA1  F009         	goto	u980
  1716   00133E                     u981:
  1717   00133E  EFC5  F009         	goto	l1443
  1718   001342                     u980:
  1719   001342  0E01               	movlw	1
  1720   001344  263B               	addwf	___flmul@prod^0,f,c
  1721   001346  0E00               	movlw	0
  1722   001348  223C               	addwfc	(___flmul@prod+1)^0,f,c
  1723   00134A  223D               	addwfc	(___flmul@prod+2)^0,f,c
  1724   00134C  223E               	addwfc	(___flmul@prod+3)^0,f,c
  1725   00134E  A03E               	btfss	(___flmul@prod+3)^0,0,c
  1726   001350  EFAC  F009         	goto	u991
  1727   001354  EFAE  F009         	goto	u990
  1728   001358                     u991:
  1729   001358  EFC5  F009         	goto	l1443
  1730   00135C                     u990:
  1731   00135C  C03B  F030         	movff	___flmul@prod,??___flmul
  1732   001360  C03C  F031         	movff	___flmul@prod+1,??___flmul+1
  1733   001364  C03D  F032         	movff	___flmul@prod+2,??___flmul+2
  1734   001368  C03E  F033         	movff	___flmul@prod+3,??___flmul+3
  1735   00136C  3433               	rlcf	(??___flmul+3)^0,w,c
  1736   00136E  3233               	rrcf	(??___flmul+3)^0,f,c
  1737   001370  3232               	rrcf	(??___flmul+2)^0,f,c
  1738   001372  3231               	rrcf	(??___flmul+1)^0,f,c
  1739   001374  3230               	rrcf	??___flmul^0,f,c
  1740   001376  C030  F03B         	movff	??___flmul,___flmul@prod
  1741   00137A  C031  F03C         	movff	??___flmul+1,___flmul@prod+1
  1742   00137E  C032  F03D         	movff	??___flmul+2,___flmul@prod+2
  1743   001382  C033  F03E         	movff	??___flmul+3,___flmul@prod+3
  1744   001386  4A3F               	infsnz	___flmul@temp^0,f,c
  1745   001388  2A40               	incf	(___flmul@temp+1)^0,f,c
  1746   00138A                     l1443:
  1747   00138A  BE40               	btfsc	(___flmul@temp+1)^0,7,c
  1748   00138C  EFD0  F009         	goto	u1001
  1749   001390  5040               	movf	(___flmul@temp+1)^0,w,c
  1750   001392  E108               	bnz	u1000
  1751   001394  283F               	incf	___flmul@temp^0,w,c
  1752   001396  A0D8               	btfss	status,0,c
  1753   001398  EFD0  F009         	goto	u1001
  1754   00139C  EFD2  F009         	goto	u1000
  1755   0013A0                     u1001:
  1756   0013A0  EFDC  F009         	goto	l1447
  1757   0013A4                     u1000:
  1758   0013A4  0E00               	movlw	0
  1759   0013A6  6E3B               	movwf	___flmul@prod^0,c
  1760   0013A8  0E00               	movlw	0
  1761   0013AA  6E3C               	movwf	(___flmul@prod+1)^0,c
  1762   0013AC  0E80               	movlw	128
  1763   0013AE  6E3D               	movwf	(___flmul@prod+2)^0,c
  1764   0013B0  0E7F               	movlw	127
  1765   0013B2  6E3E               	movwf	(___flmul@prod+3)^0,c
  1766   0013B4  EF09  F00A         	goto	l1461
  1767   0013B8                     l1447:
  1768   0013B8  BE40               	btfsc	(___flmul@temp+1)^0,7,c
  1769   0013BA  EFE9  F009         	goto	u1010
  1770   0013BE  5040               	movf	(___flmul@temp+1)^0,w,c
  1771   0013C0  E106               	bnz	u1011
  1772   0013C2  043F               	decf	___flmul@temp^0,w,c
  1773   0013C4  B0D8               	btfsc	status,0,c
  1774   0013C6  EFE7  F009         	goto	u1011
  1775   0013CA  EFE9  F009         	goto	u1010
  1776   0013CE                     u1011:
  1777   0013CE  EFF4  F009         	goto	l741
  1778   0013D2                     u1010:
  1779   0013D2  0E00               	movlw	0
  1780   0013D4  6E3B               	movwf	___flmul@prod^0,c
  1781   0013D6  0E00               	movlw	0
  1782   0013D8  6E3C               	movwf	(___flmul@prod+1)^0,c
  1783   0013DA  0E00               	movlw	0
  1784   0013DC  6E3D               	movwf	(___flmul@prod+2)^0,c
  1785   0013DE  0E00               	movlw	0
  1786   0013E0  6E3E               	movwf	(___flmul@prod+3)^0,c
  1787   0013E2  6A34               	clrf	___flmul@sign^0,c
  1788   0013E4  EF09  F00A         	goto	l1461
  1789   0013E8                     l741:
  1790   0013E8  C03F  F03A         	movff	___flmul@temp,___flmul@bexp
  1791   0013EC  0EFF               	movlw	255
  1792   0013EE  163B               	andwf	___flmul@prod^0,f,c
  1793   0013F0  0EFF               	movlw	255
  1794   0013F2  163C               	andwf	(___flmul@prod+1)^0,f,c
  1795   0013F4  0E7F               	movlw	127
  1796   0013F6  163D               	andwf	(___flmul@prod+2)^0,f,c
  1797   0013F8  0E00               	movlw	0
  1798   0013FA  163E               	andwf	(___flmul@prod+3)^0,f,c
  1799   0013FC  A03A               	btfss	___flmul@bexp^0,0,c
  1800   0013FE  EF03  F00A         	goto	u1021
  1801   001402  EF05  F00A         	goto	u1020
  1802   001406                     u1021:
  1803   001406  EF06  F00A         	goto	l1459
  1804   00140A                     u1020:
  1805   00140A  8E3D               	bsf	(___flmul@prod+2)^0,7,c
  1806   00140C                     l1459:
  1807   00140C  90D8               	bcf	status,0,c
  1808   00140E  303A               	rrcf	___flmul@bexp^0,w,c
  1809   001410  6E3E               	movwf	(___flmul@prod+3)^0,c
  1810   001412                     l1461:
  1811   001412  5034               	movf	___flmul@sign^0,w,c
  1812   001414  123E               	iorwf	(___flmul@prod+3)^0,f,c
  1813   001416  C03B  F028         	movff	___flmul@prod,?___flmul
  1814   00141A  C03C  F029         	movff	___flmul@prod+1,?___flmul+1
  1815   00141E  C03D  F02A         	movff	___flmul@prod+2,?___flmul+2
  1816   001422  C03E  F02B         	movff	___flmul@prod+3,?___flmul+3
  1817   001426                     l728:
  1818   001426  0012               	return		;funcret
  1819   001428                     __end_of___flmul:
  1820                           	callstack 0
  1821                           
  1822 ;; *************** function ___fldiv *****************
  1823 ;; Defined at:
  1824 ;;		line 11 in file "C:\Program Files\Microchip\xc8\v3.00\pic\sources\c99\common\sprcdiv.c"
  1825 ;; Parameters:    Size  Location     Type
  1826 ;;  b               4   14[COMRAM] unsigned char 
  1827 ;;  a               4   18[COMRAM] unsigned char 
  1828 ;; Auto vars:     Size  Location     Type
  1829 ;;  grs             4   33[COMRAM] unsigned long 
  1830 ;;  rem             4   26[COMRAM] unsigned long 
  1831 ;;  new_exp         2   31[COMRAM] short 
  1832 ;;  aexp            1   38[COMRAM] unsigned char 
  1833 ;;  bexp            1   37[COMRAM] unsigned char 
  1834 ;;  sign            1   30[COMRAM] unsigned char 
  1835 ;; Return value:  Size  Location     Type
  1836 ;;                  4   14[COMRAM] unsigned char 
  1837 ;; Registers used:
  1838 ;;		wreg, status,2, status,0
  1839 ;; Tracked objects:
  1840 ;;		On entry : 0/0
  1841 ;;		On exit  : 0/0
  1842 ;;		Unchanged: 0/0
  1843 ;; Data sizes:     COMRAM   BANK0   BANK1   BANK2   BANK3   BANK4   BANK5   BANK6   BANK7   BANK8   BANK9  BANK10  BANK1
      +1  BANK12  BANK13
  1844 ;;      Params:         8       0       0       0       0       0       0       0       0       0       0       0       
      +0       0       0
  1845 ;;      Locals:        13       0       0       0       0       0       0       0       0       0       0       0       
      +0       0       0
  1846 ;;      Temps:          4       0       0       0       0       0       0       0       0       0       0       0       
      +0       0       0
  1847 ;;      Totals:        25       0       0       0       0       0       0       0       0       0       0       0       
      +0       0       0
  1848 ;;Total ram usage:       25 bytes
  1849 ;; Hardware stack levels used: 1
  1850 ;; This function calls:
  1851 ;;		Nothing
  1852 ;; This function is called by:
  1853 ;;		_measure_once
  1854 ;; This function uses a non-reentrant model
  1855 ;;
  1856                           
  1857                           	psect	text4
  1858   001428                     __ptext4:
  1859                           	callstack 0
  1860   001428                     ___fldiv:
  1861                           	callstack 29
  1862   001428  5012               	movf	(___fldiv@b+3)^0,w,c
  1863   00142A  0B80               	andlw	128
  1864   00142C  6E1F               	movwf	___fldiv@sign^0,c
  1865   00142E  5012               	movf	(___fldiv@b+3)^0,w,c
  1866   001430  2412               	addwf	(___fldiv@b+3)^0,w,c
  1867   001432  6E26               	movwf	___fldiv@bexp^0,c
  1868   001434  AE11               	btfss	(___fldiv@b+2)^0,7,c
  1869   001436  EF1F  F00A         	goto	u611
  1870   00143A  EF21  F00A         	goto	u610
  1871   00143E                     u611:
  1872   00143E  EF22  F00A         	goto	l1209
  1873   001442                     u610:
  1874   001442  8026               	bsf	___fldiv@bexp^0,0,c
  1875   001444                     l1209:
  1876   001444  5026               	movf	___fldiv@bexp^0,w,c
  1877   001446  B4D8               	btfsc	status,2,c
  1878   001448  EF28  F00A         	goto	u621
  1879   00144C  EF2A  F00A         	goto	u620
  1880   001450                     u621:
  1881   001450  EF3E  F00A         	goto	l1219
  1882   001454                     u620:
  1883   001454  2826               	incf	___fldiv@bexp^0,w,c
  1884   001456  A4D8               	btfss	status,2,c
  1885   001458  EF30  F00A         	goto	u631
  1886   00145C  EF32  F00A         	goto	u630
  1887   001460                     u631:
  1888   001460  EF3A  F00A         	goto	l1215
  1889   001464                     u630:
  1890   001464  0E00               	movlw	0
  1891   001466  6E0F               	movwf	___fldiv@b^0,c
  1892   001468  0E00               	movlw	0
  1893   00146A  6E10               	movwf	(___fldiv@b+1)^0,c
  1894   00146C  0E00               	movlw	0
  1895   00146E  6E11               	movwf	(___fldiv@b+2)^0,c
  1896   001470  0E00               	movlw	0
  1897   001472  6E12               	movwf	(___fldiv@b+3)^0,c
  1898   001474                     l1215:
  1899   001474  8E11               	bsf	(___fldiv@b+2)^0,7,c
  1900   001476  6A12               	clrf	(___fldiv@b+3)^0,c
  1901   001478  EF46  F00A         	goto	l1221
  1902   00147C                     l1219:
  1903   00147C  0E00               	movlw	0
  1904   00147E  6E0F               	movwf	___fldiv@b^0,c
  1905   001480  0E00               	movlw	0
  1906   001482  6E10               	movwf	(___fldiv@b+1)^0,c
  1907   001484  0E00               	movlw	0
  1908   001486  6E11               	movwf	(___fldiv@b+2)^0,c
  1909   001488  0E00               	movlw	0
  1910   00148A  6E12               	movwf	(___fldiv@b+3)^0,c
  1911   00148C                     l1221:
  1912   00148C  5016               	movf	(___fldiv@a+3)^0,w,c
  1913   00148E  0B80               	andlw	128
  1914   001490  1A1F               	xorwf	___fldiv@sign^0,f,c
  1915   001492  5016               	movf	(___fldiv@a+3)^0,w,c
  1916   001494  2416               	addwf	(___fldiv@a+3)^0,w,c
  1917   001496  6E27               	movwf	___fldiv@aexp^0,c
  1918   001498  AE15               	btfss	(___fldiv@a+2)^0,7,c
  1919   00149A  EF51  F00A         	goto	u641
  1920   00149E  EF53  F00A         	goto	u640
  1921   0014A2                     u641:
  1922   0014A2  EF54  F00A         	goto	l1229
  1923   0014A6                     u640:
  1924   0014A6  8027               	bsf	___fldiv@aexp^0,0,c
  1925   0014A8                     l1229:
  1926   0014A8  5027               	movf	___fldiv@aexp^0,w,c
  1927   0014AA  B4D8               	btfsc	status,2,c
  1928   0014AC  EF5A  F00A         	goto	u651
  1929   0014B0  EF5C  F00A         	goto	u650
  1930   0014B4                     u651:
  1931   0014B4  EF70  F00A         	goto	l1239
  1932   0014B8                     u650:
  1933   0014B8  2827               	incf	___fldiv@aexp^0,w,c
  1934   0014BA  A4D8               	btfss	status,2,c
  1935   0014BC  EF62  F00A         	goto	u661
  1936   0014C0  EF64  F00A         	goto	u660
  1937   0014C4                     u661:
  1938   0014C4  EF6C  F00A         	goto	l1235
  1939   0014C8                     u660:
  1940   0014C8  0E00               	movlw	0
  1941   0014CA  6E13               	movwf	___fldiv@a^0,c
  1942   0014CC  0E00               	movlw	0
  1943   0014CE  6E14               	movwf	(___fldiv@a+1)^0,c
  1944   0014D0  0E00               	movlw	0
  1945   0014D2  6E15               	movwf	(___fldiv@a+2)^0,c
  1946   0014D4  0E00               	movlw	0
  1947   0014D6  6E16               	movwf	(___fldiv@a+3)^0,c
  1948   0014D8                     l1235:
  1949   0014D8  8E15               	bsf	(___fldiv@a+2)^0,7,c
  1950   0014DA  6A16               	clrf	(___fldiv@a+3)^0,c
  1951   0014DC  EF78  F00A         	goto	l1241
  1952   0014E0                     l1239:
  1953   0014E0  0E00               	movlw	0
  1954   0014E2  6E13               	movwf	___fldiv@a^0,c
  1955   0014E4  0E00               	movlw	0
  1956   0014E6  6E14               	movwf	(___fldiv@a+1)^0,c
  1957   0014E8  0E00               	movlw	0
  1958   0014EA  6E15               	movwf	(___fldiv@a+2)^0,c
  1959   0014EC  0E00               	movlw	0
  1960   0014EE  6E16               	movwf	(___fldiv@a+3)^0,c
  1961   0014F0                     l1241:
  1962   0014F0  5013               	movf	___fldiv@a^0,w,c
  1963   0014F2  1014               	iorwf	(___fldiv@a+1)^0,w,c
  1964   0014F4  1015               	iorwf	(___fldiv@a+2)^0,w,c
  1965   0014F6  1016               	iorwf	(___fldiv@a+3)^0,w,c
  1966   0014F8  A4D8               	btfss	status,2,c
  1967   0014FA  EF81  F00A         	goto	u671
  1968   0014FE  EF83  F00A         	goto	u670
  1969   001502                     u671:
  1970   001502  EF9B  F00A         	goto	l1253
  1971   001506                     u670:
  1972   001506  0E00               	movlw	0
  1973   001508  6E0F               	movwf	___fldiv@b^0,c
  1974   00150A  0E00               	movlw	0
  1975   00150C  6E10               	movwf	(___fldiv@b+1)^0,c
  1976   00150E  0E00               	movlw	0
  1977   001510  6E11               	movwf	(___fldiv@b+2)^0,c
  1978   001512  0E00               	movlw	0
  1979   001514  6E12               	movwf	(___fldiv@b+3)^0,c
  1980   001516  0E80               	movlw	128
  1981   001518  1211               	iorwf	(___fldiv@b+2)^0,f,c
  1982   00151A  0E7F               	movlw	127
  1983   00151C  1212               	iorwf	(___fldiv@b+3)^0,f,c
  1984   00151E                     l1247:
  1985   00151E  501F               	movf	___fldiv@sign^0,w,c
  1986   001520  1212               	iorwf	(___fldiv@b+3)^0,f,c
  1987   001522  C00F  F00F         	movff	___fldiv@b,?___fldiv
  1988   001526  C010  F010         	movff	___fldiv@b+1,?___fldiv+1
  1989   00152A  C011  F011         	movff	___fldiv@b+2,?___fldiv+2
  1990   00152E  C012  F012         	movff	___fldiv@b+3,?___fldiv+3
  1991   001532  EFDB  F00B         	goto	l692
  1992   001536                     l1253:
  1993   001536  5026               	movf	___fldiv@bexp^0,w,c
  1994   001538  A4D8               	btfss	status,2,c
  1995   00153A  EFA1  F00A         	goto	u681
  1996   00153E  EFA3  F00A         	goto	u680
  1997   001542                     u681:
  1998   001542  EFAD  F00A         	goto	l1261
  1999   001546                     u680:
  2000   001546  0E00               	movlw	0
  2001   001548  6E0F               	movwf	?___fldiv^0,c
  2002   00154A  0E00               	movlw	0
  2003   00154C  6E10               	movwf	(?___fldiv+1)^0,c
  2004   00154E  0E00               	movlw	0
  2005   001550  6E11               	movwf	(?___fldiv+2)^0,c
  2006   001552  0E00               	movlw	0
  2007   001554  6E12               	movwf	(?___fldiv+3)^0,c
  2008   001556  EFDB  F00B         	goto	l692
  2009   00155A                     l1261:
  2010   00155A  5027               	movf	___fldiv@aexp^0,w,c
  2011   00155C  C026  F017         	movff	___fldiv@bexp,??___fldiv
  2012   001560  6A18               	clrf	(??___fldiv+1)^0,c
  2013   001562  5E17               	subwf	??___fldiv^0,f,c
  2014   001564  0E00               	movlw	0
  2015   001566  5A18               	subwfb	(??___fldiv+1)^0,f,c
  2016   001568  0E7F               	movlw	127
  2017   00156A  2417               	addwf	??___fldiv^0,w,c
  2018   00156C  6E20               	movwf	___fldiv@new_exp^0,c
  2019   00156E  0E00               	movlw	0
  2020   001570  2018               	addwfc	(??___fldiv+1)^0,w,c
  2021   001572  6E21               	movwf	(___fldiv@new_exp+1)^0,c
  2022   001574  C00F  F01B         	movff	___fldiv@b,___fldiv@rem
  2023   001578  C010  F01C         	movff	___fldiv@b+1,___fldiv@rem+1
  2024   00157C  C011  F01D         	movff	___fldiv@b+2,___fldiv@rem+2
  2025   001580  C012  F01E         	movff	___fldiv@b+3,___fldiv@rem+3
  2026   001584  0E00               	movlw	0
  2027   001586  6E0F               	movwf	___fldiv@b^0,c
  2028   001588  0E00               	movlw	0
  2029   00158A  6E10               	movwf	(___fldiv@b+1)^0,c
  2030   00158C  0E00               	movlw	0
  2031   00158E  6E11               	movwf	(___fldiv@b+2)^0,c
  2032   001590  0E00               	movlw	0
  2033   001592  6E12               	movwf	(___fldiv@b+3)^0,c
  2034   001594  0E00               	movlw	0
  2035   001596  6E22               	movwf	___fldiv@grs^0,c
  2036   001598  0E00               	movlw	0
  2037   00159A  6E23               	movwf	(___fldiv@grs+1)^0,c
  2038   00159C  0E00               	movlw	0
  2039   00159E  6E24               	movwf	(___fldiv@grs+2)^0,c
  2040   0015A0  0E00               	movlw	0
  2041   0015A2  6E25               	movwf	(___fldiv@grs+3)^0,c
  2042   0015A4  6A27               	clrf	___fldiv@aexp^0,c
  2043   0015A6  EF0D  F00B         	goto	l694
  2044   0015AA                     l1271:
  2045   0015AA  5027               	movf	___fldiv@aexp^0,w,c
  2046   0015AC  B4D8               	btfsc	status,2,c
  2047   0015AE  EFDB  F00A         	goto	u691
  2048   0015B2  EFDD  F00A         	goto	u690
  2049   0015B6                     u691:
  2050   0015B6  EFF4  F00A         	goto	l1279
  2051   0015BA                     u690:
  2052   0015BA  90D8               	bcf	status,0,c
  2053   0015BC  361B               	rlcf	___fldiv@rem^0,f,c
  2054   0015BE  361C               	rlcf	(___fldiv@rem+1)^0,f,c
  2055   0015C0  361D               	rlcf	(___fldiv@rem+2)^0,f,c
  2056   0015C2  361E               	rlcf	(___fldiv@rem+3)^0,f,c
  2057   0015C4  90D8               	bcf	status,0,c
  2058   0015C6  360F               	rlcf	___fldiv@b^0,f,c
  2059   0015C8  3610               	rlcf	(___fldiv@b+1)^0,f,c
  2060   0015CA  3611               	rlcf	(___fldiv@b+2)^0,f,c
  2061   0015CC  3612               	rlcf	(___fldiv@b+3)^0,f,c
  2062   0015CE  AE25               	btfss	(___fldiv@grs+3)^0,7,c
  2063   0015D0  EFEC  F00A         	goto	u701
  2064   0015D4  EFEE  F00A         	goto	u700
  2065   0015D8                     u701:
  2066   0015D8  EFEF  F00A         	goto	l697
  2067   0015DC                     u700:
  2068   0015DC  800F               	bsf	___fldiv@b^0,0,c
  2069   0015DE                     l697:
  2070   0015DE  90D8               	bcf	status,0,c
  2071   0015E0  3622               	rlcf	___fldiv@grs^0,f,c
  2072   0015E2  3623               	rlcf	(___fldiv@grs+1)^0,f,c
  2073   0015E4  3624               	rlcf	(___fldiv@grs+2)^0,f,c
  2074   0015E6  3625               	rlcf	(___fldiv@grs+3)^0,f,c
  2075   0015E8                     l1279:
  2076   0015E8  5013               	movf	___fldiv@a^0,w,c
  2077   0015EA  5C1B               	subwf	___fldiv@rem^0,w,c
  2078   0015EC  5014               	movf	(___fldiv@a+1)^0,w,c
  2079   0015EE  581C               	subwfb	(___fldiv@rem+1)^0,w,c
  2080   0015F0  5015               	movf	(___fldiv@a+2)^0,w,c
  2081   0015F2  581D               	subwfb	(___fldiv@rem+2)^0,w,c
  2082   0015F4  5016               	movf	(___fldiv@a+3)^0,w,c
  2083   0015F6  581E               	subwfb	(___fldiv@rem+3)^0,w,c
  2084   0015F8  A0D8               	btfss	status,0,c
  2085   0015FA  EF01  F00B         	goto	u711
  2086   0015FE  EF03  F00B         	goto	u710
  2087   001602                     u711:
  2088   001602  EF0C  F00B         	goto	l1285
  2089   001606                     u710:
  2090   001606  8C25               	bsf	(___fldiv@grs+3)^0,6,c
  2091   001608  5013               	movf	___fldiv@a^0,w,c
  2092   00160A  5E1B               	subwf	___fldiv@rem^0,f,c
  2093   00160C  5014               	movf	(___fldiv@a+1)^0,w,c
  2094   00160E  5A1C               	subwfb	(___fldiv@rem+1)^0,f,c
  2095   001610  5015               	movf	(___fldiv@a+2)^0,w,c
  2096   001612  5A1D               	subwfb	(___fldiv@rem+2)^0,f,c
  2097   001614  5016               	movf	(___fldiv@a+3)^0,w,c
  2098   001616  5A1E               	subwfb	(___fldiv@rem+3)^0,f,c
  2099   001618                     l1285:
  2100   001618  2A27               	incf	___fldiv@aexp^0,f,c
  2101   00161A                     l694:
  2102   00161A  0E19               	movlw	25
  2103   00161C  6427               	cpfsgt	___fldiv@aexp^0,c
  2104   00161E  EF13  F00B         	goto	u721
  2105   001622  EF15  F00B         	goto	u720
  2106   001626                     u721:
  2107   001626  EFD5  F00A         	goto	l1271
  2108   00162A                     u720:
  2109   00162A  501B               	movf	___fldiv@rem^0,w,c
  2110   00162C  101C               	iorwf	(___fldiv@rem+1)^0,w,c
  2111   00162E  101D               	iorwf	(___fldiv@rem+2)^0,w,c
  2112   001630  101E               	iorwf	(___fldiv@rem+3)^0,w,c
  2113   001632  B4D8               	btfsc	status,2,c
  2114   001634  EF1E  F00B         	goto	u731
  2115   001638  EF20  F00B         	goto	u730
  2116   00163C                     u731:
  2117   00163C  EF38  F00B         	goto	l1297
  2118   001640                     u730:
  2119   001640  8022               	bsf	___fldiv@grs^0,0,c
  2120   001642  EF38  F00B         	goto	l1297
  2121   001646                     l1291:
  2122   001646  90D8               	bcf	status,0,c
  2123   001648  360F               	rlcf	___fldiv@b^0,f,c
  2124   00164A  3610               	rlcf	(___fldiv@b+1)^0,f,c
  2125   00164C  3611               	rlcf	(___fldiv@b+2)^0,f,c
  2126   00164E  3612               	rlcf	(___fldiv@b+3)^0,f,c
  2127   001650  AE25               	btfss	(___fldiv@grs+3)^0,7,c
  2128   001652  EF2D  F00B         	goto	u741
  2129   001656  EF2F  F00B         	goto	u740
  2130   00165A                     u741:
  2131   00165A  EF30  F00B         	goto	l703
  2132   00165E                     u740:
  2133   00165E  800F               	bsf	___fldiv@b^0,0,c
  2134   001660                     l703:
  2135   001660  90D8               	bcf	status,0,c
  2136   001662  3622               	rlcf	___fldiv@grs^0,f,c
  2137   001664  3623               	rlcf	(___fldiv@grs+1)^0,f,c
  2138   001666  3624               	rlcf	(___fldiv@grs+2)^0,f,c
  2139   001668  3625               	rlcf	(___fldiv@grs+3)^0,f,c
  2140   00166A  0620               	decf	___fldiv@new_exp^0,f,c
  2141   00166C  A0D8               	btfss	status,0,c
  2142   00166E  0621               	decf	(___fldiv@new_exp+1)^0,f,c
  2143   001670                     l1297:
  2144   001670  AE11               	btfss	(___fldiv@b+2)^0,7,c
  2145   001672  EF3D  F00B         	goto	u751
  2146   001676  EF3F  F00B         	goto	u750
  2147   00167A                     u751:
  2148   00167A  EF23  F00B         	goto	l1291
  2149   00167E                     u750:
  2150   00167E  6A27               	clrf	___fldiv@aexp^0,c
  2151   001680  AE25               	btfss	(___fldiv@grs+3)^0,7,c
  2152   001682  EF45  F00B         	goto	u761
  2153   001686  EF47  F00B         	goto	u760
  2154   00168A                     u761:
  2155   00168A  EF6B  F00B         	goto	l705
  2156   00168E                     u760:
  2157   00168E  0EFF               	movlw	255
  2158   001690  1422               	andwf	___fldiv@grs^0,w,c
  2159   001692  6E17               	movwf	??___fldiv^0,c
  2160   001694  0EFF               	movlw	255
  2161   001696  1423               	andwf	(___fldiv@grs+1)^0,w,c
  2162   001698  6E18               	movwf	(??___fldiv+1)^0,c
  2163   00169A  0EFF               	movlw	255
  2164   00169C  1424               	andwf	(___fldiv@grs+2)^0,w,c
  2165   00169E  6E19               	movwf	(??___fldiv+2)^0,c
  2166   0016A0  0E7F               	movlw	127
  2167   0016A2  1425               	andwf	(___fldiv@grs+3)^0,w,c
  2168   0016A4  6E1A               	movwf	(??___fldiv+3)^0,c
  2169   0016A6  5017               	movf	??___fldiv^0,w,c
  2170   0016A8  1018               	iorwf	(??___fldiv+1)^0,w,c
  2171   0016AA  1019               	iorwf	(??___fldiv+2)^0,w,c
  2172   0016AC  101A               	iorwf	(??___fldiv+3)^0,w,c
  2173   0016AE  B4D8               	btfsc	status,2,c
  2174   0016B0  EF5C  F00B         	goto	u771
  2175   0016B4  EF5E  F00B         	goto	u770
  2176   0016B8                     u771:
  2177   0016B8  EF62  F00B         	goto	l706
  2178   0016BC                     u770:
  2179   0016BC                     l1301:
  2180   0016BC  0E01               	movlw	1
  2181   0016BE  6E27               	movwf	___fldiv@aexp^0,c
  2182   0016C0  EF6B  F00B         	goto	l705
  2183   0016C4                     l706:
  2184   0016C4  A00F               	btfss	___fldiv@b^0,0,c
  2185   0016C6  EF67  F00B         	goto	u781
  2186   0016CA  EF69  F00B         	goto	u780
  2187   0016CE                     u781:
  2188   0016CE  EF6B  F00B         	goto	l705
  2189   0016D2                     u780:
  2190   0016D2  EF5E  F00B         	goto	l1301
  2191   0016D6                     l705:
  2192   0016D6  5027               	movf	___fldiv@aexp^0,w,c
  2193   0016D8  B4D8               	btfsc	status,2,c
  2194   0016DA  EF71  F00B         	goto	u791
  2195   0016DE  EF73  F00B         	goto	u790
  2196   0016E2                     u791:
  2197   0016E2  EF97  F00B         	goto	l1313
  2198   0016E6                     u790:
  2199   0016E6  0E01               	movlw	1
  2200   0016E8  260F               	addwf	___fldiv@b^0,f,c
  2201   0016EA  0E00               	movlw	0
  2202   0016EC  2210               	addwfc	(___fldiv@b+1)^0,f,c
  2203   0016EE  2211               	addwfc	(___fldiv@b+2)^0,f,c
  2204   0016F0  2212               	addwfc	(___fldiv@b+3)^0,f,c
  2205   0016F2  A012               	btfss	(___fldiv@b+3)^0,0,c
  2206   0016F4  EF7E  F00B         	goto	u801
  2207   0016F8  EF80  F00B         	goto	u800
  2208   0016FC                     u801:
  2209   0016FC  EF97  F00B         	goto	l1313
  2210   001700                     u800:
  2211   001700  C00F  F017         	movff	___fldiv@b,??___fldiv
  2212   001704  C010  F018         	movff	___fldiv@b+1,??___fldiv+1
  2213   001708  C011  F019         	movff	___fldiv@b+2,??___fldiv+2
  2214   00170C  C012  F01A         	movff	___fldiv@b+3,??___fldiv+3
  2215   001710  341A               	rlcf	(??___fldiv+3)^0,w,c
  2216   001712  321A               	rrcf	(??___fldiv+3)^0,f,c
  2217   001714  3219               	rrcf	(??___fldiv+2)^0,f,c
  2218   001716  3218               	rrcf	(??___fldiv+1)^0,f,c
  2219   001718  3217               	rrcf	??___fldiv^0,f,c
  2220   00171A  C017  F00F         	movff	??___fldiv,___fldiv@b
  2221   00171E  C018  F010         	movff	??___fldiv+1,___fldiv@b+1
  2222   001722  C019  F011         	movff	??___fldiv+2,___fldiv@b+2
  2223   001726  C01A  F012         	movff	??___fldiv+3,___fldiv@b+3
  2224   00172A  4A20               	infsnz	___fldiv@new_exp^0,f,c
  2225   00172C  2A21               	incf	(___fldiv@new_exp+1)^0,f,c
  2226   00172E                     l1313:
  2227   00172E  BE21               	btfsc	(___fldiv@new_exp+1)^0,7,c
  2228   001730  EFA2  F00B         	goto	u811
  2229   001734  5021               	movf	(___fldiv@new_exp+1)^0,w,c
  2230   001736  E108               	bnz	u810
  2231   001738  2820               	incf	___fldiv@new_exp^0,w,c
  2232   00173A  A0D8               	btfss	status,0,c
  2233   00173C  EFA2  F00B         	goto	u811
  2234   001740  EFA4  F00B         	goto	u810
  2235   001744                     u811:
  2236   001744  EFAF  F00B         	goto	l1317
  2237   001748                     u810:
  2238   001748  0E00               	movlw	0
  2239   00174A  6E21               	movwf	(___fldiv@new_exp+1)^0,c
  2240   00174C  6820               	setf	___fldiv@new_exp^0,c
  2241   00174E  0E00               	movlw	0
  2242   001750  6E0F               	movwf	___fldiv@b^0,c
  2243   001752  0E00               	movlw	0
  2244   001754  6E10               	movwf	(___fldiv@b+1)^0,c
  2245   001756  0E00               	movlw	0
  2246   001758  6E11               	movwf	(___fldiv@b+2)^0,c
  2247   00175A  0E00               	movlw	0
  2248   00175C  6E12               	movwf	(___fldiv@b+3)^0,c
  2249   00175E                     l1317:
  2250   00175E  BE21               	btfsc	(___fldiv@new_exp+1)^0,7,c
  2251   001760  EFBC  F00B         	goto	u820
  2252   001764  5021               	movf	(___fldiv@new_exp+1)^0,w,c
  2253   001766  E106               	bnz	u821
  2254   001768  0420               	decf	___fldiv@new_exp^0,w,c
  2255   00176A  B0D8               	btfsc	status,0,c
  2256   00176C  EFBA  F00B         	goto	u821
  2257   001770  EFBC  F00B         	goto	u820
  2258   001774                     u821:
  2259   001774  EFC9  F00B         	goto	l1323
  2260   001778                     u820:
  2261   001778  0E00               	movlw	0
  2262   00177A  6E21               	movwf	(___fldiv@new_exp+1)^0,c
  2263   00177C  0E00               	movlw	0
  2264   00177E  6E20               	movwf	___fldiv@new_exp^0,c
  2265   001780  0E00               	movlw	0
  2266   001782  6E0F               	movwf	___fldiv@b^0,c
  2267   001784  0E00               	movlw	0
  2268   001786  6E10               	movwf	(___fldiv@b+1)^0,c
  2269   001788  0E00               	movlw	0
  2270   00178A  6E11               	movwf	(___fldiv@b+2)^0,c
  2271   00178C  0E00               	movlw	0
  2272   00178E  6E12               	movwf	(___fldiv@b+3)^0,c
  2273   001790  6A1F               	clrf	___fldiv@sign^0,c
  2274   001792                     l1323:
  2275   001792  C020  F026         	movff	___fldiv@new_exp,___fldiv@bexp
  2276   001796  A026               	btfss	___fldiv@bexp^0,0,c
  2277   001798  EFD0  F00B         	goto	u831
  2278   00179C  EFD2  F00B         	goto	u830
  2279   0017A0                     u831:
  2280   0017A0  EFD5  F00B         	goto	l1329
  2281   0017A4                     u830:
  2282   0017A4  8E11               	bsf	(___fldiv@b+2)^0,7,c
  2283   0017A6  EFD6  F00B         	goto	l1331
  2284   0017AA                     l1329:
  2285   0017AA  9E11               	bcf	(___fldiv@b+2)^0,7,c
  2286   0017AC                     l1331:
  2287   0017AC  90D8               	bcf	status,0,c
  2288   0017AE  3026               	rrcf	___fldiv@bexp^0,w,c
  2289   0017B0  6E12               	movwf	(___fldiv@b+3)^0,c
  2290   0017B2  EF8F  F00A         	goto	l1247
  2291   0017B6                     l692:
  2292   0017B6  0012               	return		;funcret
  2293   0017B8                     __end_of___fldiv:
  2294                           	callstack 0
  2295                           
  2296 ;; *************** function _ADC_Read *****************
  2297 ;; Defined at:
  2298 ;;		line 258 in file "OPAMP.c"
  2299 ;; Parameters:    Size  Location     Type
  2300 ;;		None
  2301 ;; Auto vars:     Size  Location     Type
  2302 ;;		None
  2303 ;; Return value:  Size  Location     Type
  2304 ;;                  2    0[COMRAM] unsigned short 
  2305 ;; Registers used:
  2306 ;;		wreg
  2307 ;; Tracked objects:
  2308 ;;		On entry : 0/0
  2309 ;;		On exit  : 0/0
  2310 ;;		Unchanged: 0/0
  2311 ;; Data sizes:     COMRAM   BANK0   BANK1   BANK2   BANK3   BANK4   BANK5   BANK6   BANK7   BANK8   BANK9  BANK10  BANK1
      +1  BANK12  BANK13
  2312 ;;      Params:         2       0       0       0       0       0       0       0       0       0       0       0       
      +0       0       0
  2313 ;;      Locals:         0       0       0       0       0       0       0       0       0       0       0       0       
      +0       0       0
  2314 ;;      Temps:          0       0       0       0       0       0       0       0       0       0       0       0       
      +0       0       0
  2315 ;;      Totals:         2       0       0       0       0       0       0       0       0       0       0       0       
      +0       0       0
  2316 ;;Total ram usage:        2 bytes
  2317 ;; Hardware stack levels used: 1
  2318 ;; This function calls:
  2319 ;;		Nothing
  2320 ;; This function is called by:
  2321 ;;		_measure_once
  2322 ;; This function uses a non-reentrant model
  2323 ;;
  2324                           
  2325                           	psect	text5
  2326   001AB6                     __ptext5:
  2327                           	callstack 0
  2328   001AB6                     _ADC_Read:
  2329                           	callstack 29
  2330   001AB6                     
  2331                           ;OPAMP.c: 259:     ADCON1Lbits.SAMP = 1;
  2332   001AB6  82C0               	bsf	192,1,c	;volatile
  2333   001AB8                     
  2334                           ;OPAMP.c: 260:     _delay((unsigned long)((10)*(16000000UL/4000000.0)));
  2335   001AB8  0E0D               	movlw	13
  2336   001ABA                     u1157:
  2337   001ABA  2EE8               	decfsz	wreg,f,c
  2338   001ABC  D7FE               	bra	u1157
  2339   001ABE  0000               	nop	
  2340   001AC0                     
  2341                           ;OPAMP.c: 261:     ADCON1Lbits.SAMP = 0;
  2342   001AC0  92C0               	bcf	192,1,c	;volatile
  2343   001AC2                     l91:
  2344   001AC2  A0C0               	btfss	192,0,c	;volatile
  2345   001AC4  EF66  F00D         	goto	u601
  2346   001AC8  EF68  F00D         	goto	u600
  2347   001ACC                     u601:
  2348   001ACC  EF61  F00D         	goto	l91
  2349   001AD0                     u600:
  2350   001AD0                     
  2351                           ;OPAMP.c: 263:     return ADCBUF0;
  2352   001AD0  CFC2 F001          	movff	4034,?_ADC_Read	;volatile
  2353   001AD4  CFC3 F002          	movff	4035,?_ADC_Read+1	;volatile
  2354   001AD8  0012               	return		;funcret
  2355   001ADA                     __end_of_ADC_Read:
  2356                           	callstack 0
  2357                           
  2358 ;; *************** function _MCP4561_writeWiper *****************
  2359 ;; Defined at:
  2360 ;;		line 209 in file "OPAMP.c"
  2361 ;; Parameters:    Size  Location     Type
  2362 ;;  value           1    wreg     unsigned char 
  2363 ;; Auto vars:     Size  Location     Type
  2364 ;;  value           1    3[COMRAM] unsigned char 
  2365 ;;  command         1    0        unsigned char 
  2366 ;; Return value:  Size  Location     Type
  2367 ;;                  1    wreg      void 
  2368 ;; Registers used:
  2369 ;;		wreg, status,2, cstack
  2370 ;; Tracked objects:
  2371 ;;		On entry : 0/0
  2372 ;;		On exit  : 0/0
  2373 ;;		Unchanged: 0/0
  2374 ;; Data sizes:     COMRAM   BANK0   BANK1   BANK2   BANK3   BANK4   BANK5   BANK6   BANK7   BANK8   BANK9  BANK10  BANK1
      +1  BANK12  BANK13
  2375 ;;      Params:         0       0       0       0       0       0       0       0       0       0       0       0       
      +0       0       0
  2376 ;;      Locals:         1       0       0       0       0       0       0       0       0       0       0       0       
      +0       0       0
  2377 ;;      Temps:          2       0       0       0       0       0       0       0       0       0       0       0       
      +0       0       0
  2378 ;;      Totals:         3       0       0       0       0       0       0       0       0       0       0       0       
      +0       0       0
  2379 ;;Total ram usage:        3 bytes
  2380 ;; Hardware stack levels used: 1
  2381 ;; Hardware stack levels required when called: 1
  2382 ;; This function calls:
  2383 ;;		_I2C_start
  2384 ;;		_I2C_stop
  2385 ;;		_I2C_write
  2386 ;; This function is called by:
  2387 ;;		_main
  2388 ;; This function uses a non-reentrant model
  2389 ;;
  2390                           
  2391                           	psect	text6
  2392   001A50                     __ptext6:
  2393                           	callstack 0
  2394   001A50                     _MCP4561_writeWiper:
  2395                           	callstack 29
  2396                           
  2397                           ;incstack = 0
  2398                           ;MCP4561_writeWiper@value stored from wreg
  2399   001A50  6E04               	movwf	MCP4561_writeWiper@value^0,c
  2400   001A52                     
  2401                           ;OPAMP.c: 212:     I2C_start();
  2402   001A52  ECA2  F00D         	call	_I2C_start	;wreg free
  2403   001A56                     
  2404                           ;OPAMP.c: 213:     I2C_write((0x2F << 1) | 0);
  2405   001A56  0E5E               	movlw	94
  2406   001A58  EC8C  F00D         	call	_I2C_write
  2407   001A5C                     
  2408                           ;OPAMP.c: 214:     I2C_write(command);
  2409   001A5C  0E00               	movlw	0
  2410   001A5E  EC8C  F00D         	call	_I2C_write
  2411   001A62                     
  2412                           ;OPAMP.c: 215:     I2C_write(value);
  2413   001A62  5004               	movf	MCP4561_writeWiper@value^0,w,c
  2414   001A64  EC8C  F00D         	call	_I2C_write
  2415   001A68                     
  2416                           ;OPAMP.c: 216:     I2C_stop();
  2417   001A68  EC98  F00D         	call	_I2C_stop	;wreg free
  2418   001A6C                     
  2419                           ;OPAMP.c: 217:     _delay((unsigned long)((50)*(16000000UL/4000.0)));
  2420   001A6C  0E02               	movlw	2
  2421   001A6E  6E03               	movwf	(??_MCP4561_writeWiper+1)^0,c
  2422   001A70  0E04               	movlw	4
  2423   001A72  6E02               	movwf	??_MCP4561_writeWiper^0,c
  2424   001A74  0EBA               	movlw	186
  2425   001A76                     u1167:
  2426   001A76  2EE8               	decfsz	wreg,f,c
  2427   001A78  D7FE               	bra	u1167
  2428   001A7A  2E02               	decfsz	??_MCP4561_writeWiper^0,f,c
  2429   001A7C  D7FC               	bra	u1167
  2430   001A7E  2E03               	decfsz	(??_MCP4561_writeWiper+1)^0,f,c
  2431   001A80  D7FA               	bra	u1167
  2432   001A82  D000               	nop2	
  2433   001A84  0012               	return		;funcret
  2434   001A86                     __end_of_MCP4561_writeWiper:
  2435                           	callstack 0
  2436                           
  2437 ;; *************** function _MCP4561_writeTCON *****************
  2438 ;; Defined at:
  2439 ;;		line 235 in file "OPAMP.c"
  2440 ;; Parameters:    Size  Location     Type
  2441 ;;  config          1    wreg     unsigned char 
  2442 ;; Auto vars:     Size  Location     Type
  2443 ;;  config          1    1[COMRAM] unsigned char 
  2444 ;;  command         1    0        unsigned char 
  2445 ;; Return value:  Size  Location     Type
  2446 ;;                  1    wreg      void 
  2447 ;; Registers used:
  2448 ;;		wreg, status,2, cstack
  2449 ;; Tracked objects:
  2450 ;;		On entry : 0/0
  2451 ;;		On exit  : 0/0
  2452 ;;		Unchanged: 0/0
  2453 ;; Data sizes:     COMRAM   BANK0   BANK1   BANK2   BANK3   BANK4   BANK5   BANK6   BANK7   BANK8   BANK9  BANK10  BANK1
      +1  BANK12  BANK13
  2454 ;;      Params:         0       0       0       0       0       0       0       0       0       0       0       0       
      +0       0       0
  2455 ;;      Locals:         1       0       0       0       0       0       0       0       0       0       0       0       
      +0       0       0
  2456 ;;      Temps:          0       0       0       0       0       0       0       0       0       0       0       0       
      +0       0       0
  2457 ;;      Totals:         1       0       0       0       0       0       0       0       0       0       0       0       
      +0       0       0
  2458 ;;Total ram usage:        1 bytes
  2459 ;; Hardware stack levels used: 1
  2460 ;; Hardware stack levels required when called: 1
  2461 ;; This function calls:
  2462 ;;		_I2C_start
  2463 ;;		_I2C_stop
  2464 ;;		_I2C_write
  2465 ;; This function is called by:
  2466 ;;		_main
  2467 ;; This function uses a non-reentrant model
  2468 ;;
  2469                           
  2470                           	psect	text7
  2471   001AFA                     __ptext7:
  2472                           	callstack 0
  2473   001AFA                     _MCP4561_writeTCON:
  2474                           	callstack 29
  2475                           
  2476                           ;incstack = 0
  2477                           ;MCP4561_writeTCON@config stored from wreg
  2478   001AFA  6E02               	movwf	MCP4561_writeTCON@config^0,c
  2479   001AFC                     
  2480                           ;OPAMP.c: 237:     I2C_start();
  2481   001AFC  ECA2  F00D         	call	_I2C_start	;wreg free
  2482   001B00                     
  2483                           ;OPAMP.c: 238:     I2C_write((0x2F << 1) | 0);
  2484   001B00  0E5E               	movlw	94
  2485   001B02  EC8C  F00D         	call	_I2C_write
  2486   001B06                     
  2487                           ;OPAMP.c: 239:     I2C_write(command);
  2488   001B06  0E10               	movlw	16
  2489   001B08  EC8C  F00D         	call	_I2C_write
  2490   001B0C                     
  2491                           ;OPAMP.c: 240:     I2C_write(config);
  2492   001B0C  5002               	movf	MCP4561_writeTCON@config^0,w,c
  2493   001B0E  EC8C  F00D         	call	_I2C_write
  2494   001B12                     
  2495                           ;OPAMP.c: 241:     I2C_stop();
  2496   001B12  EC98  F00D         	call	_I2C_stop	;wreg free
  2497   001B16  0012               	return		;funcret
  2498   001B18                     __end_of_MCP4561_writeTCON:
  2499                           	callstack 0
  2500                           
  2501 ;; *************** function _I2C_write *****************
  2502 ;; Defined at:
  2503 ;;		line 192 in file "OPAMP.c"
  2504 ;; Parameters:    Size  Location     Type
  2505 ;;  data            1    wreg     unsigned char 
  2506 ;; Auto vars:     Size  Location     Type
  2507 ;;  data            1    0[COMRAM] unsigned char 
  2508 ;; Return value:  Size  Location     Type
  2509 ;;                  1    wreg      void 
  2510 ;; Registers used:
  2511 ;;		wreg
  2512 ;; Tracked objects:
  2513 ;;		On entry : 0/0
  2514 ;;		On exit  : 0/0
  2515 ;;		Unchanged: 0/0
  2516 ;; Data sizes:     COMRAM   BANK0   BANK1   BANK2   BANK3   BANK4   BANK5   BANK6   BANK7   BANK8   BANK9  BANK10  BANK1
      +1  BANK12  BANK13
  2517 ;;      Params:         0       0       0       0       0       0       0       0       0       0       0       0       
      +0       0       0
  2518 ;;      Locals:         1       0       0       0       0       0       0       0       0       0       0       0       
      +0       0       0
  2519 ;;      Temps:          0       0       0       0       0       0       0       0       0       0       0       0       
      +0       0       0
  2520 ;;      Totals:         1       0       0       0       0       0       0       0       0       0       0       0       
      +0       0       0
  2521 ;;Total ram usage:        1 bytes
  2522 ;; Hardware stack levels used: 1
  2523 ;; This function calls:
  2524 ;;		Nothing
  2525 ;; This function is called by:
  2526 ;;		_MCP4561_writeWiper
  2527 ;;		_MCP4561_writeTCON
  2528 ;;		_MCP4561_readWiper
  2529 ;; This function uses a non-reentrant model
  2530 ;;
  2531                           
  2532                           	psect	text8
  2533   001B18                     __ptext8:
  2534                           	callstack 0
  2535   001B18                     _I2C_write:
  2536                           	callstack 29
  2537                           
  2538                           ;incstack = 0
  2539                           ;I2C_write@data stored from wreg
  2540   001B18  6E01               	movwf	I2C_write@data^0,c
  2541   001B1A                     
  2542                           ;OPAMP.c: 193:     SSP2BUF = data;
  2543   001B1A  C001  FF03         	movff	I2C_write@data,3843	;volatile
  2544   001B1E                     l64:
  2545   001B1E  010F               	movlb	15	; () banked
  2546   001B20  A11A               	btfss	26,0,b	;volatile
  2547   001B22  EF95  F00D         	goto	u31
  2548   001B26  EF97  F00D         	goto	u30
  2549   001B2A                     u31:
  2550   001B2A  EF8F  F00D         	goto	l64
  2551   001B2E                     u30:
  2552   001B2E                     
  2553                           ; BSR set to: 15
  2554   001B2E  0012               	return		;funcret
  2555   001B30                     __end_of_I2C_write:
  2556                           	callstack 0
  2557                           
  2558 ;; *************** function _I2C_stop *****************
  2559 ;; Defined at:
  2560 ;;		line 182 in file "OPAMP.c"
  2561 ;; Parameters:    Size  Location     Type
  2562 ;;		None
  2563 ;; Auto vars:     Size  Location     Type
  2564 ;;		None
  2565 ;; Return value:  Size  Location     Type
  2566 ;;                  1    wreg      void 
  2567 ;; Registers used:
  2568 ;;		None
  2569 ;; Tracked objects:
  2570 ;;		On entry : 0/0
  2571 ;;		On exit  : 0/0
  2572 ;;		Unchanged: 0/0
  2573 ;; Data sizes:     COMRAM   BANK0   BANK1   BANK2   BANK3   BANK4   BANK5   BANK6   BANK7   BANK8   BANK9  BANK10  BANK1
      +1  BANK12  BANK13
  2574 ;;      Params:         0       0       0       0       0       0       0       0       0       0       0       0       
      +0       0       0
  2575 ;;      Locals:         0       0       0       0       0       0       0       0       0       0       0       0       
      +0       0       0
  2576 ;;      Temps:          0       0       0       0       0       0       0       0       0       0       0       0       
      +0       0       0
  2577 ;;      Totals:         0       0       0       0       0       0       0       0       0       0       0       0       
      +0       0       0
  2578 ;;Total ram usage:        0 bytes
  2579 ;; Hardware stack levels used: 1
  2580 ;; This function calls:
  2581 ;;		Nothing
  2582 ;; This function is called by:
  2583 ;;		_MCP4561_writeWiper
  2584 ;;		_MCP4561_writeTCON
  2585 ;;		_MCP4561_readWiper
  2586 ;; This function uses a non-reentrant model
  2587 ;;
  2588                           
  2589                           	psect	text9
  2590   001B30                     __ptext9:
  2591                           	callstack 0
  2592   001B30                     _I2C_stop:
  2593                           	callstack 29
  2594   001B30                     
  2595                           ;OPAMP.c: 183:     SSP2CON2bits.PEN = 1;
  2596   001B30  010F               	movlb	15	; () banked
  2597   001B32  8518               	bsf	24,2,b	;volatile
  2598   001B34                     l52:
  2599                           
  2600                           ; BSR set to: 15
  2601   001B34  B518               	btfsc	24,2,b	;volatile
  2602   001B36  EF9F  F00D         	goto	u21
  2603   001B3A  EFA1  F00D         	goto	u20
  2604   001B3E                     u21:
  2605   001B3E  EF9A  F00D         	goto	l52
  2606   001B42                     u20:
  2607   001B42                     
  2608                           ; BSR set to: 15
  2609   001B42  0012               	return		;funcret
  2610   001B44                     __end_of_I2C_stop:
  2611                           	callstack 0
  2612                           
  2613 ;; *************** function _I2C_start *****************
  2614 ;; Defined at:
  2615 ;;		line 177 in file "OPAMP.c"
  2616 ;; Parameters:    Size  Location     Type
  2617 ;;		None
  2618 ;; Auto vars:     Size  Location     Type
  2619 ;;		None
  2620 ;; Return value:  Size  Location     Type
  2621 ;;                  1    wreg      void 
  2622 ;; Registers used:
  2623 ;;		None
  2624 ;; Tracked objects:
  2625 ;;		On entry : 0/0
  2626 ;;		On exit  : 0/0
  2627 ;;		Unchanged: 0/0
  2628 ;; Data sizes:     COMRAM   BANK0   BANK1   BANK2   BANK3   BANK4   BANK5   BANK6   BANK7   BANK8   BANK9  BANK10  BANK1
      +1  BANK12  BANK13
  2629 ;;      Params:         0       0       0       0       0       0       0       0       0       0       0       0       
      +0       0       0
  2630 ;;      Locals:         0       0       0       0       0       0       0       0       0       0       0       0       
      +0       0       0
  2631 ;;      Temps:          0       0       0       0       0       0       0       0       0       0       0       0       
      +0       0       0
  2632 ;;      Totals:         0       0       0       0       0       0       0       0       0       0       0       0       
      +0       0       0
  2633 ;;Total ram usage:        0 bytes
  2634 ;; Hardware stack levels used: 1
  2635 ;; This function calls:
  2636 ;;		Nothing
  2637 ;; This function is called by:
  2638 ;;		_MCP4561_writeWiper
  2639 ;;		_MCP4561_writeTCON
  2640 ;;		_MCP4561_readWiper
  2641 ;; This function uses a non-reentrant model
  2642 ;;
  2643                           
  2644                           	psect	text10
  2645   001B44                     __ptext10:
  2646                           	callstack 0
  2647   001B44                     _I2C_start:
  2648                           	callstack 29
  2649   001B44                     
  2650                           ;OPAMP.c: 178:     SSP2CON2bits.SEN = 1;
  2651   001B44  010F               	movlb	15	; () banked
  2652   001B46  8118               	bsf	24,0,b	;volatile
  2653   001B48                     l46:
  2654                           
  2655                           ; BSR set to: 15
  2656   001B48  B118               	btfsc	24,0,b	;volatile
  2657   001B4A  EFA9  F00D         	goto	u11
  2658   001B4E  EFAB  F00D         	goto	u10
  2659   001B52                     u11:
  2660   001B52  EFA4  F00D         	goto	l46
  2661   001B56                     u10:
  2662   001B56                     
  2663                           ; BSR set to: 15
  2664   001B56  0012               	return		;funcret
  2665   001B58                     __end_of_I2C_start:
  2666                           	callstack 0
  2667                           
  2668 ;; *************** function _I2C_init *****************
  2669 ;; Defined at:
  2670 ;;		line 165 in file "OPAMP.c"
  2671 ;; Parameters:    Size  Location     Type
  2672 ;;		None
  2673 ;; Auto vars:     Size  Location     Type
  2674 ;;		None
  2675 ;; Return value:  Size  Location     Type
  2676 ;;                  1    wreg      void 
  2677 ;; Registers used:
  2678 ;;		wreg, status,2
  2679 ;; Tracked objects:
  2680 ;;		On entry : 0/0
  2681 ;;		On exit  : 0/0
  2682 ;;		Unchanged: 0/0
  2683 ;; Data sizes:     COMRAM   BANK0   BANK1   BANK2   BANK3   BANK4   BANK5   BANK6   BANK7   BANK8   BANK9  BANK10  BANK1
      +1  BANK12  BANK13
  2684 ;;      Params:         0       0       0       0       0       0       0       0       0       0       0       0       
      +0       0       0
  2685 ;;      Locals:         0       0       0       0       0       0       0       0       0       0       0       0       
      +0       0       0
  2686 ;;      Temps:          2       0       0       0       0       0       0       0       0       0       0       0       
      +0       0       0
  2687 ;;      Totals:         2       0       0       0       0       0       0       0       0       0       0       0       
      +0       0       0
  2688 ;;Total ram usage:        2 bytes
  2689 ;; Hardware stack levels used: 1
  2690 ;; This function calls:
  2691 ;;		Nothing
  2692 ;; This function is called by:
  2693 ;;		_main
  2694 ;; This function uses a non-reentrant model
  2695 ;;
  2696                           
  2697                           	psect	text11
  2698   001A86                     __ptext11:
  2699                           	callstack 0
  2700   001A86                     _I2C_init:
  2701                           	callstack 30
  2702   001A86                     
  2703                           ;OPAMP.c: 166:     _delay((unsigned long)((50)*(16000000UL/4000.0)));
  2704   001A86  0E02               	movlw	2
  2705   001A88  6E02               	movwf	(??_I2C_init+1)^0,c
  2706   001A8A  0E04               	movlw	4
  2707   001A8C  6E01               	movwf	??_I2C_init^0,c
  2708   001A8E  0EBA               	movlw	186
  2709   001A90                     u1177:
  2710   001A90  2EE8               	decfsz	wreg,f,c
  2711   001A92  D7FE               	bra	u1177
  2712   001A94  2E01               	decfsz	??_I2C_init^0,f,c
  2713   001A96  D7FC               	bra	u1177
  2714   001A98  2E02               	decfsz	(??_I2C_init+1)^0,f,c
  2715   001A9A  D7FA               	bra	u1177
  2716   001A9C  D000               	nop2	
  2717   001A9E                     
  2718                           ;OPAMP.c: 167:     SSP2STAT = 0x00;
  2719   001A9E  010F               	movlb	15	; () banked
  2720   001AA0  6B1A               	clrf	26,b	;volatile
  2721   001AA2                     
  2722                           ; BSR set to: 15
  2723                           ;OPAMP.c: 168:     SSP2STATbits.SMP = 1;
  2724   001AA2  8F1A               	bsf	26,7,b	;volatile
  2725   001AA4                     
  2726                           ; BSR set to: 15
  2727                           ;OPAMP.c: 169:     SSP2ADD = 0x27;
  2728   001AA4  0E27               	movlw	39
  2729   001AA6  6F02               	movwf	2,b	;volatile
  2730   001AA8                     
  2731                           ; BSR set to: 15
  2732                           ;OPAMP.c: 170:     SSP2CON1 = 0x28;
  2733   001AA8  0E28               	movlw	40
  2734   001AAA  6F19               	movwf	25,b	;volatile
  2735   001AAC                     
  2736                           ; BSR set to: 15
  2737                           ;OPAMP.c: 171:     SSP2CON2 = 0x00;
  2738   001AAC  6B18               	clrf	24,b	;volatile
  2739   001AAE                     
  2740                           ; BSR set to: 15
  2741                           ;OPAMP.c: 172:     SSP2CON1bits.SSPEN = 1;
  2742   001AAE  8B19               	bsf	25,5,b	;volatile
  2743   001AB0                     
  2744                           ; BSR set to: 15
  2745                           ;OPAMP.c: 173:     TRISDbits.TRISD5 = 1;
  2746   001AB0  8A95               	bsf	149,5,c	;volatile
  2747   001AB2                     
  2748                           ; BSR set to: 15
  2749                           ;OPAMP.c: 174:     TRISDbits.TRISD6 = 1;
  2750   001AB2  8C95               	bsf	149,6,c	;volatile
  2751   001AB4                     
  2752                           ; BSR set to: 15
  2753   001AB4  0012               	return		;funcret
  2754   001AB6                     __end_of_I2C_init:
  2755                           	callstack 0
  2756                           
  2757 ;; *************** function _ADC_Init *****************
  2758 ;; Defined at:
  2759 ;;		line 246 in file "OPAMP.c"
  2760 ;; Parameters:    Size  Location     Type
  2761 ;;		None
  2762 ;; Auto vars:     Size  Location     Type
  2763 ;;		None
  2764 ;; Return value:  Size  Location     Type
  2765 ;;                  1    wreg      void 
  2766 ;; Registers used:
  2767 ;;		wreg, status,2
  2768 ;; Tracked objects:
  2769 ;;		On entry : 0/0
  2770 ;;		On exit  : 0/0
  2771 ;;		Unchanged: 0/0
  2772 ;; Data sizes:     COMRAM   BANK0   BANK1   BANK2   BANK3   BANK4   BANK5   BANK6   BANK7   BANK8   BANK9  BANK10  BANK1
      +1  BANK12  BANK13
  2773 ;;      Params:         0       0       0       0       0       0       0       0       0       0       0       0       
      +0       0       0
  2774 ;;      Locals:         0       0       0       0       0       0       0       0       0       0       0       0       
      +0       0       0
  2775 ;;      Temps:          0       0       0       0       0       0       0       0       0       0       0       0       
      +0       0       0
  2776 ;;      Totals:         0       0       0       0       0       0       0       0       0       0       0       0       
      +0       0       0
  2777 ;;Total ram usage:        0 bytes
  2778 ;; Hardware stack levels used: 1
  2779 ;; This function calls:
  2780 ;;		Nothing
  2781 ;; This function is called by:
  2782 ;;		_main
  2783 ;; This function uses a non-reentrant model
  2784 ;;
  2785                           
  2786                           	psect	text12
  2787   001ADA                     __ptext12:
  2788                           	callstack 0
  2789   001ADA                     _ADC_Init:
  2790                           	callstack 30
  2791   001ADA                     
  2792                           ;OPAMP.c: 247:     ANCON1bits.ANSEL0 = 1;
  2793   001ADA  010E               	movlb	14	; () banked
  2794   001ADC  8147               	bsf	71,0,b	;volatile
  2795                           
  2796                           ;OPAMP.c: 248:     TRISAbits.TRISA0 = 1;
  2797   001ADE  8092               	bsf	146,0,c	;volatile
  2798                           
  2799                           ;OPAMP.c: 250:     ADCON1Hbits.ADON = 1;
  2800   001AE0  8EC1               	bsf	193,7,c	;volatile
  2801   001AE2                     
  2802                           ; BSR set to: 14
  2803                           ;OPAMP.c: 251:     ADCON1Hbits.FORM = 0b000;
  2804   001AE2  0EFC               	movlw	-4
  2805   001AE4  16C1               	andwf	193,f,c	;volatile
  2806   001AE6                     
  2807                           ; BSR set to: 14
  2808                           ;OPAMP.c: 252:     ADCON3Hbits.ADRC = 0;
  2809   001AE6  9F8B               	bcf	139,7,b	;volatile
  2810                           
  2811                           ;OPAMP.c: 253:     ADCON3Hbits.SAMC = 0b01100;
  2812   001AE8  518B               	movf	139,w,b	;volatile
  2813   001AEA  0BE0               	andlw	-32
  2814   001AEC  090C               	iorlw	12
  2815   001AEE  6F8B               	movwf	139,b	;volatile
  2816                           
  2817                           ;OPAMP.c: 254:     ADCON3L = 0x03;
  2818   001AF0  0E03               	movlw	3
  2819   001AF2  6F8A               	movwf	138,b	;volatile
  2820                           
  2821                           ;OPAMP.c: 255:     ADCHS0Hbits.CH0SB = 0b000;
  2822   001AF4  0EE0               	movlw	-32
  2823   001AF6  1787               	andwf	135,f,b	;volatile
  2824   001AF8                     
  2825                           ; BSR set to: 14
  2826   001AF8  0012               	return		;funcret
  2827   001AFA                     __end_of_ADC_Init:
  2828                           	callstack 0
  2829                           
  2830                           	psect	smallconst
  2831   001000                     __psmallconst:
  2832                           	callstack 0
  2833   001000  00                 	db	0
  2834   001001  00                 	db	0	; dummy byte at the end
  2835   001000                     __smallconst    set	__psmallconst
  2836   001000                     __mediumconst   set	__psmallconst
  2837   000000                     __activetblptr  equ	0
  2838                           
  2839                           	psect	rparam
  2840   000001                     ___rparam_used  equ	1
  2841   000000                     ___param_bank   equ	0
  2842   000000                     __Lparam        equ	__Lrparam
  2843   000000                     __Hparam        equ	__Hrparam
  2844                           
  2845                           	psect	config
  2846                           
  2847                           ;Config register CONFIG1L @ 0x1FFF0
  2848                           ;	Stack Overflow/Underflow Reset
  2849                           ;	STVREN = OFF, Disabled
  2850                           ;	Extended Instruction Set
  2851                           ;	XINST = OFF, Disabled
  2852   01FFF0                     	org	131056
  2853   01FFF0  80                 	db	128
  2854                           
  2855                           ;Config register CONFIG1H @ 0x1FFF1
  2856                           ;	Brown-Out Reset Enable
  2857                           ;	BOREN = OFF, Disabled in hardware
  2858                           ;	Brown-out Reset Voltage
  2859                           ;	BORV = 0, 2.0V
  2860                           ;	Code Protect
  2861                           ;	CP0 = OFF, Program memory is not code-protected
  2862   01FFF1                     	org	131057
  2863   01FFF1  F4                 	db	244
  2864                           
  2865                           ;Config register CONFIG2L @ 0x1FFF2
  2866                           ;	Oscillator
  2867                           ;	FOSC = FRCDIV, Fast RC Oscillator with Postscaler (FRCDIV)
  2868                           ;	T1OSC/SOSC Power Selection Bits
  2869                           ;	SOSCSEL = LOW, Low Power T1OSC/SOSC circuit selected
  2870                           ;	Clock Out Enable Bit
  2871                           ;	CLKOEN = ON, CLKO output enabled on the RA6 pin
  2872                           ;	Internal External Oscillator Switch Over Mode
  2873                           ;	IESO = ON, Enabled
  2874   01FFF2                     	org	131058
  2875   01FFF2  AF                 	db	175
  2876                           
  2877                           ;Config register CONFIG2H @ 0x1FFF3
  2878                           ;	PLL Frequency Multiplier Select bits
  2879                           ;	PLLDIV = NODIV, 96 MHz PLL selected; No divide - Oscillator used directly (4 MHz input
      +                          )
  2880   01FFF3                     	org	131059
  2881   01FFF3  F0                 	db	240
  2882                           
  2883                           ;Config register CONFIG3L @ 0x1FFF4
  2884                           ;	Primary Oscillator Select
  2885                           ;	POSCMD = HS, HS oscillator mode selected(10 MHz - 40 MHz)
  2886                           ;	Clock Switching and Monitor Selection Configuration bits
  2887                           ;	FSCM = CSECMD, Clock switching is enabled, fail safe clock monitor is disabled
  2888   01FFF4                     	org	131060
  2889   01FFF4  12                 	db	18
  2890                           
  2891                           ;Config register CONFIG3H @ 0x1FFF5
  2892                           ;	unspecified, using default values
  2893   01FFF5                     	org	131061
  2894   01FFF5  F0                 	db	240
  2895                           
  2896                           ;Config register CONFIG4L @ 0x1FFF6
  2897                           ;	Write/Erase Protect Page Start/End Boundary
  2898                           ;	WPFP = WPFP255, Write Protect Program Flash Page 255
  2899   01FFF6                     	org	131062
  2900   01FFF6  FF                 	db	255
  2901                           
  2902                           ;Config register CONFIG4H @ 0x1FFF7
  2903                           ;	Segment Write Protection Disable
  2904                           ;	WPDIS = WPDIS, Disabled
  2905                           ;	Segment Write Protection End Page Select
  2906                           ;	WPEND = WPENDMEM, Write Protect from WPFP to the last page of memory
  2907                           ;	Write Protect Configuration Page Select
  2908                           ;	WPCFG = WPCFGDIS, Disabled
  2909   01FFF7                     	org	131063
  2910   01FFF7  F7                 	db	247
  2911                           
  2912                           ;Config register CONFIG5L @ 0x1FFF8
  2913                           ;	TMR5 Gate Select bit
  2914                           ;	T5GSEL = T5G, TMR5 Gate is driven by the T5G input
  2915                           ;	CxINA Gate Select bit
  2916                           ;	CINASEL = DEFAULT, C1INA and C3INA are on their default pin locations
  2917                           ;	External Address Shift bit
  2918                           ;	EASHFT = ON, Address Shifting enabled
  2919                           ;	Address Bus Width Select bits
  2920                           ;	ABW = MM, 8-bit address bus
  2921                           ;	Data Bus Width
  2922                           ;	BW = 16, 16-bit external bus mode
  2923                           ;	External Bus Wait
  2924                           ;	WAIT = OFF, Disabled
  2925   01FFF8                     	org	131064
  2926   01FFF8  FB                 	db	251
  2927                           
  2928                           ;Config register CONFIG5H @ 0x1FFF9
  2929                           ;	IOLOCK One-Way Set Enable bit
  2930                           ;	IOL1WAY = ON, Once set, the IOLOCK bit cannot be cleared
  2931                           ;	USB Low Speed Clock Select bit
  2932                           ;	LS48MHZ = SYSX2, Divide-by-2 (System clock must be 12 MHz)
  2933                           ;	MSSP2 7-Bit Address Masking Mode Enable bit
  2934                           ;	MSSPMSK2 = MSK7, 7 Bit address masking mode
  2935                           ;	MSSP1 7-Bit Address Masking Mode Enable bit
  2936                           ;	MSSPMSK1 = MSK7, 7 Bit address masking mode
  2937   01FFF9                     	org	131065
  2938   01FFF9  FF                 	db	255
  2939                           
  2940                           ;Config register CONFIG6L @ 0x1FFFA
  2941                           ;	Watch Dog Timer Window
  2942                           ;	WDTWIN = PS25_0, Watch Dog Timer Window Width is 25 percent
  2943                           ;	Watch Dog Timer Clock Source
  2944                           ;	WDTCLK = LPRC, Always use INTOSC/LPRC
  2945                           ;	Watchdog Timer Postscale
  2946                           ;	WDTPS = 32768, 1:32768
  2947   01FFFA                     	org	131066
  2948   01FFFA  FB                 	db	251
  2949                           
  2950                           ;Config register CONFIG6H @ 0x1FFFB
  2951                           ;	Watchdog Timer Enable
  2952                           ;	WDTEN = OFF, WDT disabled in hardware; SWDTEN bit disabled
  2953                           ;	Windowed Watchdog Timer Disable
  2954                           ;	WINDIS = WDTSTD, Standard WDT selected; windowed WDT disabled
  2955                           ;	WDT Prescaler
  2956                           ;	WPSA = 128, WDT prescaler ratio of 1:128
  2957   01FFFB                     	org	131067
  2958   01FFFB  FC                 	db	252
  2959                           
  2960                           ;Config register CONFIG7L @ 0x1FFFC
  2961                           ;	Retention Voltage Regulator Control Enable
  2962                           ;	RETEN = OFF, Retention not available
  2963                           ;	VBAT BOR Enable
  2964                           ;	VBTBOR = OFF, VBAT BOR is disabled
  2965                           ;	Deep Sleep BOR Enable
  2966                           ;	DSBOREN = ON, BOR enabled in Deep Sleep
  2967                           ;	DSEN Bit Enable bit
  2968                           ;	DSBITEN = ON, Deep Sleep is controlled by the register bit DSEN
  2969   01FFFC                     	org	131068
  2970   01FFFC  19                 	db	25
  2971                           
  2972                           ;Config register CONFIG7H @ 0x1FFFD
  2973                           ;	unspecified, using default values
  2974   01FFFD                     	org	131069
  2975   01FFFD  F0                 	db	240
  2976                           
  2977                           ;Config register CONFIG8L @ 0x1FFFE
  2978                           ;	Deep Sleep Watchdog Timer Postscale Select
  2979                           ;	DSWDTPS = DSWDTPS1F, 1:68719476736 (25.7 Days)
  2980   01FFFE                     	org	131070
  2981   01FFFE  F8                 	db	248
  2982                           
  2983                           ;Config register CONFIG8H @ 0x1FFFF
  2984                           ;	Deep Sleep Watchdog Timer Enable
  2985                           ;	DSWDTEN = ON, DSWDT Enabled
  2986                           ;	DSWDT Reference Clock Select
  2987                           ;	DSWDTOSC = LPRC, DSWDT uses LPRC as reference clock
  2988   01FFFF                     	org	131071
  2989   01FFFF  F3                 	db	243
  2990                           tosu	equ	0xFFF
  2991                           tosh	equ	0xFFE
  2992                           tosl	equ	0xFFD
  2993                           stkptr	equ	0xFFC
  2994                           pclatu	equ	0xFFB
  2995                           pclath	equ	0xFFA
  2996                           pcl	equ	0xFF9
  2997                           tblptru	equ	0xFF8
  2998                           tblptrh	equ	0xFF7
  2999                           tblptrl	equ	0xFF6
  3000                           tablat	equ	0xFF5
  3001                           prodh	equ	0xFF4
  3002                           prodl	equ	0xFF3
  3003                           indf0	equ	0xFEF
  3004                           postinc0	equ	0xFEE
  3005                           postdec0	equ	0xFED
  3006                           preinc0	equ	0xFEC
  3007                           plusw0	equ	0xFEB
  3008                           fsr0h	equ	0xFEA
  3009                           fsr0l	equ	0xFE9
  3010                           wreg	equ	0xFE8
  3011                           indf1	equ	0xFE7
  3012                           postinc1	equ	0xFE6
  3013                           postdec1	equ	0xFE5
  3014                           preinc1	equ	0xFE4
  3015                           plusw1	equ	0xFE3
  3016                           fsr1h	equ	0xFE2
  3017                           fsr1l	equ	0xFE1
  3018                           bsr	equ	0xFE0
  3019                           indf2	equ	0xFDF
  3020                           postinc2	equ	0xFDE
  3021                           postdec2	equ	0xFDD
  3022                           preinc2	equ	0xFDC
  3023                           plusw2	equ	0xFDB
  3024                           fsr2h	equ	0xFDA
  3025                           fsr2l	equ	0xFD9
  3026                           status	equ	0xFD8

Data Sizes:
    Strings     0
    Constant    0
    Data        0
    BSS         10
    Persistent  0
    Stack       0

Auto Spaces:
    Space          Size  Autos    Used
    COMRAM           95     70      80
    BANK0           160      0       0
    BANK1           256      0       0
    BANK2           256      0       0
    BANK3           256      0       0
    BANK4           256      0       0
    BANK5           256      0       0
    BANK6           256      0       0
    BANK7           256      0       0
    BANK8           256      0       0
    BANK9           256      0       0
    BANK10          256      0       0
    BANK11          256      0       0
    BANK12          256      0       0
    BANK13          250      0       0

Pointer List with Targets:

    None.

Critical Paths under _main in COMRAM

    _main->_measure_once
    _measure_once->___flmul
    ___flmul->___fldiv
    ___fldiv->___xxtofl
    _MCP4561_writeWiper->_I2C_write
    _MCP4561_writeTCON->_I2C_write

Critical Paths under _main in BANK0

    None.

Critical Paths under _main in BANK1

    None.

Critical Paths under _main in BANK2

    None.

Critical Paths under _main in BANK3

    None.

Critical Paths under _main in BANK4

    None.

Critical Paths under _main in BANK5

    None.

Critical Paths under _main in BANK6

    None.

Critical Paths under _main in BANK7

    None.

Critical Paths under _main in BANK8

    None.

Critical Paths under _main in BANK9

    None.

Critical Paths under _main in BANK10

    None.

Critical Paths under _main in BANK11

    None.

Critical Paths under _main in BANK12

    None.

Critical Paths under _main in BANK13

    None.

Call Graph Tables:

 ---------------------------------------------------------------------------------
 (Depth) Function   	        Calls       Base Space   Used Autos Params    Refs
 ---------------------------------------------------------------------------------
 (0) _main                                                 2     2      0    3018
                                             68 COMRAM     2     2      0
                           _ADC_Init
                           _I2C_init
                  _MCP4561_writeTCON
                 _MCP4561_writeWiper
                       _measure_once
 ---------------------------------------------------------------------------------
 (1) _measure_once                                         4     0      4    2928
                                             64 COMRAM     4     0      4
                           _ADC_Read
                            ___fldiv
                            ___flmul
                           ___xxtofl
 ---------------------------------------------------------------------------------
 (2) ___xxtofl                                            14    10      4     337
                                              0 COMRAM    14    10      4
 ---------------------------------------------------------------------------------
 (2) ___flmul                                             25    17      8    1468
                                             39 COMRAM    25    17      8
                            ___fldiv (ARG)
                           ___xxtofl (ARG)
 ---------------------------------------------------------------------------------
 (2) ___fldiv                                             25    17      8    1123
                                             14 COMRAM    25    17      8
                           ___xxtofl (ARG)
 ---------------------------------------------------------------------------------
 (2) _ADC_Read                                             2     0      2       0
                                              0 COMRAM     2     0      2
 ---------------------------------------------------------------------------------
 (1) _MCP4561_writeWiper                                   4     4      0      45
                                              1 COMRAM     3     3      0
                          _I2C_start
                           _I2C_stop
                          _I2C_write
 ---------------------------------------------------------------------------------
 (1) _MCP4561_writeTCON                                    2     2      0      45
                                              1 COMRAM     1     1      0
                          _I2C_start
                           _I2C_stop
                          _I2C_write
 ---------------------------------------------------------------------------------
 (2) _I2C_write                                            1     1      0      15
                                              0 COMRAM     1     1      0
 ---------------------------------------------------------------------------------
 (2) _I2C_stop                                             0     0      0       0
 ---------------------------------------------------------------------------------
 (2) _I2C_start                                            0     0      0       0
 ---------------------------------------------------------------------------------
 (1) _I2C_init                                             2     2      0       0
                                              0 COMRAM     2     2      0
 ---------------------------------------------------------------------------------
 (1) _ADC_Init                                             0     0      0       0
 ---------------------------------------------------------------------------------
 Estimated maximum stack depth 2
 ---------------------------------------------------------------------------------

 Call Graph Graphs:

 _main (ROOT)
   _ADC_Init
   _I2C_init
   _MCP4561_writeTCON
     _I2C_start
     _I2C_stop
     _I2C_write
   _MCP4561_writeWiper
     _I2C_start
     _I2C_stop
     _I2C_write
   _measure_once
     _ADC_Read
     ___fldiv
       ___xxtofl (ARG)
     ___flmul
       ___fldiv (ARG)
       ___xxtofl (ARG)
     ___xxtofl

Address spaces:
Name               Size   Autos  Total    Usage
BIGRAM            3577      0       0      0.0%
BITBANK12          256      0       0      0.0%
BANK12             256      0       0      0.0%
BITBANK11          256      0       0      0.0%
BANK11             256      0       0      0.0%
BITBANK10          256      0       0      0.0%
BANK10             256      0       0      0.0%
BITBANK9           256      0       0      0.0%
BANK9              256      0       0      0.0%
BITBANK8           256      0       0      0.0%
BANK8              256      0       0      0.0%
BITBANK7           256      0       0      0.0%
BANK7              256      0       0      0.0%
BITBANK6           256      0       0      0.0%
BANK6              256      0       0      0.0%
BITBANK5           256      0       0      0.0%
BANK5              256      0       0      0.0%
BITBANK4           256      0       0      0.0%
BANK4              256      0       0      0.0%
BITBANK3           256      0       0      0.0%
BANK3              256      0       0      0.0%
BITBANK2           256      0       0      0.0%
BANK2              256      0       0      0.0%
BITBANK1           256      0       0      0.0%
BANK1              256      0       0      0.0%
BITBANK13          250      0       0      0.0%
BANK13             250      0       0      0.0%
BITBIGSFRh         226      0       0      0.0%
BITBANK0           160      0       0      0.0%
BANK0              160      0       0      0.0%
BITBIGSFRlh        143      0       0      0.0%
BITCOMRAM           95      0       0      0.0%
COMRAM              95     70      80     84.2%
BITBIGSFRllll       77      0       0      0.0%
BITBIGSFRlllh       63      0       0      0.0%
BITBIGSFRllh         2      0       0      0.0%
STACK                0      0       0      0.0%
DATA                 0      0      80      0.0%


Microchip Technology PIC18 Macro Assembler V3.00 build 20241204225717 
Symbol Table                                                                                   Wed Aug 20 15:12:24 2025

              ___fldiv@aexp 0027                ___fldiv@bexp 0026                ___fldiv@sign 001F  
                        l43 1AB4                          l52 1B34                          l46 1B48  
                        l55 1B42                          l64 1B1E                          l49 1B56  
                        l67 1B2E                          l91 1AC2                          l85 1B16  
                        l93 1AD0                          l94 1AD8                          l79 1A84  
                        l88 1AF8                          l97 19F2                          u10 1B56  
                        u11 1B52                          u20 1B42                          u21 1B3E  
                        u30 1B2E                          u31 1B2A                         l703 1660  
                       l704 167E                         l705 16D6                         l706 16C4  
                       l731 12BC                         l732 12DA                         l724 10C6  
                       l741 13E8                         l733 1332                         l734 1320  
                       l728 1426                         l692 17B6                         l772 18A6  
                       l765 180E                         l694 161A                         l783 1B44  
                       l768 196A                         l785 1B30                         l697 15DE  
                       l787 1B1A                         l779 1902                         u600 1AD0  
                       u601 1ACC                         u610 1442                         u611 143E  
                       u700 15DC                         u620 1454                         u701 15D8  
                       u621 1450                         u710 1606                         u630 1464  
                       u711 1602                         u631 1460                         u800 1700  
                       u720 162A                         u640 14A6                         u801 16FC  
                       u721 1626                         u641 14A2                         u810 1748  
                       u730 1640                         u650 14B8                         u811 1744  
                       u731 163C                         u651 14B4                         u820 1778  
                       u740 165E                         u660 14C8                         u900 10D6  
                       u821 1774                         u741 165A                         u661 14C4  
                       u901 10D2                         u830 17A4                         u750 167E  
                       u670 1506                         u910 10E6                         u831 17A0  
                       u751 167A                         u671 1502                         u911 10E2  
                       u760 168E                         u680 1546                         u920 1260  
                       u840 101C                         u761 168A                         u681 1542  
                       u841 1018                         u770 16BC                         u690 15BA  
                       u930 12BA                         u850 102E                         u771 16B8  
                       u691 15B6                         u931 12B6                         u851 102A  
                       u780 16D2                         u940 12DA                         u860 103E  
                       u781 16CE                         u941 12D6                         u925 1256  
                       u861 103A                         u790 16E6                         u950 12EA  
                       u870 107E                         u791 16E2                         u951 12E6  
                       u871 107A                         u960 1318                         u880 1090  
                       u961 1314                         u881 108C                         u970 132E  
                       u890 10A0                         u971 132A                         u891 109C  
                       u980 1342                         u981 133E                         u990 135C  
                       u991 1358                         wreg 0FE8                ___flmul@aexp 0039  
              ___flmul@bexp 003A                ___flmul@sign 0034                ___flmul@temp 003F  
              ___flmul@prod 003B                        l1111 1AA4                        l1121 1AB2  
                      l1113 1AA8                        l1105 1A86                        l1201 1AC0  
                      l1115 1AAC                        l1107 1A9E                        l1131 1A52  
                      l1211 1454                        l1203 1428                        l1117 1AAE  
                      l1109 1AA2                        l1141 1A68                        l1133 1A52  
                      l1301 16BC                        l1221 148C                        l1213 1464  
                      l1205 1434                        l1119 1AB0                        l1151 1B06  
                      l1143 1A6C                        l1135 1A56                        l1311 172A  
                      l1231 14B8                        l1223 1492                        l1215 1474  
                      l1207 1442                        l1161 1AE6                        l1153 1B0C  
                      l1145 1AFC                        l1137 1A5C                        l1321 1790  
                      l1305 16E6                        l1313 172E                        l1241 14F0  
                      l1233 14C8                        l1225 1498                        l1217 1476  
                      l1209 1444                        l1401 1198                        l1155 1B12  
                      l1147 1AFC                        l1139 1A62                        l1331 17AC  
                      l1323 1792                        l1315 1748                        l1307 16F2  
                      l1243 1506                        l1235 14D8                        l1227 14A6  
                      l1219 147C                        l1411 11FA                        l1403 11A8  
                      l1157 1ADA                        l1149 1B00                        l1325 1796  
                      l1317 175E                        l1309 1700                        l1261 155A  
                      l1245 1516                        l1253 1536                        l1237 14DA  
                      l1229 14A8                        l1421 12A2                        l1413 1216  
                      l1405 11C2                        l1341 100E                        l1501 1916  
                      l1159 1AE2                        l1327 17A4                        l1319 1778  
                      l1271 15AA                        l1263 1574                        l1255 1546  
                      l1247 151E                        l1239 14E0                        l1431 1318  
                      l1423 12AC                        l1415 1240                        l1407 11D2  
                      l1351 104E                        l1343 101C                        l1503 193A  
                      l1329 17AA                        l1281 1606                        l1273 15BA  
                      l1265 1584                        l1257 1546                        l1249 1522  
                      l1441 1386                        l1425 12BA                        l1417 1276  
                      l1409 11EE                        l1361 107E                        l1353 1054  
                      l1345 101E                        l1505 194A                        l1513 196C  
                      l1521 19F4                        l1291 1646                        l1283 1608  
                      l1275 15CE                        l1267 1594                        l1451 13E2  
                      l1435 1342                        l1443 138A                        l1427 12CC  
                      l1419 1284                        l1371 10B6                        l1363 1080  
                      l1355 1064                        l1347 102E                        l1339 1002  
                      l1507 1958                        l1515 1978                        l1523 1A08  
                      l1197 1AB6                        l1293 1650                        l1285 1618  
                      l1277 15DC                        l1269 15A4                        l1453 13EC  
                      l1461 1412                        l1445 13A4                        l1437 134E  
                      l1429 12EA                        l1381 1106                        l1373 10D6  
                      l1365 1090                        l1357 106A                        l1349 103E  
                      l1509 195A                        l1517 19E2                        l1525 1A1E  
                      l1199 1AB8                        l1295 165E                        l1287 162A  
                      l1279 15E8                        l1463 1416                        l1455 13FC  
                      l1447 13B8                        l1439 135C                        l1391 1156  
                      l1383 1110                        l1375 10E6                        l1367 10A0  
                      l1359 1070                        l1471 17D8                        l1527 1A32  
                      l1289 1640                        l1297 1670                        l1457 140A  
                      l1449 13D2                        l1393 1162                        l1385 1126  
                      l1369 10B0                        l1481 1850                        l1473 181E  
                      l1299 168E                        l1459 140C                        l1395 1170  
                      l1387 1132                        l1379 10FA                        l1491 18D8  
                      l1483 185C                        l1475 1834                        l1467 17BA  
                      l1397 117C                        l1389 114A                        l1493 18E4  
                      l1485 188E                        l1469 17CA                        l1399 118C  
                      l1495 18F2                        l1487 1890                        l1479 1848  
                      l1497 1910                        l1489 189C                        l1499 1912  
                      u1000 13A4                        u1001 13A0                        u1010 13D2  
                      u1011 13CE                        u1020 140A                        u1100 1910  
                      u1021 1406                        u1101 190C                        u1110 194A  
                      u1030 17CA                        u1111 1946                        u1031 17C6  
                      u1120 1958                        u1040 17D8                        u1121 1954  
                      u1041 17D4                        u1050 1834                        u1051 1830  
                      u1060 188A                        u1061 1886                        u1070 18D4  
                      u1071 18D0                        u1080 18F2                        u1081 18EE  
                      u1137 1A12                        u1090 1902                        u1091 18FE  
                      u1147 1A3C                        u1157 1ABA                        u1167 1A76  
                      u1177 1A90                        _main 19F4            __end_of_ADC_Init 1AFA  
          __end_of_ADC_Read 1ADA            __end_of_I2C_init 1AB6                        prodh 0FF4  
                      prodl 0FF3                        start FFEC            __end_of_I2C_stop 1B44  
           ___fldiv@new_exp 0020                ___param_bank 0000               I2C_write@data 0001  
                     ?_main 0001             __end_of___fldiv 17B8             __end_of___flmul 1428  
                     status 0FD8           __end_of_I2C_start 1B58           __end_of_I2C_write 1B30  
           __initialization 1B58                __end_of_main 1A50               ?_measure_once 0041  
                    ??_main 0045               __activetblptr 0000            __end_of___xxtofl 196C  
                 ??___fldiv 0017                   ??___flmul 0030              ??_measure_once 0045  
                    clear_0 1B5E                      isa$std 0001                      _vout_v 004B  
                 ?_ADC_Init 0001                   ?_ADC_Read 0001                __mediumconst 1000  
                 ?_I2C_init 0001                   ?_I2C_stop 0001                ___xxtofl@arg 000B  
              ___xxtofl@exp 000A                ___xxtofl@val 0001                  __accesstop 0060  
   __end_of__initialization 1B64               ___rparam_used 0001  __end_of_MCP4561_writeWiper 1A86  
            __pcstackCOMRAM 0001           _MCP4561_writeTCON 1AFA          ?_MCP4561_writeTCON 0001  
                ??_ADC_Init 0001                  ??_ADC_Read 0003                  ??_I2C_init 0001  
                ??_I2C_stop 0001         ??_MCP4561_writeTCON 0002   __end_of_MCP4561_writeTCON 1B18  
                   _ADCBUF0 0FC2                     _ADCON3L 0E8A                   ?___xxtofl 0001  
                   _SSP2ADD 0F02                     _SSP2BUF 0F03        __end_of_measure_once 19F4  
                   __Hparam 0000                     __Lparam 0000                   _I2C_start 1B44  
                 _I2C_write 1B18                     ___fldiv 1428                     ___flmul 1002  
                   _adc_raw 004F                __psmallconst 1000                     __pcinit 1B58  
                   __ramtop 1000                     __ptext0 19F4                     __ptext1 196C  
                   __ptext2 17B8                     __ptext3 1002                     __ptext4 1428  
                   __ptext5 1AB6                     __ptext6 1A50                     __ptext7 1AFA  
                   __ptext8 1B18                     __ptext9 1B30     MCP4561_writeWiper@value 0004  
                ??___xxtofl 0005                     _voltage 0047        end_of_initialization 1B64  
                ?_I2C_start 0001                  ?_I2C_write 0001                     postinc0 0FEE  
               _ADCHS0Hbits 0E87               ___xxtofl@sign 0009                 _ADCON1Hbits 0FC1  
               _ADCON1Lbits 0FC0                 _ADCON3Hbits 0E8B                   _TRISAbits 0F92  
                 _TRISDbits 0F95                 ___fldiv@grs 0022                 ___fldiv@rem 001B  
               ___flmul@grs 0035          _MCP4561_writeWiper 1A50         start_initialization 1B58  
       ?_MCP4561_writeWiper 0001                 ??_I2C_start 0001                 ??_I2C_write 0001  
      ??_MCP4561_writeWiper 0002                _measure_once 196C                   ___fldiv@a 0013  
                 ___fldiv@b 000F                   ___flmul@a 002C                   ___flmul@b 0028  
               __pbssCOMRAM 0047                    ?___fldiv 000F                    ?___flmul 0028  
               __smallconst 1000                    _ADC_Init 1ADA                    _ADC_Read 1AB6  
                  _I2C_init 1A86                    _I2C_stop 1B30                    _SSP2CON1 0F19  
                  _SSP2CON2 0F18                    _SSP2STAT 0F1A                  _ANCON1bits 0E47  
                  __Hrparam 0000                    __Lrparam 0000     MCP4561_writeTCON@config 0002  
                  ___xxtofl 17B8                    __ptext10 1B44                    __ptext11 1A86  
                  __ptext12 1ADA                _SSP2CON1bits 0F19                _SSP2CON2bits 0F18  
                  isa$xinst 0000                _SSP2STATbits 0F1A  
