

Microchip MPLAB XC8 Assembler V3.00 build 20241204225717 
                                                                                               Tue Aug 12 13:41:06 2025

Microchip MPLAB XC8 C Compiler v3.00 (Free license) build 20241204225717 Og1 
     1                           	processor	18F97J94
     2                           	fnconf	rparam,??,?,0
     3                           	pagewidth 120
     4                           	opt	flic
     5                           	psect	cinit,global,reloc=2,class=CODE,space=0,delta=1
     6                           	psect	bssCOMRAM,global,class=COMRAM,space=1,delta=1,lowdata,noexec
     7                           	psect	cstackCOMRAM,global,class=COMRAM,space=1,delta=1,lowdata,noexec
     8                           	psect	text0,global,reloc=2,class=CODE,space=0,delta=1
     9                           	psect	text1,global,reloc=2,class=CODE,space=0,delta=1
    10                           	psect	text2,global,reloc=2,class=CODE,space=0,delta=1,group=1
    11                           	psect	text3,global,reloc=2,class=CODE,space=0,delta=1,group=1
    12                           	psect	text4,global,reloc=2,class=CODE,space=0,delta=1,group=1
    13                           	psect	text5,global,reloc=2,class=CODE,space=0,delta=1
    14                           	psect	text6,global,reloc=2,class=CODE,space=0,delta=1
    15                           	psect	smallconst,global,reloc=2,class=SMALLCONST,space=0,delta=1,noexec
    16                           	psect	intsave_regs,global,class=BIGRAM,space=1,delta=1,noexec
    17                           	psect	rparam,global,class=COMRAM,space=1,delta=1,noexec
    18                           	psect	config,global,abs,ovrld,class=CONFIG,space=4,delta=1,noexec
    19   000000                     
    20                           ; Generated 17/08/2023 GMT
    21                           ; 
    22                           ; Copyright © 2023, Microchip Technology Inc. and its subsidiaries ("Microchip")
    23                           ; All rights reserved.
    24                           ; 
    25                           ; This software is developed by Microchip Technology Inc. and its subsidiaries ("Microch
      +                          ip").
    26                           ; 
    27                           ; Redistribution and use in source and binary forms, with or without modification, are
    28                           ; permitted provided that the following conditions are met:
    29                           ; 
    30                           ;     1. Redistributions of source code must retain the above copyright notice, this lis
      +                          t of
    31                           ;        conditions and the following disclaimer.
    32                           ; 
    33                           ;     2. Redistributions in binary form must reproduce the above copyright notice, this 
      +                          list
    34                           ;        of conditions and the following disclaimer in the documentation and/or other
    35                           ;        materials provided with the distribution. Publication is not required when
    36                           ;        this file is used in an embedded application.
    37                           ; 
    38                           ;     3. Microchip's name may not be used to endorse or promote products derived from th
      +                          is
    39                           ;        software without specific prior written permission.
    40                           ; 
    41                           ; THIS SOFTWARE IS PROVIDED BY MICROCHIP "AS IS" AND ANY EXPRESS OR IMPLIED WARRANTIES,
    42                           ; INCLUDING, BUT NOT LIMITED TO, THE IMPLIED WARRANTIES OF MERCHANTABILITY AND FITNESS F
      +                          OR
    43                           ; PURPOSE ARE DISCLAIMED.  IN NO EVENT SHALL MICROCHIP BE LIABLE FOR ANY DIRECT, INDIREC
      +                          T,
    44                           ; INCIDENTAL, SPECIAL, EXEMPLARY, OR CONSEQUENTIAL DAMAGES (INCLUDING BUT NOT LIMITED TO
    45                           ; PROCUREMENT OF SUBSTITUTE GOODS OR SERVICES; LOSS OF USE, DATA OR PROFITS; OR BUSINESS
    46                           ; INTERRUPTION) HOWSOEVER CAUSED AND ON ANY THEORY OF LIABILITY, WHETHER IN CONTRACT, ST
      +                          RICT
    47                           ; LIABILITY, OR TORT (INCLUDING NEGLIGENCE OR OTHERWISE) ARISING IN ANY WAY OUT OF THE U
      +                          SE OF
    48                           ; THIS SOFTWARE, EVEN IF ADVISED OF THE POSSIBILITY OF SUCH DAMAGE.
    49                           ; 
    50                           ; 
    51                           ; Code-generator required, PIC18F97J94 Definitions
    52                           ; 
    53                           ; SFR Addresses
    54   000FE0                     bsr             equ	4064
    55   000FE9                     fsr0            equ	4073
    56   000FEA                     fsr0h           equ	4074
    57   000FE9                     fsr0l           equ	4073
    58   000FE1                     fsr1            equ	4065
    59   000FE2                     fsr1h           equ	4066
    60   000FE1                     fsr1l           equ	4065
    61   000FD9                     fsr2            equ	4057
    62   000FDA                     fsr2h           equ	4058
    63   000FD9                     fsr2l           equ	4057
    64   000FEF                     indf0           equ	4079
    65   000FE7                     indf1           equ	4071
    66   000FDF                     indf2           equ	4063
    67   000FF2                     intcon          equ	4082
    68   000000                     nvmcon          equ	0
    69   000FF9                     pcl             equ	4089
    70   000FFA                     pclath          equ	4090
    71   000FFB                     pclatu          equ	4091
    72   000FEB                     plusw0          equ	4075
    73   000FE3                     plusw1          equ	4067
    74   000FDB                     plusw2          equ	4059
    75   000FED                     postdec0        equ	4077
    76   000FE5                     postdec1        equ	4069
    77   000FDD                     postdec2        equ	4061
    78   000FEE                     postinc0        equ	4078
    79   000FE6                     postinc1        equ	4070
    80   000FDE                     postinc2        equ	4062
    81   000FEC                     preinc0         equ	4076
    82   000FE4                     preinc1         equ	4068
    83   000FDC                     preinc2         equ	4060
    84   000FF3                     prod            equ	4083
    85   000FF4                     prodh           equ	4084
    86   000FF3                     prodl           equ	4083
    87   000FD8                     status          equ	4056
    88   000FF5                     tablat          equ	4085
    89   000FF6                     tblptr          equ	4086
    90   000FF7                     tblptrh         equ	4087
    91   000FF6                     tblptrl         equ	4086
    92   000FF8                     tblptru         equ	4088
    93   000FFD                     tosl            equ	4093
    94   000FE8                     wreg            equ	4072
    95   000DFF                     UEP0            equ	3583	;# 
    96   000E00                     UEP1            equ	3584	;# 
    97   000E01                     UEP2            equ	3585	;# 
    98   000E02                     UEP3            equ	3586	;# 
    99   000E03                     UEP4            equ	3587	;# 
   100   000E04                     UEP5            equ	3588	;# 
   101   000E05                     UEP6            equ	3589	;# 
   102   000E06                     UEP7            equ	3590	;# 
   103   000E07                     UEP8            equ	3591	;# 
   104   000E08                     UEP9            equ	3592	;# 
   105   000E09                     UEP10           equ	3593	;# 
   106   000E0A                     UEP11           equ	3594	;# 
   107   000E0B                     UEP12           equ	3595	;# 
   108   000E0C                     UEP13           equ	3596	;# 
   109   000E0D                     UEP14           equ	3597	;# 
   110   000E0E                     UEP15           equ	3598	;# 
   111   000E0F                     UEIE            equ	3599	;# 
   112   000E10                     UIE             equ	3600	;# 
   113   000E11                     UCFG            equ	3601	;# 
   114   000E12                     RPOR0_1         equ	3602	;# 
   115   000E13                     RPOR2_3         equ	3603	;# 
   116   000E14                     RPOR4_5         equ	3604	;# 
   117   000E15                     RPOR6_7         equ	3605	;# 
   118   000E16                     RPOR8_9         equ	3606	;# 
   119   000E17                     RPOR10_11       equ	3607	;# 
   120   000E18                     RPOR12_13       equ	3608	;# 
   121   000E19                     RPOR14_15       equ	3609	;# 
   122   000E1A                     RPOR16_17       equ	3610	;# 
   123   000E1B                     RPOR18_19       equ	3611	;# 
   124   000E1C                     RPOR20_21       equ	3612	;# 
   125   000E1D                     RPOR22_23       equ	3613	;# 
   126   000E1E                     RPOR24_25       equ	3614	;# 
   127   000E1F                     RPOR26_27       equ	3615	;# 
   128   000E20                     RPOR28_29       equ	3616	;# 
   129   000E21                     RPOR30_31       equ	3617	;# 
   130   000E22                     RPOR32_33       equ	3618	;# 
   131   000E23                     RPOR34_35       equ	3619	;# 
   132   000E24                     RPOR36_37       equ	3620	;# 
   133   000E25                     RPOR38_39       equ	3621	;# 
   134   000E26                     RPOR40_41       equ	3622	;# 
   135   000E27                     RPOR42_43       equ	3623	;# 
   136   000E28                     RPOR44_45       equ	3624	;# 
   137   000E29                     RPOR46          equ	3625	;# 
   138   000E2A                     RPINR0_1        equ	3626	;# 
   139   000E2B                     RPINR2_3        equ	3627	;# 
   140   000E2C                     RPINR4_5        equ	3628	;# 
   141   000E2D                     RPINR6_7        equ	3629	;# 
   142   000E2E                     RPINR8_9        equ	3630	;# 
   143   000E2F                     RPINR10_11      equ	3631	;# 
   144   000E30                     RPINR12_13      equ	3632	;# 
   145   000E31                     RPINR14_15      equ	3633	;# 
   146   000E32                     RPINR16_17      equ	3634	;# 
   147   000E33                     RPINR18_19      equ	3635	;# 
   148   000E34                     RPINR20_21      equ	3636	;# 
   149   000E35                     RPINR22_23      equ	3637	;# 
   150   000E36                     RPINR24_25      equ	3638	;# 
   151   000E37                     RPINR26_27      equ	3639	;# 
   152   000E38                     RPINR28_29      equ	3640	;# 
   153   000E39                     RPINR30_31      equ	3641	;# 
   154   000E3A                     RPINR32_33      equ	3642	;# 
   155   000E3B                     RPINR34_35      equ	3643	;# 
   156   000E3C                     RPINR36_37      equ	3644	;# 
   157   000E3D                     RPINR38_39      equ	3645	;# 
   158   000E3E                     RPINR40_41      equ	3646	;# 
   159   000E3F                     RPINR42_43      equ	3647	;# 
   160   000E40                     RPINR44_45      equ	3648	;# 
   161   000E41                     RPINR46_47      equ	3649	;# 
   162   000E42                     RPINR48_49      equ	3650	;# 
   163   000E43                     RPINR50_51      equ	3651	;# 
   164   000E44                     RPINR52_53      equ	3652	;# 
   165   000E45                     ANCON3          equ	3653	;# 
   166   000E46                     ANCON2          equ	3654	;# 
   167   000E47                     ANCON1          equ	3655	;# 
   168   000E48                     ADCBUF1         equ	3656	;# 
   169   000E48                     ADCBUF1L        equ	3656	;# 
   170   000E49                     ADCBUF1H        equ	3657	;# 
   171   000E4A                     ADCBUF2         equ	3658	;# 
   172   000E4A                     ADCBUF2L        equ	3658	;# 
   173   000E4B                     ADCBUF2H        equ	3659	;# 
   174   000E4C                     ADCBUF3         equ	3660	;# 
   175   000E4C                     ADCBUF3L        equ	3660	;# 
   176   000E4D                     ADCBUF3H        equ	3661	;# 
   177   000E4E                     ADCBUF4         equ	3662	;# 
   178   000E4E                     ADCBUF4L        equ	3662	;# 
   179   000E4F                     ADCBUF4H        equ	3663	;# 
   180   000E50                     ADCBUF5         equ	3664	;# 
   181   000E50                     ADCBUF5L        equ	3664	;# 
   182   000E51                     ADCBUF5H        equ	3665	;# 
   183   000E52                     ADCBUF6         equ	3666	;# 
   184   000E52                     ADCBUF6L        equ	3666	;# 
   185   000E53                     ADCBUF6H        equ	3667	;# 
   186   000E54                     ADCBUF7         equ	3668	;# 
   187   000E54                     ADCBUF7L        equ	3668	;# 
   188   000E55                     ADCBUF7H        equ	3669	;# 
   189   000E56                     ADCBUF8         equ	3670	;# 
   190   000E56                     ADCBUF8L        equ	3670	;# 
   191   000E57                     ADCBUF8H        equ	3671	;# 
   192   000E58                     ADCBUF9         equ	3672	;# 
   193   000E58                     ADCBUF9L        equ	3672	;# 
   194   000E59                     ADCBUF9H        equ	3673	;# 
   195   000E5A                     ADCBUF10        equ	3674	;# 
   196   000E5A                     ADCBUF10L       equ	3674	;# 
   197   000E5B                     ADCBUF10H       equ	3675	;# 
   198   000E5C                     ADCBUF11        equ	3676	;# 
   199   000E5C                     ADCBUF11L       equ	3676	;# 
   200   000E5D                     ADCBUF11H       equ	3677	;# 
   201   000E5E                     ADCBUF12        equ	3678	;# 
   202   000E5E                     ADCBUF12L       equ	3678	;# 
   203   000E5F                     ADCBUF12H       equ	3679	;# 
   204   000E60                     ADCBUF13        equ	3680	;# 
   205   000E60                     ADCBUF13L       equ	3680	;# 
   206   000E61                     ADCBUF13H       equ	3681	;# 
   207   000E62                     ADCBUF14        equ	3682	;# 
   208   000E62                     ADCBUF14L       equ	3682	;# 
   209   000E63                     ADCBUF14H       equ	3683	;# 
   210   000E64                     ADCBUF15        equ	3684	;# 
   211   000E64                     ADCBUF15L       equ	3684	;# 
   212   000E65                     ADCBUF15H       equ	3685	;# 
   213   000E66                     ADCBUF16        equ	3686	;# 
   214   000E66                     ADCBUF16L       equ	3686	;# 
   215   000E67                     ADCBUF16H       equ	3687	;# 
   216   000E68                     ADCBUF17        equ	3688	;# 
   217   000E68                     ADCBUF17L       equ	3688	;# 
   218   000E69                     ADCBUF17H       equ	3689	;# 
   219   000E6A                     ADCBUF18        equ	3690	;# 
   220   000E6A                     ADCBUF18L       equ	3690	;# 
   221   000E6B                     ADCBUF18H       equ	3691	;# 
   222   000E6C                     ADCBUF19        equ	3692	;# 
   223   000E6C                     ADCBUF19L       equ	3692	;# 
   224   000E6D                     ADCBUF19H       equ	3693	;# 
   225   000E6E                     ADCBUF20        equ	3694	;# 
   226   000E6E                     ADCBUF20L       equ	3694	;# 
   227   000E6F                     ADCBUF20H       equ	3695	;# 
   228   000E70                     ADCBUF21        equ	3696	;# 
   229   000E70                     ADCBUF21L       equ	3696	;# 
   230   000E71                     ADCBUF21H       equ	3697	;# 
   231   000E72                     ADCBUF22        equ	3698	;# 
   232   000E72                     ADCBUF22L       equ	3698	;# 
   233   000E73                     ADCBUF22H       equ	3699	;# 
   234   000E74                     ADCBUF23        equ	3700	;# 
   235   000E74                     ADCBUF23L       equ	3700	;# 
   236   000E75                     ADCBUF23H       equ	3701	;# 
   237   000E76                     ADCBUF24        equ	3702	;# 
   238   000E76                     ADCBUF24L       equ	3702	;# 
   239   000E77                     ADCBUF24H       equ	3703	;# 
   240   000E78                     ADCBUF25        equ	3704	;# 
   241   000E78                     ADCBUF25L       equ	3704	;# 
   242   000E79                     ADCBUF25H       equ	3705	;# 
   243   000E7A                     ADCTMUEN0L      equ	3706	;# 
   244   000E7B                     ADCTMUEN0H      equ	3707	;# 
   245   000E7C                     ADCTMUEN1L      equ	3708	;# 
   246   000E7D                     ADCTMUEN1H      equ	3709	;# 
   247   000E7E                     ADCHIT0L        equ	3710	;# 
   248   000E7F                     ADCHIT0H        equ	3711	;# 
   249   000E80                     ADCHIT1L        equ	3712	;# 
   250   000E81                     ADCHIT1H        equ	3713	;# 
   251   000E82                     ADCSS0L         equ	3714	;# 
   252   000E83                     ADCSS0H         equ	3715	;# 
   253   000E84                     ADCSS1L         equ	3716	;# 
   254   000E85                     ADCSS1H         equ	3717	;# 
   255   000E86                     ADCHS0L         equ	3718	;# 
   256   000E87                     ADCHS0H         equ	3719	;# 
   257   000E88                     ADCON5L         equ	3720	;# 
   258   000E89                     ADCON5H         equ	3721	;# 
   259   000E8A                     ADCON3L         equ	3722	;# 
   260   000E8B                     ADCON3H         equ	3723	;# 
   261   000E8C                     ADCON2L         equ	3724	;# 
   262   000E8D                     ADCON2H         equ	3725	;# 
   263   000E8E                     LCDDATA0        equ	3726	;# 
   264   000E8F                     LCDDATA1        equ	3727	;# 
   265   000E90                     LCDDATA2        equ	3728	;# 
   266   000E91                     LCDDATA3        equ	3729	;# 
   267   000E92                     LCDDATA4        equ	3730	;# 
   268   000E93                     LCDDATA5        equ	3731	;# 
   269   000E94                     LCDDATA6        equ	3732	;# 
   270   000E95                     LCDDATA7        equ	3733	;# 
   271   000E96                     LCDDATA8        equ	3734	;# 
   272   000E97                     LCDDATA9        equ	3735	;# 
   273   000E98                     LCDDATA10       equ	3736	;# 
   274   000E99                     LCDDATA11       equ	3737	;# 
   275   000E9A                     LCDDATA12       equ	3738	;# 
   276   000E9B                     LCDDATA13       equ	3739	;# 
   277   000E9C                     LCDDATA14       equ	3740	;# 
   278   000E9D                     LCDDATA15       equ	3741	;# 
   279   000E9E                     LCDDATA16       equ	3742	;# 
   280   000E9F                     LCDDATA17       equ	3743	;# 
   281   000EA0                     LCDDATA18       equ	3744	;# 
   282   000EA1                     LCDDATA19       equ	3745	;# 
   283   000EA2                     LCDDATA20       equ	3746	;# 
   284   000EA3                     LCDDATA21       equ	3747	;# 
   285   000EA4                     LCDDATA22       equ	3748	;# 
   286   000EA5                     LCDDATA23       equ	3749	;# 
   287   000EA6                     LCDDATA24       equ	3750	;# 
   288   000EA7                     LCDDATA25       equ	3751	;# 
   289   000EA8                     LCDDATA26       equ	3752	;# 
   290   000EA9                     LCDDATA27       equ	3753	;# 
   291   000EAA                     LCDDATA28       equ	3754	;# 
   292   000EAB                     LCDDATA29       equ	3755	;# 
   293   000EAC                     LCDDATA30       equ	3756	;# 
   294   000EAD                     LCDDATA31       equ	3757	;# 
   295   000EAE                     LCDDATA32       equ	3758	;# 
   296   000EAF                     LCDDATA33       equ	3759	;# 
   297   000EB0                     LCDDATA34       equ	3760	;# 
   298   000EB1                     LCDDATA35       equ	3761	;# 
   299   000EB2                     LCDDATA36       equ	3762	;# 
   300   000EB3                     LCDDATA37       equ	3763	;# 
   301   000EB4                     LCDDATA38       equ	3764	;# 
   302   000EB5                     LCDDATA39       equ	3765	;# 
   303   000EB6                     LCDDATA40       equ	3766	;# 
   304   000EB7                     LCDDATA41       equ	3767	;# 
   305   000EB8                     LCDDATA42       equ	3768	;# 
   306   000EB9                     LCDDATA43       equ	3769	;# 
   307   000EBA                     LCDDATA44       equ	3770	;# 
   308   000EBB                     LCDDATA45       equ	3771	;# 
   309   000EBC                     LCDDATA46       equ	3772	;# 
   310   000EBD                     LCDDATA47       equ	3773	;# 
   311   000EBE                     LCDDATA48       equ	3774	;# 
   312   000EBF                     LCDDATA49       equ	3775	;# 
   313   000EC0                     LCDDATA50       equ	3776	;# 
   314   000EC1                     LCDDATA51       equ	3777	;# 
   315   000EC2                     LCDDATA52       equ	3778	;# 
   316   000EC3                     LCDDATA53       equ	3779	;# 
   317   000EC4                     LCDDATA54       equ	3780	;# 
   318   000EC5                     LCDDATA55       equ	3781	;# 
   319   000EC6                     LCDDATA56       equ	3782	;# 
   320   000EC7                     LCDDATA57       equ	3783	;# 
   321   000EC8                     LCDDATA58       equ	3784	;# 
   322   000EC9                     LCDDATA59       equ	3785	;# 
   323   000ECA                     LCDDATA60       equ	3786	;# 
   324   000ECB                     LCDDATA61       equ	3787	;# 
   325   000ECC                     LCDDATA62       equ	3788	;# 
   326   000ECD                     LCDDATA63       equ	3789	;# 
   327   000ECE                     LCDSE0          equ	3790	;# 
   328   000ECF                     LCDSE1          equ	3791	;# 
   329   000ED0                     LCDSE2          equ	3792	;# 
   330   000ED1                     LCDSE3          equ	3793	;# 
   331   000ED2                     LCDSE4          equ	3794	;# 
   332   000ED3                     LCDSE5          equ	3795	;# 
   333   000ED4                     LCDSE6          equ	3796	;# 
   334   000ED5                     LCDSE7          equ	3797	;# 
   335   000ED6                     LCDRL           equ	3798	;# 
   336   000ED7                     LCDREF          equ	3799	;# 
   337   000ED8                     LCDREG          equ	3800	;# 
   338   000ED9                     LCDCON          equ	3801	;# 
   339   000EDA                     LCDPS           equ	3802	;# 
   340   000EDB                     REFO2CON3       equ	3803	;# 
   341   000EDC                     REFO2CON2       equ	3804	;# 
   342   000EDD                     REFO2CON1       equ	3805	;# 
   343   000EDE                     REFO2CON        equ	3806	;# 
   344   000EDF                     REFO1CON3       equ	3807	;# 
   345   000EE0                     REFO1CON2       equ	3808	;# 
   346   000EE1                     REFO1CON1       equ	3809	;# 
   347   000EE2                     REFO1CON        equ	3810	;# 
   348   000EE3                     MEMCON          equ	3811	;# 
   349   000EE4                     PORTL           equ	3812	;# 
   350   000EE5                     LATL            equ	3813	;# 
   351   000EE6                     TRISL           equ	3814	;# 
   352   000EE7                     PORTK           equ	3815	;# 
   353   000EE8                     LATK            equ	3816	;# 
   354   000EE9                     TRISK           equ	3817	;# 
   355   000EEA                     ODCON2          equ	3818	;# 
   356   000EEB                     ODCON1          equ	3819	;# 
   357   000EEC                     MDCARL          equ	3820	;# 
   358   000EED                     MDCARH          equ	3821	;# 
   359   000EEE                     MDSRC           equ	3822	;# 
   360   000EEF                     MDCON           equ	3823	;# 
   361   000EF0                     PMD4            equ	3824	;# 
   362   000EF1                     PMD3            equ	3825	;# 
   363   000EF2                     PMD2            equ	3826	;# 
   364   000EF3                     PMD1            equ	3827	;# 
   365   000EF4                     PMD0            equ	3828	;# 
   366   000EF5                     CTMUCON4        equ	3829	;# 
   367   000EF6                     CTMUCON3        equ	3830	;# 
   368   000EF7                     CTMUCON2        equ	3831	;# 
   369   000EF8                     CTMUCON1        equ	3832	;# 
   370   000EF9                     TXREG4          equ	3833	;# 
   371   000EFA                     RCREG4          equ	3834	;# 
   372   000EFB                     SPBRG4          equ	3835	;# 
   373   000EFC                     SPBRGH4         equ	3836	;# 
   374   000EFD                     BAUDCON4        equ	3837	;# 
   375   000EFE                     TXSTA4          equ	3838	;# 
   376   000EFF                     RCSTA4          equ	3839	;# 
   377   000F00                     DMACON2         equ	3840	;# 
   378   000F01                     ANCFG           equ	3841	;# 
   379   000F02                     SSP2ADD         equ	3842	;# 
   380   000F03                     SSP2BUF         equ	3843	;# 
   381   000F04                     T4CON           equ	3844	;# 
   382   000F05                     PR4             equ	3845	;# 
   383   000F06                     TMR4            equ	3846	;# 
   384   000F07                     CCP7CON         equ	3847	;# 
   385   000F08                     CCPR7           equ	3848	;# 
   386   000F08                     CCPR7L          equ	3848	;# 
   387   000F09                     CCPR7H          equ	3849	;# 
   388   000F0A                     CCP6CON         equ	3850	;# 
   389   000F0B                     CCPR6           equ	3851	;# 
   390   000F0B                     CCPR6L          equ	3851	;# 
   391   000F0C                     CCPR6H          equ	3852	;# 
   392   000F0D                     CCP5CON         equ	3853	;# 
   393   000F0E                     CCPR5           equ	3854	;# 
   394   000F0E                     CCPR5L          equ	3854	;# 
   395   000F0F                     CCPR5H          equ	3855	;# 
   396   000F10                     CCP4CON         equ	3856	;# 
   397   000F11                     CCPR4           equ	3857	;# 
   398   000F11                     CCPR4L          equ	3857	;# 
   399   000F12                     CCPR4H          equ	3858	;# 
   400   000F13                     T5GCON          equ	3859	;# 
   401   000F14                     T5CON           equ	3860	;# 
   402   000F15                     TMR5            equ	3861	;# 
   403   000F15                     TMR5L           equ	3861	;# 
   404   000F16                     TMR5H           equ	3862	;# 
   405   000F17                     SSP2MSK         equ	3863	;# 
   406   000F18                     SSP2CON2        equ	3864	;# 
   407   000F19                     SSP2CON1        equ	3865	;# 
   408   000F1A                     SSP2STAT        equ	3866	;# 
   409   000F1B                     PSTR3CON        equ	3867	;# 
   410   000F1C                     PSTR2CON        equ	3868	;# 
   411   000F1D                     TXREG2          equ	3869	;# 
   412   000F1E                     RCREG2          equ	3870	;# 
   413   000F1F                     SPBRG2          equ	3871	;# 
   414   000F20                     SPBRGH2         equ	3872	;# 
   415   000F21                     DSGPR3          equ	3873	;# 
   416   000F22                     DSGPR2          equ	3874	;# 
   417   000F23                     DSGPR1          equ	3875	;# 
   418   000F24                     DSGPR0          equ	3876	;# 
   419   000F25                     DSWAKEH         equ	3877	;# 
   420   000F26                     DSWAKEL         equ	3878	;# 
   421   000F27                     DSCONH          equ	3879	;# 
   422   000F28                     DSCONL          equ	3880	;# 
   423   000F29                     TXREG3          equ	3881	;# 
   424   000F2A                     RCREG3          equ	3882	;# 
   425   000F2B                     SPBRG3          equ	3883	;# 
   426   000F2C                     SPBRGH3         equ	3884	;# 
   427   000F2D                     BAUDCON3        equ	3885	;# 
   428   000F2E                     TXSTA3          equ	3886	;# 
   429   000F2F                     RCSTA3          equ	3887	;# 
   430   000F30                     SPBRGH1         equ	3888	;# 
   431   000F30                     SPBRGH          equ	3888	;# 
   432   000F31                     BAUDCON2        equ	3889	;# 
   433   000F32                     TXSTA2          equ	3890	;# 
   434   000F33                     RCSTA2          equ	3891	;# 
   435   000F34                     CCPTMRS2        equ	3892	;# 
   436   000F35                     CCPTMRS1        equ	3893	;# 
   437   000F36                     CCPTMRS0        equ	3894	;# 
   438   000F37                     CM3CON          equ	3895	;# 
   439   000F38                     CM2CON          equ	3896	;# 
   440   000F39                     SSP2CON3        equ	3897	;# 
   441   000F3A                     T8CON           equ	3898	;# 
   442   000F3B                     PR8             equ	3899	;# 
   443   000F3C                     TMR8            equ	3900	;# 
   444   000F3D                     T6CON           equ	3901	;# 
   445   000F3E                     PR6             equ	3902	;# 
   446   000F3F                     TMR6            equ	3903	;# 
   447   000F40                     CCP10CON        equ	3904	;# 
   448   000F41                     CCPR10          equ	3905	;# 
   449   000F41                     CCPR10L         equ	3905	;# 
   450   000F42                     CCPR10H         equ	3906	;# 
   451   000F43                     CCP9CON         equ	3907	;# 
   452   000F44                     CCPR9           equ	3908	;# 
   453   000F44                     CCPR9L          equ	3908	;# 
   454   000F45                     CCPR9H          equ	3909	;# 
   455   000F46                     CCP8CON         equ	3910	;# 
   456   000F47                     CCPR8           equ	3911	;# 
   457   000F47                     CCPR8L          equ	3911	;# 
   458   000F48                     CCPR8H          equ	3912	;# 
   459   000F49                     CCP3CON         equ	3913	;# 
   460   000F4A                     CCPR3           equ	3914	;# 
   461   000F4A                     CCPR3L          equ	3914	;# 
   462   000F4B                     CCPR3H          equ	3915	;# 
   463   000F4C                     ECCP3DEL        equ	3916	;# 
   464   000F4D                     ECCP3AS         equ	3917	;# 
   465   000F4E                     CCP2CON         equ	3918	;# 
   466   000F4F                     CCPR2           equ	3919	;# 
   467   000F4F                     CCPR2L          equ	3919	;# 
   468   000F50                     CCPR2H          equ	3920	;# 
   469   000F51                     ECCP2DEL        equ	3921	;# 
   470   000F52                     ECCP2AS         equ	3922	;# 
   471   000F53                     CM1CON          equ	3923	;# 
   472   000F54                     PADCFG1         equ	3924	;# 
   473   000F55                     IOCN            equ	3925	;# 
   474   000F56                     IOCP            equ	3926	;# 
   475   000F57                     RTCCON2         equ	3927	;# 
   476   000F58                     ALRMVALL        equ	3928	;# 
   477   000F59                     ALRMVALH        equ	3929	;# 
   478   000F5A                     ALRMRPT         equ	3930	;# 
   479   000F5B                     ALRMCFG         equ	3931	;# 
   480   000F5C                     RTCVALL         equ	3932	;# 
   481   000F5D                     RTCVALH         equ	3933	;# 
   482   000F5E                     RTCCAL          equ	3934	;# 
   483   000F5F                     RTCCON1         equ	3935	;# 
   484   000F60                     DMACON1         equ	3936	;# 
   485   000F61                     PIE6            equ	3937	;# 
   486   000F62                     WPUB            equ	3938	;# 
   487   000F63                     ACTCON          equ	3939	;# 
   488   000F64                     OSCCON4         equ	3940	;# 
   489   000F65                     OSCCON3         equ	3941	;# 
   490   000F66                     OSCCON2         equ	3942	;# 
   491   000F67                     BAUDCON1        equ	3943	;# 
   492   000F67                     BAUDCON         equ	3943	;# 
   493   000F68                     SSP1MSK         equ	3944	;# 
   494   000F69                     SSP1CON3        equ	3945	;# 
   495   000F6A                     TXBUF           equ	3946	;# 
   496   000F6B                     DMABCH          equ	3947	;# 
   497   000F6C                     DMABCL          equ	3948	;# 
   498   000F6D                     RXADDRH         equ	3949	;# 
   499   000F6E                     RXADDRL         equ	3950	;# 
   500   000F6F                     TXADDRH         equ	3951	;# 
   501   000F70                     TXADDRL         equ	3952	;# 
   502   000F71                     PORTVP          equ	3953	;# 
   503   000F72                     LATVP           equ	3954	;# 
   504   000F73                     TRISVP          equ	3955	;# 
   505   000F74                     UADDR           equ	3956	;# 
   506   000F75                     UCON            equ	3957	;# 
   507   000F76                     USTAT           equ	3958	;# 
   508   000F77                     UEIR            equ	3959	;# 
   509   000F78                     UIR             equ	3960	;# 
   510   000F79                     UFRM            equ	3961	;# 
   511   000F79                     UFRMH           equ	3961	;# 
   512   000F7A                     UFRML           equ	3962	;# 
   513   000F7B                     RCON4           equ	3963	;# 
   514   000F7C                     RCON3           equ	3964	;# 
   515   000F7D                     RCON2           equ	3965	;# 
   516   000F7E                     EECON2          equ	3966	;# 
   517   000F7F                     EECON1          equ	3967	;# 
   518   000F80                     PORTA           equ	3968	;# 
   519   000F81                     PORTB           equ	3969	;# 
   520   000F82                     PORTC           equ	3970	;# 
   521   000F83                     PORTD           equ	3971	;# 
   522   000F84                     PORTE           equ	3972	;# 
   523   000F85                     PORTF           equ	3973	;# 
   524   000F86                     PORTG           equ	3974	;# 
   525   000F87                     PORTH           equ	3975	;# 
   526   000F88                     PORTJ           equ	3976	;# 
   527   000F89                     LATA            equ	3977	;# 
   528   000F8A                     LATB            equ	3978	;# 
   529   000F8B                     LATC            equ	3979	;# 
   530   000F8C                     LATD            equ	3980	;# 
   531   000F8D                     LATE            equ	3981	;# 
   532   000F8E                     LATF            equ	3982	;# 
   533   000F8F                     LATG            equ	3983	;# 
   534   000F90                     LATH            equ	3984	;# 
   535   000F91                     LATJ            equ	3985	;# 
   536   000F92                     TRISA           equ	3986	;# 
   537   000F93                     TRISB           equ	3987	;# 
   538   000F94                     TRISC           equ	3988	;# 
   539   000F95                     TRISD           equ	3989	;# 
   540   000F96                     TRISE           equ	3990	;# 
   541   000F97                     TRISF           equ	3991	;# 
   542   000F98                     TRISG           equ	3992	;# 
   543   000F99                     TRISH           equ	3993	;# 
   544   000F9A                     TRISJ           equ	3994	;# 
   545   000F9B                     OSCTUNE         equ	3995	;# 
   546   000F9C                     PSTR1CON        equ	3996	;# 
   547   000F9D                     PIE1            equ	3997	;# 
   548   000F9E                     PIR1            equ	3998	;# 
   549   000F9F                     IPR1            equ	3999	;# 
   550   000FA0                     PIE2            equ	4000	;# 
   551   000FA1                     PIR2            equ	4001	;# 
   552   000FA2                     IPR2            equ	4002	;# 
   553   000FA3                     PIE3            equ	4003	;# 
   554   000FA4                     PIR3            equ	4004	;# 
   555   000FA5                     IPR3            equ	4005	;# 
   556   000FA6                     PIR6            equ	4006	;# 
   557   000FA7                     PSPCON          equ	4007	;# 
   558   000FA8                     HLVDCON         equ	4008	;# 
   559   000FA9                     IPR6            equ	4009	;# 
   560   000FAA                     T1GCON          equ	4010	;# 
   561   000FAB                     RCSTA1          equ	4011	;# 
   562   000FAB                     RCSTA           equ	4011	;# 
   563   000FAC                     TXSTA1          equ	4012	;# 
   564   000FAC                     TXSTA           equ	4012	;# 
   565   000FAD                     TXREG1          equ	4013	;# 
   566   000FAD                     TXREG           equ	4013	;# 
   567   000FAE                     RCREG1          equ	4014	;# 
   568   000FAE                     RCREG           equ	4014	;# 
   569   000FAF                     SPBRG1          equ	4015	;# 
   570   000FAF                     SPBRG           equ	4015	;# 
   571   000FB0                     T3GCON          equ	4016	;# 
   572   000FB1                     T3CON           equ	4017	;# 
   573   000FB2                     TMR3            equ	4018	;# 
   574   000FB2                     TMR3L           equ	4018	;# 
   575   000FB3                     TMR3H           equ	4019	;# 
   576   000FB4                     PIE4            equ	4020	;# 
   577   000FB5                     PIR4            equ	4021	;# 
   578   000FB6                     IPR4            equ	4022	;# 
   579   000FB7                     PIE5            equ	4023	;# 
   580   000FB8                     PIR5            equ	4024	;# 
   581   000FB9                     CCP1CON         equ	4025	;# 
   582   000FBA                     CCPR1           equ	4026	;# 
   583   000FBA                     CCPR1L          equ	4026	;# 
   584   000FBB                     CCPR1H          equ	4027	;# 
   585   000FBC                     ECCP1DEL        equ	4028	;# 
   586   000FBD                     ECCP1AS         equ	4029	;# 
   587   000FBE                     CVRCONL         equ	4030	;# 
   588   000FBF                     CVRCONH         equ	4031	;# 
   589   000FC0                     ADCON1L         equ	4032	;# 
   590   000FC1                     ADCON1H         equ	4033	;# 
   591   000FC2                     ADCBUF0         equ	4034	;# 
   592   000FC2                     ADCBUF0L        equ	4034	;# 
   593   000FC3                     ADCBUF0H        equ	4035	;# 
   594   000FC4                     CMSTAT          equ	4036	;# 
   595   000FC5                     SSP1CON2        equ	4037	;# 
   596   000FC6                     SSP1CON1        equ	4038	;# 
   597   000FC7                     SSP1STAT        equ	4039	;# 
   598   000FC8                     SSP1ADD         equ	4040	;# 
   599   000FC9                     SSP1BUF         equ	4041	;# 
   600   000FCA                     T2CON           equ	4042	;# 
   601   000FCB                     PR2             equ	4043	;# 
   602   000FCC                     TMR2            equ	4044	;# 
   603   000FCD                     T1CON           equ	4045	;# 
   604   000FCE                     TMR1            equ	4046	;# 
   605   000FCE                     TMR1L           equ	4046	;# 
   606   000FCF                     TMR1H           equ	4047	;# 
   607   000FD0                     RCON            equ	4048	;# 
   608   000FD1                     IOCF            equ	4049	;# 
   609   000FD2                     IPR5            equ	4050	;# 
   610   000FD3                     OSCCON          equ	4051	;# 
   611   000FD5                     T0CON           equ	4053	;# 
   612   000FD6                     TMR0            equ	4054	;# 
   613   000FD6                     TMR0L           equ	4054	;# 
   614   000FD7                     TMR0H           equ	4055	;# 
   615   000FD8                     STATUS          equ	4056	;# 
   616   000FD9                     FSR2            equ	4057	;# 
   617   000FD9                     FSR2L           equ	4057	;# 
   618   000FDA                     FSR2H           equ	4058	;# 
   619   000FDB                     PLUSW2          equ	4059	;# 
   620   000FDC                     PREINC2         equ	4060	;# 
   621   000FDD                     POSTDEC2        equ	4061	;# 
   622   000FDE                     POSTINC2        equ	4062	;# 
   623   000FDF                     INDF2           equ	4063	;# 
   624   000FE0                     BSR             equ	4064	;# 
   625   000FE1                     FSR1            equ	4065	;# 
   626   000FE1                     FSR1L           equ	4065	;# 
   627   000FE2                     FSR1H           equ	4066	;# 
   628   000FE3                     PLUSW1          equ	4067	;# 
   629   000FE4                     PREINC1         equ	4068	;# 
   630   000FE5                     POSTDEC1        equ	4069	;# 
   631   000FE6                     POSTINC1        equ	4070	;# 
   632   000FE7                     INDF1           equ	4071	;# 
   633   000FE8                     WREG            equ	4072	;# 
   634   000FE9                     FSR0            equ	4073	;# 
   635   000FE9                     FSR0L           equ	4073	;# 
   636   000FEA                     FSR0H           equ	4074	;# 
   637   000FEB                     PLUSW0          equ	4075	;# 
   638   000FEC                     PREINC0         equ	4076	;# 
   639   000FED                     POSTDEC0        equ	4077	;# 
   640   000FEE                     POSTINC0        equ	4078	;# 
   641   000FEF                     INDF0           equ	4079	;# 
   642   000FF0                     INTCON3         equ	4080	;# 
   643   000FF1                     INTCON2         equ	4081	;# 
   644   000FF2                     INTCON          equ	4082	;# 
   645   000FF3                     PROD            equ	4083	;# 
   646   000FF3                     PRODL           equ	4083	;# 
   647   000FF4                     PRODH           equ	4084	;# 
   648   000FF5                     TABLAT          equ	4085	;# 
   649   000FF6                     TBLPTR          equ	4086	;# 
   650   000FF6                     TBLPTRL         equ	4086	;# 
   651   000FF7                     TBLPTRH         equ	4087	;# 
   652   000FF8                     TBLPTRU         equ	4088	;# 
   653   000FF9                     PCLAT           equ	4089	;# 
   654   000FF9                     PC              equ	4089	;# 
   655   000FF9                     PCL             equ	4089	;# 
   656   000FFA                     PCLATH          equ	4090	;# 
   657   000FFB                     PCLATU          equ	4091	;# 
   658   000FFC                     STKPTR          equ	4092	;# 
   659   000FFD                     TOS             equ	4093	;# 
   660   000FFD                     TOSL            equ	4093	;# 
   661   000FFE                     TOSH            equ	4094	;# 
   662   000FFF                     TOSU            equ	4095	;# 
   663   000E87                     _ADCHS0Hbits    set	3719
   664   000E8A                     _ADCON3L        set	3722
   665   000E8B                     _ADCON3Hbits    set	3723
   666   000E8D                     _ADCON2Hbits    set	3725
   667   000E47                     _ANCON1bits     set	3655
   668   000FC2                     _ADCBUF0        set	4034
   669   000FC0                     _ADCON1Lbits    set	4032
   670   000FC1                     _ADCON1Hbits    set	4033
   671   000F92                     _TRISAbits      set	3986
   672                           
   673                           ; #config settings
   674                           
   675                           	psect	cinit
   676   001ABE                     __pcinit:
   677                           	callstack 0
   678   001ABE                     start_initialization:
   679                           	callstack 0
   680   001ABE                     __initialization:
   681                           	callstack 0
   682                           
   683                           ; Clear objects allocated to COMRAM (18 bytes)
   684   001ABE  EE00  F043         	lfsr	0,__pbssCOMRAM
   685   001AC2  0E12               	movlw	18
   686   001AC4                     clear_0:
   687   001AC4  6AEE               	clrf	postinc0,c
   688   001AC6  06E8               	decf	wreg,f,c
   689   001AC8  E1FD               	bnz	clear_0
   690   001ACA                     end_of_initialization:
   691                           	callstack 0
   692   001ACA                     __end_of__initialization:
   693                           	callstack 0
   694   001ACA  0100               	movlb	0
   695   001ACC  EF26  F00D         	goto	_main	;jump to C main() function
   696                           
   697                           	psect	bssCOMRAM
   698   000043                     __pbssCOMRAM:
   699                           	callstack 0
   700   000043                     _current_out:
   701                           	callstack 0
   702   000043                     	ds	4
   703   000047                     _current_mA:
   704                           	callstack 0
   705   000047                     	ds	4
   706   00004B                     _vdm_mv:
   707                           	callstack 0
   708   00004B                     	ds	4
   709   00004F                     _vout_mV:
   710                           	callstack 0
   711   00004F                     	ds	4
   712   000053                     _adc_value:
   713                           	callstack 0
   714   000053                     	ds	2
   715                           
   716                           	psect	cstackCOMRAM
   717   000001                     __pcstackCOMRAM:
   718                           	callstack 0
   719   000001                     ?_ADC_Read:
   720                           	callstack 0
   721   000001                     ?___xxtofl:
   722                           	callstack 0
   723   000001                     ___xxtofl@val:
   724                           	callstack 0
   725   000001                     
   726                           ; 1 bytes @ 0x0
   727   000001                     	ds	2
   728   000003                     
   729                           ; 1 bytes @ 0x2
   730   000003                     	ds	2
   731   000005                     ??___xxtofl:
   732                           
   733                           ; 1 bytes @ 0x4
   734   000005                     	ds	4
   735   000009                     ___xxtofl@sign:
   736                           	callstack 0
   737                           
   738                           ; 1 bytes @ 0x8
   739   000009                     	ds	1
   740   00000A                     ___xxtofl@exp:
   741                           	callstack 0
   742                           
   743                           ; 1 bytes @ 0x9
   744   00000A                     	ds	1
   745   00000B                     ___xxtofl@arg:
   746                           	callstack 0
   747                           
   748                           ; 4 bytes @ 0xA
   749   00000B                     	ds	4
   750   00000F                     ?___fldiv:
   751                           	callstack 0
   752   00000F                     ___fldiv@b:
   753                           	callstack 0
   754                           
   755                           ; 4 bytes @ 0xE
   756   00000F                     	ds	4
   757   000013                     ___fldiv@a:
   758                           	callstack 0
   759                           
   760                           ; 4 bytes @ 0x12
   761   000013                     	ds	4
   762   000017                     ??___fldiv:
   763                           
   764                           ; 1 bytes @ 0x16
   765   000017                     	ds	4
   766   00001B                     ___fldiv@rem:
   767                           	callstack 0
   768                           
   769                           ; 4 bytes @ 0x1A
   770   00001B                     	ds	4
   771   00001F                     ___fldiv@sign:
   772                           	callstack 0
   773                           
   774                           ; 1 bytes @ 0x1E
   775   00001F                     	ds	1
   776   000020                     ___fldiv@new_exp:
   777                           	callstack 0
   778                           
   779                           ; 2 bytes @ 0x1F
   780   000020                     	ds	2
   781   000022                     ___fldiv@grs:
   782                           	callstack 0
   783                           
   784                           ; 4 bytes @ 0x21
   785   000022                     	ds	4
   786   000026                     ___fldiv@bexp:
   787                           	callstack 0
   788                           
   789                           ; 1 bytes @ 0x25
   790   000026                     	ds	1
   791   000027                     ___fldiv@aexp:
   792                           	callstack 0
   793                           
   794                           ; 1 bytes @ 0x26
   795   000027                     	ds	1
   796   000028                     ?___flmul:
   797                           	callstack 0
   798   000028                     ___flmul@b:
   799                           	callstack 0
   800                           
   801                           ; 4 bytes @ 0x27
   802   000028                     	ds	4
   803   00002C                     ___flmul@a:
   804                           	callstack 0
   805                           
   806                           ; 4 bytes @ 0x2B
   807   00002C                     	ds	4
   808   000030                     ??___flmul:
   809                           
   810                           ; 1 bytes @ 0x2F
   811   000030                     	ds	4
   812   000034                     ___flmul@sign:
   813                           	callstack 0
   814                           
   815                           ; 1 bytes @ 0x33
   816   000034                     	ds	1
   817   000035                     ___flmul@grs:
   818                           	callstack 0
   819                           
   820                           ; 4 bytes @ 0x34
   821   000035                     	ds	4
   822   000039                     ___flmul@aexp:
   823                           	callstack 0
   824                           
   825                           ; 1 bytes @ 0x38
   826   000039                     	ds	1
   827   00003A                     ___flmul@bexp:
   828                           	callstack 0
   829                           
   830                           ; 1 bytes @ 0x39
   831   00003A                     	ds	1
   832   00003B                     ___flmul@prod:
   833                           	callstack 0
   834                           
   835                           ; 4 bytes @ 0x3A
   836   00003B                     	ds	4
   837   00003F                     ___flmul@temp:
   838                           	callstack 0
   839                           
   840                           ; 2 bytes @ 0x3E
   841   00003F                     	ds	2
   842   000041                     ??_main:
   843                           
   844                           ; 1 bytes @ 0x40
   845   000041                     	ds	2
   846                           
   847 ;;
   848 ;;Main: autosize = 0, tempsize = 2, incstack = 0, save=0
   849 ;;
   850 ;; *************** function _main *****************
   851 ;; Defined at:
   852 ;;		line 135 in file "crrentsensor.c"
   853 ;; Parameters:    Size  Location     Type
   854 ;;		None
   855 ;; Auto vars:     Size  Location     Type
   856 ;;		None
   857 ;; Return value:  Size  Location     Type
   858 ;;                  2   46[None  ] int 
   859 ;; Registers used:
   860 ;;		wreg, status,2, status,0, prodl, prodh, cstack
   861 ;; Tracked objects:
   862 ;;		On entry : 0/0
   863 ;;		On exit  : 0/0
   864 ;;		Unchanged: 0/0
   865 ;; Data sizes:     COMRAM   BANK0   BANK1   BANK2   BANK3   BANK4   BANK5   BANK6   BANK7   BANK8   BANK9  BANK10  BANK1
      +1  BANK12  BANK13
   866 ;;      Params:         0       0       0       0       0       0       0       0       0       0       0       0       
      +0       0       0
   867 ;;      Locals:         0       0       0       0       0       0       0       0       0       0       0       0       
      +0       0       0
   868 ;;      Temps:          2       0       0       0       0       0       0       0       0       0       0       0       
      +0       0       0
   869 ;;      Totals:         2       0       0       0       0       0       0       0       0       0       0       0       
      +0       0       0
   870 ;;Total ram usage:        2 bytes
   871 ;; Hardware stack levels required when called: 2
   872 ;; This function calls:
   873 ;;		_ADC_Init
   874 ;;		_measure_once
   875 ;; This function is called by:
   876 ;;		Startup code after reset
   877 ;; This function uses a non-reentrant model
   878 ;;
   879                           
   880                           	psect	text0
   881   001A4C                     __ptext0:
   882                           	callstack 0
   883   001A4C                     _main:
   884                           	callstack 29
   885   001A4C                     
   886                           ;crrentsensor.c: 136:     ADC_Init();
   887   001A4C  EC3A  F00D         	call	_ADC_Init	;wreg free
   888   001A50                     l1390:
   889                           
   890                           ;crrentsensor.c: 138:         measure_once();
   891   001A50  ECB6  F00C         	call	_measure_once	;wreg free
   892   001A54                     
   893                           ;crrentsensor.c: 139:         _delay((unsigned long)((200)*(16000000UL/4000.0)));
   894   001A54  0E05               	movlw	5
   895   001A56  6E42               	movwf	(??_main+1)^0,c
   896   001A58  0E0F               	movlw	15
   897   001A5A  6E41               	movwf	??_main^0,c
   898   001A5C  0EF1               	movlw	241
   899   001A5E                     u1077:
   900   001A5E  2EE8               	decfsz	wreg,f,c
   901   001A60  D7FE               	bra	u1077
   902   001A62  2E41               	decfsz	??_main^0,f,c
   903   001A64  D7FC               	bra	u1077
   904   001A66  2E42               	decfsz	(??_main+1)^0,f,c
   905   001A68  D7FA               	bra	u1077
   906   001A6A  0000               	nop	
   907   001A6C  EF28  F00D         	goto	l1390
   908   001A70  EFF6  F0FF         	goto	start
   909   001A74                     __end_of_main:
   910                           	callstack 0
   911                           
   912 ;; *************** function _measure_once *****************
   913 ;; Defined at:
   914 ;;		line 126 in file "crrentsensor.c"
   915 ;; Parameters:    Size  Location     Type
   916 ;;		None
   917 ;; Auto vars:     Size  Location     Type
   918 ;;		None
   919 ;; Return value:  Size  Location     Type
   920 ;;                  1    wreg      void 
   921 ;; Registers used:
   922 ;;		wreg, status,2, status,0, prodl, prodh, cstack
   923 ;; Tracked objects:
   924 ;;		On entry : 0/0
   925 ;;		On exit  : 0/0
   926 ;;		Unchanged: 0/0
   927 ;; Data sizes:     COMRAM   BANK0   BANK1   BANK2   BANK3   BANK4   BANK5   BANK6   BANK7   BANK8   BANK9  BANK10  BANK1
      +1  BANK12  BANK13
   928 ;;      Params:         0       0       0       0       0       0       0       0       0       0       0       0       
      +0       0       0
   929 ;;      Locals:         0       0       0       0       0       0       0       0       0       0       0       0       
      +0       0       0
   930 ;;      Temps:          0       0       0       0       0       0       0       0       0       0       0       0       
      +0       0       0
   931 ;;      Totals:         0       0       0       0       0       0       0       0       0       0       0       0       
      +0       0       0
   932 ;;Total ram usage:        0 bytes
   933 ;; Hardware stack levels used: 1
   934 ;; Hardware stack levels required when called: 1
   935 ;; This function calls:
   936 ;;		_ADC_Read
   937 ;;		___fldiv
   938 ;;		___flmul
   939 ;;		___xxtofl
   940 ;; This function is called by:
   941 ;;		_main
   942 ;; This function uses a non-reentrant model
   943 ;;
   944                           
   945                           	psect	text1
   946   00196C                     __ptext1:
   947                           	callstack 0
   948   00196C                     _measure_once:
   949                           	callstack 29
   950   00196C                     
   951                           ;crrentsensor.c: 127:     adc_value = ADC_Read();
   952   00196C  EC4D  F00D         	call	_ADC_Read	;wreg free
   953   001970  C001  F053         	movff	?_ADC_Read,_adc_value	;volatile
   954   001974  C002  F054         	movff	?_ADC_Read+1,_adc_value+1	;volatile
   955   001978                     
   956                           ;crrentsensor.c: 128:     vdm_mv = (adc_value / 1023.0f) * 3300.0f;
   957   001978  0E00               	movlw	0
   958   00197A  6E13               	movwf	___fldiv@a^0,c
   959   00197C  0EC0               	movlw	192
   960   00197E  6E14               	movwf	(___fldiv@a+1)^0,c
   961   001980  0E7F               	movlw	127
   962   001982  6E15               	movwf	(___fldiv@a+2)^0,c
   963   001984  0E44               	movlw	68
   964   001986  6E16               	movwf	(___fldiv@a+3)^0,c
   965   001988  C053  F001         	movff	_adc_value,___xxtofl@val	;volatile
   966   00198C  C054  F002         	movff	_adc_value+1,___xxtofl@val+1	;volatile
   967   001990  6A03               	clrf	(___xxtofl@val+2)^0,c
   968   001992  6A04               	clrf	(___xxtofl@val+3)^0,c
   969   001994  0E00               	movlw	0
   970   001996  ECDC  F00B         	call	___xxtofl
   971   00199A  C001  F00F         	movff	?___xxtofl,___fldiv@b
   972   00199E  C002  F010         	movff	?___xxtofl+1,___fldiv@b+1
   973   0019A2  C003  F011         	movff	?___xxtofl+2,___fldiv@b+2
   974   0019A6  C004  F012         	movff	?___xxtofl+3,___fldiv@b+3
   975   0019AA  EC14  F00A         	call	___fldiv	;wreg free
   976   0019AE  C00F  F028         	movff	?___fldiv,___flmul@b
   977   0019B2  C010  F029         	movff	?___fldiv+1,___flmul@b+1
   978   0019B6  C011  F02A         	movff	?___fldiv+2,___flmul@b+2
   979   0019BA  C012  F02B         	movff	?___fldiv+3,___flmul@b+3
   980   0019BE  0E00               	movlw	0
   981   0019C0  6E2C               	movwf	___flmul@a^0,c
   982   0019C2  0E40               	movlw	64
   983   0019C4  6E2D               	movwf	(___flmul@a+1)^0,c
   984   0019C6  0E4E               	movlw	78
   985   0019C8  6E2E               	movwf	(___flmul@a+2)^0,c
   986   0019CA  0E45               	movlw	69
   987   0019CC  6E2F               	movwf	(___flmul@a+3)^0,c
   988   0019CE  EC01  F008         	call	___flmul	;wreg free
   989   0019D2  C028  F04B         	movff	?___flmul,_vdm_mv	;volatile
   990   0019D6  C029  F04C         	movff	?___flmul+1,_vdm_mv+1	;volatile
   991   0019DA  C02A  F04D         	movff	?___flmul+2,_vdm_mv+2	;volatile
   992   0019DE  C02B  F04E         	movff	?___flmul+3,_vdm_mv+3	;volatile
   993   0019E2                     
   994                           ;crrentsensor.c: 130:     current_mA = (vdm_mv) / (10000.0f);
   995   0019E2  C04B  F00F         	movff	_vdm_mv,___fldiv@b	;volatile
   996   0019E6  C04C  F010         	movff	_vdm_mv+1,___fldiv@b+1	;volatile
   997   0019EA  C04D  F011         	movff	_vdm_mv+2,___fldiv@b+2	;volatile
   998   0019EE  C04E  F012         	movff	_vdm_mv+3,___fldiv@b+3	;volatile
   999   0019F2  0E00               	movlw	0
  1000   0019F4  6E13               	movwf	___fldiv@a^0,c
  1001   0019F6  0E40               	movlw	64
  1002   0019F8  6E14               	movwf	(___fldiv@a+1)^0,c
  1003   0019FA  0E1C               	movlw	28
  1004   0019FC  6E15               	movwf	(___fldiv@a+2)^0,c
  1005   0019FE  0E46               	movlw	70
  1006   001A00  6E16               	movwf	(___fldiv@a+3)^0,c
  1007   001A02  EC14  F00A         	call	___fldiv	;wreg free
  1008   001A06  C00F  F047         	movff	?___fldiv,_current_mA	;volatile
  1009   001A0A  C010  F048         	movff	?___fldiv+1,_current_mA+1	;volatile
  1010   001A0E  C011  F049         	movff	?___fldiv+2,_current_mA+2	;volatile
  1011   001A12  C012  F04A         	movff	?___fldiv+3,_current_mA+3	;volatile
  1012   001A16                     
  1013                           ;crrentsensor.c: 131:     current_out = current_mA*20.0f;
  1014   001A16  C047  F028         	movff	_current_mA,___flmul@b	;volatile
  1015   001A1A  C048  F029         	movff	_current_mA+1,___flmul@b+1	;volatile
  1016   001A1E  C049  F02A         	movff	_current_mA+2,___flmul@b+2	;volatile
  1017   001A22  C04A  F02B         	movff	_current_mA+3,___flmul@b+3	;volatile
  1018   001A26  0E00               	movlw	0
  1019   001A28  6E2C               	movwf	___flmul@a^0,c
  1020   001A2A  0E00               	movlw	0
  1021   001A2C  6E2D               	movwf	(___flmul@a+1)^0,c
  1022   001A2E  0EA0               	movlw	160
  1023   001A30  6E2E               	movwf	(___flmul@a+2)^0,c
  1024   001A32  0E41               	movlw	65
  1025   001A34  6E2F               	movwf	(___flmul@a+3)^0,c
  1026   001A36  EC01  F008         	call	___flmul	;wreg free
  1027   001A3A  C028  F043         	movff	?___flmul,_current_out	;volatile
  1028   001A3E  C029  F044         	movff	?___flmul+1,_current_out+1	;volatile
  1029   001A42  C02A  F045         	movff	?___flmul+2,_current_out+2	;volatile
  1030   001A46  C02B  F046         	movff	?___flmul+3,_current_out+3	;volatile
  1031   001A4A  0012               	return		;funcret
  1032   001A4C                     __end_of_measure_once:
  1033                           	callstack 0
  1034                           
  1035 ;; *************** function ___xxtofl *****************
  1036 ;; Defined at:
  1037 ;;		line 10 in file "C:\Program Files\Microchip\xc8\v3.00\pic\sources\c99\common\xxtofl.c"
  1038 ;; Parameters:    Size  Location     Type
  1039 ;;  sign            1    wreg     unsigned char 
  1040 ;;  val             4    0[COMRAM] long 
  1041 ;; Auto vars:     Size  Location     Type
  1042 ;;  sign            1    8[COMRAM] unsigned char 
  1043 ;;  arg             4   10[COMRAM] unsigned long 
  1044 ;;  exp             1    9[COMRAM] unsigned char 
  1045 ;; Return value:  Size  Location     Type
  1046 ;;                  4    0[COMRAM] unsigned char 
  1047 ;; Registers used:
  1048 ;;		wreg, status,2, status,0
  1049 ;; Tracked objects:
  1050 ;;		On entry : 0/0
  1051 ;;		On exit  : 0/0
  1052 ;;		Unchanged: 0/0
  1053 ;; Data sizes:     COMRAM   BANK0   BANK1   BANK2   BANK3   BANK4   BANK5   BANK6   BANK7   BANK8   BANK9  BANK10  BANK1
      +1  BANK12  BANK13
  1054 ;;      Params:         4       0       0       0       0       0       0       0       0       0       0       0       
      +0       0       0
  1055 ;;      Locals:         6       0       0       0       0       0       0       0       0       0       0       0       
      +0       0       0
  1056 ;;      Temps:          4       0       0       0       0       0       0       0       0       0       0       0       
      +0       0       0
  1057 ;;      Totals:        14       0       0       0       0       0       0       0       0       0       0       0       
      +0       0       0
  1058 ;;Total ram usage:       14 bytes
  1059 ;; Hardware stack levels used: 1
  1060 ;; This function calls:
  1061 ;;		Nothing
  1062 ;; This function is called by:
  1063 ;;		_measure_once
  1064 ;; This function uses a non-reentrant model
  1065 ;;
  1066                           
  1067                           	psect	text2
  1068   0017B8                     __ptext2:
  1069                           	callstack 0
  1070   0017B8                     ___xxtofl:
  1071                           	callstack 29
  1072                           
  1073                           ;incstack = 0
  1074                           ;___xxtofl@sign stored from wreg
  1075   0017B8  6E09               	movwf	___xxtofl@sign^0,c
  1076   0017BA  5009               	movf	___xxtofl@sign^0,w,c
  1077   0017BC  B4D8               	btfsc	status,2,c
  1078   0017BE  EFE3  F00B         	goto	u971
  1079   0017C2  EFE5  F00B         	goto	u970
  1080   0017C6                     u971:
  1081   0017C6  EF07  F00C         	goto	l708
  1082   0017CA                     u970:
  1083   0017CA  BE04               	btfsc	(___xxtofl@val+3)^0,7,c
  1084   0017CC  EFEC  F00B         	goto	u980
  1085   0017D0  EFEA  F00B         	goto	u981
  1086   0017D4                     u981:
  1087   0017D4  EF07  F00C         	goto	l708
  1088   0017D8                     u980:
  1089   0017D8  C001  F005         	movff	___xxtofl@val,??___xxtofl
  1090   0017DC  C002  F006         	movff	___xxtofl@val+1,??___xxtofl+1
  1091   0017E0  C003  F007         	movff	___xxtofl@val+2,??___xxtofl+2
  1092   0017E4  C004  F008         	movff	___xxtofl@val+3,??___xxtofl+3
  1093   0017E8  1E05               	comf	??___xxtofl^0,f,c
  1094   0017EA  1E06               	comf	(??___xxtofl+1)^0,f,c
  1095   0017EC  1E07               	comf	(??___xxtofl+2)^0,f,c
  1096   0017EE  1E08               	comf	(??___xxtofl+3)^0,f,c
  1097   0017F0  2A05               	incf	??___xxtofl^0,f,c
  1098   0017F2  0E00               	movlw	0
  1099   0017F4  2206               	addwfc	(??___xxtofl+1)^0,f,c
  1100   0017F6  2207               	addwfc	(??___xxtofl+2)^0,f,c
  1101   0017F8  2208               	addwfc	(??___xxtofl+3)^0,f,c
  1102   0017FA  C005  F00B         	movff	??___xxtofl,___xxtofl@arg
  1103   0017FE  C006  F00C         	movff	??___xxtofl+1,___xxtofl@arg+1
  1104   001802  C007  F00D         	movff	??___xxtofl+2,___xxtofl@arg+2
  1105   001806  C008  F00E         	movff	??___xxtofl+3,___xxtofl@arg+3
  1106   00180A  EF0F  F00C         	goto	l1340
  1107   00180E                     l708:
  1108   00180E  C001  F00B         	movff	___xxtofl@val,___xxtofl@arg
  1109   001812  C002  F00C         	movff	___xxtofl@val+1,___xxtofl@arg+1
  1110   001816  C003  F00D         	movff	___xxtofl@val+2,___xxtofl@arg+2
  1111   00181A  C004  F00E         	movff	___xxtofl@val+3,___xxtofl@arg+3
  1112   00181E                     l1340:
  1113   00181E  5001               	movf	___xxtofl@val^0,w,c
  1114   001820  1002               	iorwf	(___xxtofl@val+1)^0,w,c
  1115   001822  1003               	iorwf	(___xxtofl@val+2)^0,w,c
  1116   001824  1004               	iorwf	(___xxtofl@val+3)^0,w,c
  1117   001826  A4D8               	btfss	status,2,c
  1118   001828  EF18  F00C         	goto	u991
  1119   00182C  EF1A  F00C         	goto	u990
  1120   001830                     u991:
  1121   001830  EF24  F00C         	goto	l1346
  1122   001834                     u990:
  1123   001834  0E00               	movlw	0
  1124   001836  6E01               	movwf	?___xxtofl^0,c
  1125   001838  0E00               	movlw	0
  1126   00183A  6E02               	movwf	(?___xxtofl+1)^0,c
  1127   00183C  0E00               	movlw	0
  1128   00183E  6E03               	movwf	(?___xxtofl+2)^0,c
  1129   001840  0E00               	movlw	0
  1130   001842  6E04               	movwf	(?___xxtofl+3)^0,c
  1131   001844  EFB5  F00C         	goto	l711
  1132   001848                     l1346:
  1133   001848  0E96               	movlw	150
  1134   00184A  6E0A               	movwf	___xxtofl@exp^0,c
  1135   00184C  EF2E  F00C         	goto	l1350
  1136   001850                     l1348:
  1137   001850  2A0A               	incf	___xxtofl@exp^0,f,c
  1138   001852  90D8               	bcf	status,0,c
  1139   001854  320E               	rrcf	(___xxtofl@arg+3)^0,f,c
  1140   001856  320D               	rrcf	(___xxtofl@arg+2)^0,f,c
  1141   001858  320C               	rrcf	(___xxtofl@arg+1)^0,f,c
  1142   00185A  320B               	rrcf	___xxtofl@arg^0,f,c
  1143   00185C                     l1350:
  1144   00185C  0E00               	movlw	0
  1145   00185E  140B               	andwf	___xxtofl@arg^0,w,c
  1146   001860  6E05               	movwf	??___xxtofl^0,c
  1147   001862  0E00               	movlw	0
  1148   001864  140C               	andwf	(___xxtofl@arg+1)^0,w,c
  1149   001866  6E06               	movwf	(??___xxtofl+1)^0,c
  1150   001868  0E00               	movlw	0
  1151   00186A  140D               	andwf	(___xxtofl@arg+2)^0,w,c
  1152   00186C  6E07               	movwf	(??___xxtofl+2)^0,c
  1153   00186E  0EFE               	movlw	254
  1154   001870  140E               	andwf	(___xxtofl@arg+3)^0,w,c
  1155   001872  6E08               	movwf	(??___xxtofl+3)^0,c
  1156   001874  5005               	movf	??___xxtofl^0,w,c
  1157   001876  1006               	iorwf	(??___xxtofl+1)^0,w,c
  1158   001878  1007               	iorwf	(??___xxtofl+2)^0,w,c
  1159   00187A  1008               	iorwf	(??___xxtofl+3)^0,w,c
  1160   00187C  A4D8               	btfss	status,2,c
  1161   00187E  EF43  F00C         	goto	u1001
  1162   001882  EF45  F00C         	goto	u1000
  1163   001886                     u1001:
  1164   001886  EF28  F00C         	goto	l1348
  1165   00188A                     u1000:
  1166   00188A  EF53  F00C         	goto	l715
  1167   00188E                     l1352:
  1168   00188E  2A0A               	incf	___xxtofl@exp^0,f,c
  1169   001890  0E01               	movlw	1
  1170   001892  260B               	addwf	___xxtofl@arg^0,f,c
  1171   001894  0E00               	movlw	0
  1172   001896  220C               	addwfc	(___xxtofl@arg+1)^0,f,c
  1173   001898  220D               	addwfc	(___xxtofl@arg+2)^0,f,c
  1174   00189A  220E               	addwfc	(___xxtofl@arg+3)^0,f,c
  1175   00189C  90D8               	bcf	status,0,c
  1176   00189E  320E               	rrcf	(___xxtofl@arg+3)^0,f,c
  1177   0018A0  320D               	rrcf	(___xxtofl@arg+2)^0,f,c
  1178   0018A2  320C               	rrcf	(___xxtofl@arg+1)^0,f,c
  1179   0018A4  320B               	rrcf	___xxtofl@arg^0,f,c
  1180   0018A6                     l715:
  1181   0018A6  0E00               	movlw	0
  1182   0018A8  140B               	andwf	___xxtofl@arg^0,w,c
  1183   0018AA  6E05               	movwf	??___xxtofl^0,c
  1184   0018AC  0E00               	movlw	0
  1185   0018AE  140C               	andwf	(___xxtofl@arg+1)^0,w,c
  1186   0018B0  6E06               	movwf	(??___xxtofl+1)^0,c
  1187   0018B2  0E00               	movlw	0
  1188   0018B4  140D               	andwf	(___xxtofl@arg+2)^0,w,c
  1189   0018B6  6E07               	movwf	(??___xxtofl+2)^0,c
  1190   0018B8  0EFF               	movlw	255
  1191   0018BA  140E               	andwf	(___xxtofl@arg+3)^0,w,c
  1192   0018BC  6E08               	movwf	(??___xxtofl+3)^0,c
  1193   0018BE  5005               	movf	??___xxtofl^0,w,c
  1194   0018C0  1006               	iorwf	(??___xxtofl+1)^0,w,c
  1195   0018C2  1007               	iorwf	(??___xxtofl+2)^0,w,c
  1196   0018C4  1008               	iorwf	(??___xxtofl+3)^0,w,c
  1197   0018C6  A4D8               	btfss	status,2,c
  1198   0018C8  EF68  F00C         	goto	u1011
  1199   0018CC  EF6A  F00C         	goto	u1010
  1200   0018D0                     u1011:
  1201   0018D0  EF47  F00C         	goto	l1352
  1202   0018D4                     u1010:
  1203   0018D4  EF72  F00C         	goto	l1360
  1204   0018D8                     l1358:
  1205   0018D8  060A               	decf	___xxtofl@exp^0,f,c
  1206   0018DA  90D8               	bcf	status,0,c
  1207   0018DC  360B               	rlcf	___xxtofl@arg^0,f,c
  1208   0018DE  360C               	rlcf	(___xxtofl@arg+1)^0,f,c
  1209   0018E0  360D               	rlcf	(___xxtofl@arg+2)^0,f,c
  1210   0018E2  360E               	rlcf	(___xxtofl@arg+3)^0,f,c
  1211   0018E4                     l1360:
  1212   0018E4  BE0D               	btfsc	(___xxtofl@arg+2)^0,7,c
  1213   0018E6  EF77  F00C         	goto	u1021
  1214   0018EA  EF79  F00C         	goto	u1020
  1215   0018EE                     u1021:
  1216   0018EE  EF81  F00C         	goto	l722
  1217   0018F2                     u1020:
  1218   0018F2  0E02               	movlw	2
  1219   0018F4  600A               	cpfslt	___xxtofl@exp^0,c
  1220   0018F6  EF7F  F00C         	goto	u1031
  1221   0018FA  EF81  F00C         	goto	u1030
  1222   0018FE                     u1031:
  1223   0018FE  EF6C  F00C         	goto	l1358
  1224   001902                     u1030:
  1225   001902                     l722:
  1226   001902  B00A               	btfsc	___xxtofl@exp^0,0,c
  1227   001904  EF86  F00C         	goto	u1041
  1228   001908  EF88  F00C         	goto	u1040
  1229   00190C                     u1041:
  1230   00190C  EF89  F00C         	goto	l1366
  1231   001910                     u1040:
  1232   001910  9E0D               	bcf	(___xxtofl@arg+2)^0,7,c
  1233   001912                     l1366:
  1234   001912  90D8               	bcf	status,0,c
  1235   001914  320A               	rrcf	___xxtofl@exp^0,f,c
  1236   001916  C00A  F005         	movff	___xxtofl@exp,??___xxtofl
  1237   00191A  6A06               	clrf	(??___xxtofl+1)^0,c
  1238   00191C  6A07               	clrf	(??___xxtofl+2)^0,c
  1239   00191E  6A08               	clrf	(??___xxtofl+3)^0,c
  1240   001920  C005  F008         	movff	??___xxtofl,??___xxtofl+3
  1241   001924  6A07               	clrf	(??___xxtofl+2)^0,c
  1242   001926  6A06               	clrf	(??___xxtofl+1)^0,c
  1243   001928  6A05               	clrf	??___xxtofl^0,c
  1244   00192A  5005               	movf	??___xxtofl^0,w,c
  1245   00192C  120B               	iorwf	___xxtofl@arg^0,f,c
  1246   00192E  5006               	movf	(??___xxtofl+1)^0,w,c
  1247   001930  120C               	iorwf	(___xxtofl@arg+1)^0,f,c
  1248   001932  5007               	movf	(??___xxtofl+2)^0,w,c
  1249   001934  120D               	iorwf	(___xxtofl@arg+2)^0,f,c
  1250   001936  5008               	movf	(??___xxtofl+3)^0,w,c
  1251   001938  120E               	iorwf	(___xxtofl@arg+3)^0,f,c
  1252   00193A  5009               	movf	___xxtofl@sign^0,w,c
  1253   00193C  B4D8               	btfsc	status,2,c
  1254   00193E  EFA3  F00C         	goto	u1051
  1255   001942  EFA5  F00C         	goto	u1050
  1256   001946                     u1051:
  1257   001946  EFAD  F00C         	goto	l1376
  1258   00194A                     u1050:
  1259   00194A  BE04               	btfsc	(___xxtofl@val+3)^0,7,c
  1260   00194C  EFAC  F00C         	goto	u1060
  1261   001950  EFAA  F00C         	goto	u1061
  1262   001954                     u1061:
  1263   001954  EFAD  F00C         	goto	l1376
  1264   001958                     u1060:
  1265   001958  8E0E               	bsf	(___xxtofl@arg+3)^0,7,c
  1266   00195A                     l1376:
  1267   00195A  C00B  F001         	movff	___xxtofl@arg,?___xxtofl
  1268   00195E  C00C  F002         	movff	___xxtofl@arg+1,?___xxtofl+1
  1269   001962  C00D  F003         	movff	___xxtofl@arg+2,?___xxtofl+2
  1270   001966  C00E  F004         	movff	___xxtofl@arg+3,?___xxtofl+3
  1271   00196A                     l711:
  1272   00196A  0012               	return		;funcret
  1273   00196C                     __end_of___xxtofl:
  1274                           	callstack 0
  1275                           
  1276 ;; *************** function ___flmul *****************
  1277 ;; Defined at:
  1278 ;;		line 8 in file "C:\Program Files\Microchip\xc8\v3.00\pic\sources\c99\common\sprcmul.c"
  1279 ;; Parameters:    Size  Location     Type
  1280 ;;  b               4   39[COMRAM] unsigned char 
  1281 ;;  a               4   43[COMRAM] unsigned char 
  1282 ;; Auto vars:     Size  Location     Type
  1283 ;;  prod            4   58[COMRAM] struct .
  1284 ;;  grs             4   52[COMRAM] unsigned long 
  1285 ;;  temp            2   62[COMRAM] struct .
  1286 ;;  bexp            1   57[COMRAM] unsigned char 
  1287 ;;  aexp            1   56[COMRAM] unsigned char 
  1288 ;;  sign            1   51[COMRAM] unsigned char 
  1289 ;; Return value:  Size  Location     Type
  1290 ;;                  4   39[COMRAM] unsigned char 
  1291 ;; Registers used:
  1292 ;;		wreg, status,2, status,0, prodl, prodh
  1293 ;; Tracked objects:
  1294 ;;		On entry : 0/0
  1295 ;;		On exit  : 0/0
  1296 ;;		Unchanged: 0/0
  1297 ;; Data sizes:     COMRAM   BANK0   BANK1   BANK2   BANK3   BANK4   BANK5   BANK6   BANK7   BANK8   BANK9  BANK10  BANK1
      +1  BANK12  BANK13
  1298 ;;      Params:         8       0       0       0       0       0       0       0       0       0       0       0       
      +0       0       0
  1299 ;;      Locals:        13       0       0       0       0       0       0       0       0       0       0       0       
      +0       0       0
  1300 ;;      Temps:          4       0       0       0       0       0       0       0       0       0       0       0       
      +0       0       0
  1301 ;;      Totals:        25       0       0       0       0       0       0       0       0       0       0       0       
      +0       0       0
  1302 ;;Total ram usage:       25 bytes
  1303 ;; Hardware stack levels used: 1
  1304 ;; This function calls:
  1305 ;;		Nothing
  1306 ;; This function is called by:
  1307 ;;		_measure_once
  1308 ;; This function uses a non-reentrant model
  1309 ;;
  1310                           
  1311                           	psect	text3
  1312   001002                     __ptext3:
  1313                           	callstack 0
  1314   001002                     ___flmul:
  1315                           	callstack 29
  1316   001002  502B               	movf	(___flmul@b+3)^0,w,c
  1317   001004  0B80               	andlw	128
  1318   001006  6E34               	movwf	___flmul@sign^0,c
  1319   001008  502B               	movf	(___flmul@b+3)^0,w,c
  1320   00100A  242B               	addwf	(___flmul@b+3)^0,w,c
  1321   00100C  6E3A               	movwf	___flmul@bexp^0,c
  1322   00100E  AE2A               	btfss	(___flmul@b+2)^0,7,c
  1323   001010  EF0C  F008         	goto	u781
  1324   001014  EF0E  F008         	goto	u780
  1325   001018                     u781:
  1326   001018  EF0F  F008         	goto	l1212
  1327   00101C                     u780:
  1328   00101C  803A               	bsf	___flmul@bexp^0,0,c
  1329   00101E                     l1212:
  1330   00101E  503A               	movf	___flmul@bexp^0,w,c
  1331   001020  B4D8               	btfsc	status,2,c
  1332   001022  EF15  F008         	goto	u791
  1333   001026  EF17  F008         	goto	u790
  1334   00102A                     u791:
  1335   00102A  EF2A  F008         	goto	l1220
  1336   00102E                     u790:
  1337   00102E  283A               	incf	___flmul@bexp^0,w,c
  1338   001030  A4D8               	btfss	status,2,c
  1339   001032  EF1D  F008         	goto	u801
  1340   001036  EF1F  F008         	goto	u800
  1341   00103A                     u801:
  1342   00103A  EF27  F008         	goto	l1218
  1343   00103E                     u800:
  1344   00103E  0E00               	movlw	0
  1345   001040  6E28               	movwf	___flmul@b^0,c
  1346   001042  0E00               	movlw	0
  1347   001044  6E29               	movwf	(___flmul@b+1)^0,c
  1348   001046  0E00               	movlw	0
  1349   001048  6E2A               	movwf	(___flmul@b+2)^0,c
  1350   00104A  0E00               	movlw	0
  1351   00104C  6E2B               	movwf	(___flmul@b+3)^0,c
  1352   00104E                     l1218:
  1353   00104E  8E2A               	bsf	(___flmul@b+2)^0,7,c
  1354   001050  EF32  F008         	goto	l1222
  1355   001054                     l1220:
  1356   001054  0E00               	movlw	0
  1357   001056  6E28               	movwf	___flmul@b^0,c
  1358   001058  0E00               	movlw	0
  1359   00105A  6E29               	movwf	(___flmul@b+1)^0,c
  1360   00105C  0E00               	movlw	0
  1361   00105E  6E2A               	movwf	(___flmul@b+2)^0,c
  1362   001060  0E00               	movlw	0
  1363   001062  6E2B               	movwf	(___flmul@b+3)^0,c
  1364   001064                     l1222:
  1365   001064  502F               	movf	(___flmul@a+3)^0,w,c
  1366   001066  0B80               	andlw	128
  1367   001068  1A34               	xorwf	___flmul@sign^0,f,c
  1368   00106A  502F               	movf	(___flmul@a+3)^0,w,c
  1369   00106C  242F               	addwf	(___flmul@a+3)^0,w,c
  1370   00106E  6E39               	movwf	___flmul@aexp^0,c
  1371   001070  AE2E               	btfss	(___flmul@a+2)^0,7,c
  1372   001072  EF3D  F008         	goto	u811
  1373   001076  EF3F  F008         	goto	u810
  1374   00107A                     u811:
  1375   00107A  EF40  F008         	goto	l1230
  1376   00107E                     u810:
  1377   00107E  8039               	bsf	___flmul@aexp^0,0,c
  1378   001080                     l1230:
  1379   001080  5039               	movf	___flmul@aexp^0,w,c
  1380   001082  B4D8               	btfsc	status,2,c
  1381   001084  EF46  F008         	goto	u821
  1382   001088  EF48  F008         	goto	u820
  1383   00108C                     u821:
  1384   00108C  EF5B  F008         	goto	l1238
  1385   001090                     u820:
  1386   001090  2839               	incf	___flmul@aexp^0,w,c
  1387   001092  A4D8               	btfss	status,2,c
  1388   001094  EF4E  F008         	goto	u831
  1389   001098  EF50  F008         	goto	u830
  1390   00109C                     u831:
  1391   00109C  EF58  F008         	goto	l1236
  1392   0010A0                     u830:
  1393   0010A0  0E00               	movlw	0
  1394   0010A2  6E2C               	movwf	___flmul@a^0,c
  1395   0010A4  0E00               	movlw	0
  1396   0010A6  6E2D               	movwf	(___flmul@a+1)^0,c
  1397   0010A8  0E00               	movlw	0
  1398   0010AA  6E2E               	movwf	(___flmul@a+2)^0,c
  1399   0010AC  0E00               	movlw	0
  1400   0010AE  6E2F               	movwf	(___flmul@a+3)^0,c
  1401   0010B0                     l1236:
  1402   0010B0  8E2E               	bsf	(___flmul@a+2)^0,7,c
  1403   0010B2  EF63  F008         	goto	l667
  1404   0010B6                     l1238:
  1405   0010B6  0E00               	movlw	0
  1406   0010B8  6E2C               	movwf	___flmul@a^0,c
  1407   0010BA  0E00               	movlw	0
  1408   0010BC  6E2D               	movwf	(___flmul@a+1)^0,c
  1409   0010BE  0E00               	movlw	0
  1410   0010C0  6E2E               	movwf	(___flmul@a+2)^0,c
  1411   0010C2  0E00               	movlw	0
  1412   0010C4  6E2F               	movwf	(___flmul@a+3)^0,c
  1413   0010C6                     l667:
  1414   0010C6  5039               	movf	___flmul@aexp^0,w,c
  1415   0010C8  B4D8               	btfsc	status,2,c
  1416   0010CA  EF69  F008         	goto	u841
  1417   0010CE  EF6B  F008         	goto	u840
  1418   0010D2                     u841:
  1419   0010D2  EF73  F008         	goto	l1242
  1420   0010D6                     u840:
  1421   0010D6  503A               	movf	___flmul@bexp^0,w,c
  1422   0010D8  A4D8               	btfss	status,2,c
  1423   0010DA  EF71  F008         	goto	u851
  1424   0010DE  EF73  F008         	goto	u850
  1425   0010E2                     u851:
  1426   0010E2  EF7D  F008         	goto	l1246
  1427   0010E6                     u850:
  1428   0010E6                     l1242:
  1429   0010E6  0E00               	movlw	0
  1430   0010E8  6E28               	movwf	?___flmul^0,c
  1431   0010EA  0E00               	movlw	0
  1432   0010EC  6E29               	movwf	(?___flmul+1)^0,c
  1433   0010EE  0E00               	movlw	0
  1434   0010F0  6E2A               	movwf	(?___flmul+2)^0,c
  1435   0010F2  0E00               	movlw	0
  1436   0010F4  6E2B               	movwf	(?___flmul+3)^0,c
  1437   0010F6  EF13  F00A         	goto	l671
  1438   0010FA                     l1246:
  1439   0010FA  502E               	movf	(___flmul@a+2)^0,w,c
  1440   0010FC  0228               	mulwf	___flmul@b^0,c
  1441   0010FE  CFF3 F03F          	movff	prodl,___flmul@temp
  1442   001102  CFF4 F040          	movff	prodh,___flmul@temp+1
  1443   001106  503F               	movf	___flmul@temp^0,w,c
  1444   001108  6E35               	movwf	___flmul@grs^0,c
  1445   00110A  6A36               	clrf	(___flmul@grs+1)^0,c
  1446   00110C  6A37               	clrf	(___flmul@grs+2)^0,c
  1447   00110E  6A38               	clrf	(___flmul@grs+3)^0,c
  1448   001110  5040               	movf	(___flmul@temp+1)^0,w,c
  1449   001112  6E3B               	movwf	___flmul@prod^0,c
  1450   001114  6A3C               	clrf	(___flmul@prod+1)^0,c
  1451   001116  6A3D               	clrf	(___flmul@prod+2)^0,c
  1452   001118  6A3E               	clrf	(___flmul@prod+3)^0,c
  1453   00111A  502D               	movf	(___flmul@a+1)^0,w,c
  1454   00111C  0229               	mulwf	(___flmul@b+1)^0,c
  1455   00111E  CFF3 F03F          	movff	prodl,___flmul@temp
  1456   001122  CFF4 F040          	movff	prodh,___flmul@temp+1
  1457   001126  503F               	movf	___flmul@temp^0,w,c
  1458   001128  2635               	addwf	___flmul@grs^0,f,c
  1459   00112A  0E00               	movlw	0
  1460   00112C  2236               	addwfc	(___flmul@grs+1)^0,f,c
  1461   00112E  2237               	addwfc	(___flmul@grs+2)^0,f,c
  1462   001130  2238               	addwfc	(___flmul@grs+3)^0,f,c
  1463   001132  5040               	movf	(___flmul@temp+1)^0,w,c
  1464   001134  263B               	addwf	___flmul@prod^0,f,c
  1465   001136  0E00               	movlw	0
  1466   001138  223C               	addwfc	(___flmul@prod+1)^0,f,c
  1467   00113A  223D               	addwfc	(___flmul@prod+2)^0,f,c
  1468   00113C  223E               	addwfc	(___flmul@prod+3)^0,f,c
  1469   00113E  502C               	movf	___flmul@a^0,w,c
  1470   001140  022A               	mulwf	(___flmul@b+2)^0,c
  1471   001142  CFF3 F03F          	movff	prodl,___flmul@temp
  1472   001146  CFF4 F040          	movff	prodh,___flmul@temp+1
  1473   00114A  503F               	movf	___flmul@temp^0,w,c
  1474   00114C  2635               	addwf	___flmul@grs^0,f,c
  1475   00114E  0E00               	movlw	0
  1476   001150  2236               	addwfc	(___flmul@grs+1)^0,f,c
  1477   001152  2237               	addwfc	(___flmul@grs+2)^0,f,c
  1478   001154  2238               	addwfc	(___flmul@grs+3)^0,f,c
  1479   001156  5040               	movf	(___flmul@temp+1)^0,w,c
  1480   001158  263B               	addwf	___flmul@prod^0,f,c
  1481   00115A  0E00               	movlw	0
  1482   00115C  223C               	addwfc	(___flmul@prod+1)^0,f,c
  1483   00115E  223D               	addwfc	(___flmul@prod+2)^0,f,c
  1484   001160  223E               	addwfc	(___flmul@prod+3)^0,f,c
  1485   001162  C037  F038         	movff	___flmul@grs+2,___flmul@grs+3
  1486   001166  C036  F037         	movff	___flmul@grs+1,___flmul@grs+2
  1487   00116A  C035  F036         	movff	___flmul@grs,___flmul@grs+1
  1488   00116E  6A35               	clrf	___flmul@grs^0,c
  1489   001170  502C               	movf	___flmul@a^0,w,c
  1490   001172  0229               	mulwf	(___flmul@b+1)^0,c
  1491   001174  CFF3 F03F          	movff	prodl,___flmul@temp
  1492   001178  CFF4 F040          	movff	prodh,___flmul@temp+1
  1493   00117C  503F               	movf	___flmul@temp^0,w,c
  1494   00117E  2635               	addwf	___flmul@grs^0,f,c
  1495   001180  5040               	movf	(___flmul@temp+1)^0,w,c
  1496   001182  2236               	addwfc	(___flmul@grs+1)^0,f,c
  1497   001184  0E00               	movlw	0
  1498   001186  2237               	addwfc	(___flmul@grs+2)^0,f,c
  1499   001188  0E00               	movlw	0
  1500   00118A  2238               	addwfc	(___flmul@grs+3)^0,f,c
  1501   00118C  502D               	movf	(___flmul@a+1)^0,w,c
  1502   00118E  0228               	mulwf	___flmul@b^0,c
  1503   001190  CFF3 F03F          	movff	prodl,___flmul@temp
  1504   001194  CFF4 F040          	movff	prodh,___flmul@temp+1
  1505   001198  503F               	movf	___flmul@temp^0,w,c
  1506   00119A  2635               	addwf	___flmul@grs^0,f,c
  1507   00119C  5040               	movf	(___flmul@temp+1)^0,w,c
  1508   00119E  2236               	addwfc	(___flmul@grs+1)^0,f,c
  1509   0011A0  0E00               	movlw	0
  1510   0011A2  2237               	addwfc	(___flmul@grs+2)^0,f,c
  1511   0011A4  0E00               	movlw	0
  1512   0011A6  2238               	addwfc	(___flmul@grs+3)^0,f,c
  1513   0011A8  C037  F038         	movff	___flmul@grs+2,___flmul@grs+3
  1514   0011AC  C036  F037         	movff	___flmul@grs+1,___flmul@grs+2
  1515   0011B0  C035  F036         	movff	___flmul@grs,___flmul@grs+1
  1516   0011B4  6A35               	clrf	___flmul@grs^0,c
  1517   0011B6  502C               	movf	___flmul@a^0,w,c
  1518   0011B8  0228               	mulwf	___flmul@b^0,c
  1519   0011BA  CFF3 F03F          	movff	prodl,___flmul@temp
  1520   0011BE  CFF4 F040          	movff	prodh,___flmul@temp+1
  1521   0011C2  503F               	movf	___flmul@temp^0,w,c
  1522   0011C4  2635               	addwf	___flmul@grs^0,f,c
  1523   0011C6  5040               	movf	(___flmul@temp+1)^0,w,c
  1524   0011C8  2236               	addwfc	(___flmul@grs+1)^0,f,c
  1525   0011CA  0E00               	movlw	0
  1526   0011CC  2237               	addwfc	(___flmul@grs+2)^0,f,c
  1527   0011CE  0E00               	movlw	0
  1528   0011D0  2238               	addwfc	(___flmul@grs+3)^0,f,c
  1529   0011D2  502E               	movf	(___flmul@a+2)^0,w,c
  1530   0011D4  0229               	mulwf	(___flmul@b+1)^0,c
  1531   0011D6  CFF3 F03F          	movff	prodl,___flmul@temp
  1532   0011DA  CFF4 F040          	movff	prodh,___flmul@temp+1
  1533   0011DE  503F               	movf	___flmul@temp^0,w,c
  1534   0011E0  263B               	addwf	___flmul@prod^0,f,c
  1535   0011E2  5040               	movf	(___flmul@temp+1)^0,w,c
  1536   0011E4  223C               	addwfc	(___flmul@prod+1)^0,f,c
  1537   0011E6  0E00               	movlw	0
  1538   0011E8  223D               	addwfc	(___flmul@prod+2)^0,f,c
  1539   0011EA  0E00               	movlw	0
  1540   0011EC  223E               	addwfc	(___flmul@prod+3)^0,f,c
  1541   0011EE  502D               	movf	(___flmul@a+1)^0,w,c
  1542   0011F0  022A               	mulwf	(___flmul@b+2)^0,c
  1543   0011F2  CFF3 F03F          	movff	prodl,___flmul@temp
  1544   0011F6  CFF4 F040          	movff	prodh,___flmul@temp+1
  1545   0011FA  503F               	movf	___flmul@temp^0,w,c
  1546   0011FC  263B               	addwf	___flmul@prod^0,f,c
  1547   0011FE  5040               	movf	(___flmul@temp+1)^0,w,c
  1548   001200  223C               	addwfc	(___flmul@prod+1)^0,f,c
  1549   001202  0E00               	movlw	0
  1550   001204  223D               	addwfc	(___flmul@prod+2)^0,f,c
  1551   001206  0E00               	movlw	0
  1552   001208  223E               	addwfc	(___flmul@prod+3)^0,f,c
  1553   00120A  502E               	movf	(___flmul@a+2)^0,w,c
  1554   00120C  022A               	mulwf	(___flmul@b+2)^0,c
  1555   00120E  CFF3 F03F          	movff	prodl,___flmul@temp
  1556   001212  CFF4 F040          	movff	prodh,___flmul@temp+1
  1557   001216  503F               	movf	___flmul@temp^0,w,c
  1558   001218  6E30               	movwf	??___flmul^0,c
  1559   00121A  5040               	movf	(___flmul@temp+1)^0,w,c
  1560   00121C  6E31               	movwf	(??___flmul+1)^0,c
  1561   00121E  6A32               	clrf	(??___flmul+2)^0,c
  1562   001220  6A33               	clrf	(??___flmul+3)^0,c
  1563   001222  C032  F033         	movff	??___flmul+2,??___flmul+3
  1564   001226  C031  F032         	movff	??___flmul+1,??___flmul+2
  1565   00122A  C030  F031         	movff	??___flmul,??___flmul+1
  1566   00122E  6A30               	clrf	??___flmul^0,c
  1567   001230  5030               	movf	??___flmul^0,w,c
  1568   001232  263B               	addwf	___flmul@prod^0,f,c
  1569   001234  5031               	movf	(??___flmul+1)^0,w,c
  1570   001236  223C               	addwfc	(___flmul@prod+1)^0,f,c
  1571   001238  5032               	movf	(??___flmul+2)^0,w,c
  1572   00123A  223D               	addwfc	(___flmul@prod+2)^0,f,c
  1573   00123C  5033               	movf	(??___flmul+3)^0,w,c
  1574   00123E  223E               	addwfc	(___flmul@prod+3)^0,f,c
  1575   001240  C035  F030         	movff	___flmul@grs,??___flmul
  1576   001244  C036  F031         	movff	___flmul@grs+1,??___flmul+1
  1577   001248  C037  F032         	movff	___flmul@grs+2,??___flmul+2
  1578   00124C  C038  F033         	movff	___flmul@grs+3,??___flmul+3
  1579   001250  0E19               	movlw	25
  1580   001252  EF30  F009         	goto	u860
  1581   001256                     u865:
  1582   001256  90D8               	bcf	status,0,c
  1583   001258  3233               	rrcf	(??___flmul+3)^0,f,c
  1584   00125A  3232               	rrcf	(??___flmul+2)^0,f,c
  1585   00125C  3231               	rrcf	(??___flmul+1)^0,f,c
  1586   00125E  3230               	rrcf	??___flmul^0,f,c
  1587   001260                     u860:
  1588   001260  2EE8               	decfsz	wreg,f,c
  1589   001262  EF2B  F009         	goto	u865
  1590   001266  5030               	movf	??___flmul^0,w,c
  1591   001268  263B               	addwf	___flmul@prod^0,f,c
  1592   00126A  5031               	movf	(??___flmul+1)^0,w,c
  1593   00126C  223C               	addwfc	(___flmul@prod+1)^0,f,c
  1594   00126E  5032               	movf	(??___flmul+2)^0,w,c
  1595   001270  223D               	addwfc	(___flmul@prod+2)^0,f,c
  1596   001272  5033               	movf	(??___flmul+3)^0,w,c
  1597   001274  223E               	addwfc	(___flmul@prod+3)^0,f,c
  1598   001276  C037  F038         	movff	___flmul@grs+2,___flmul@grs+3
  1599   00127A  C036  F037         	movff	___flmul@grs+1,___flmul@grs+2
  1600   00127E  C035  F036         	movff	___flmul@grs,___flmul@grs+1
  1601   001282  6A35               	clrf	___flmul@grs^0,c
  1602   001284  5039               	movf	___flmul@aexp^0,w,c
  1603   001286  C03A  F030         	movff	___flmul@bexp,??___flmul
  1604   00128A  6A31               	clrf	(??___flmul+1)^0,c
  1605   00128C  2630               	addwf	??___flmul^0,f,c
  1606   00128E  0E00               	movlw	0
  1607   001290  2231               	addwfc	(??___flmul+1)^0,f,c
  1608   001292  0E82               	movlw	130
  1609   001294  2430               	addwf	??___flmul^0,w,c
  1610   001296  6E3F               	movwf	___flmul@temp^0,c
  1611   001298  0EFF               	movlw	255
  1612   00129A  2031               	addwfc	(??___flmul+1)^0,w,c
  1613   00129C  6E40               	movwf	(___flmul@temp+1)^0,c
  1614   00129E  EF66  F009         	goto	l1294
  1615   0012A2                     l1288:
  1616   0012A2  90D8               	bcf	status,0,c
  1617   0012A4  363B               	rlcf	___flmul@prod^0,f,c
  1618   0012A6  363C               	rlcf	(___flmul@prod+1)^0,f,c
  1619   0012A8  363D               	rlcf	(___flmul@prod+2)^0,f,c
  1620   0012AA  363E               	rlcf	(___flmul@prod+3)^0,f,c
  1621   0012AC  AE38               	btfss	(___flmul@grs+3)^0,7,c
  1622   0012AE  EF5B  F009         	goto	u871
  1623   0012B2  EF5D  F009         	goto	u870
  1624   0012B6                     u871:
  1625   0012B6  EF5E  F009         	goto	l674
  1626   0012BA                     u870:
  1627   0012BA  803B               	bsf	___flmul@prod^0,0,c
  1628   0012BC                     l674:
  1629   0012BC  90D8               	bcf	status,0,c
  1630   0012BE  3635               	rlcf	___flmul@grs^0,f,c
  1631   0012C0  3636               	rlcf	(___flmul@grs+1)^0,f,c
  1632   0012C2  3637               	rlcf	(___flmul@grs+2)^0,f,c
  1633   0012C4  3638               	rlcf	(___flmul@grs+3)^0,f,c
  1634   0012C6  063F               	decf	___flmul@temp^0,f,c
  1635   0012C8  A0D8               	btfss	status,0,c
  1636   0012CA  0640               	decf	(___flmul@temp+1)^0,f,c
  1637   0012CC                     l1294:
  1638   0012CC  AE3D               	btfss	(___flmul@prod+2)^0,7,c
  1639   0012CE  EF6B  F009         	goto	u881
  1640   0012D2  EF6D  F009         	goto	u880
  1641   0012D6                     u881:
  1642   0012D6  EF51  F009         	goto	l1288
  1643   0012DA                     u880:
  1644   0012DA  6A39               	clrf	___flmul@aexp^0,c
  1645   0012DC  AE38               	btfss	(___flmul@grs+3)^0,7,c
  1646   0012DE  EF73  F009         	goto	u891
  1647   0012E2  EF75  F009         	goto	u890
  1648   0012E6                     u891:
  1649   0012E6  EF99  F009         	goto	l676
  1650   0012EA                     u890:
  1651   0012EA  0EFF               	movlw	255
  1652   0012EC  1435               	andwf	___flmul@grs^0,w,c
  1653   0012EE  6E30               	movwf	??___flmul^0,c
  1654   0012F0  0EFF               	movlw	255
  1655   0012F2  1436               	andwf	(___flmul@grs+1)^0,w,c
  1656   0012F4  6E31               	movwf	(??___flmul+1)^0,c
  1657   0012F6  0EFF               	movlw	255
  1658   0012F8  1437               	andwf	(___flmul@grs+2)^0,w,c
  1659   0012FA  6E32               	movwf	(??___flmul+2)^0,c
  1660   0012FC  0E7F               	movlw	127
  1661   0012FE  1438               	andwf	(___flmul@grs+3)^0,w,c
  1662   001300  6E33               	movwf	(??___flmul+3)^0,c
  1663   001302  5030               	movf	??___flmul^0,w,c
  1664   001304  1031               	iorwf	(??___flmul+1)^0,w,c
  1665   001306  1032               	iorwf	(??___flmul+2)^0,w,c
  1666   001308  1033               	iorwf	(??___flmul+3)^0,w,c
  1667   00130A  B4D8               	btfsc	status,2,c
  1668   00130C  EF8A  F009         	goto	u901
  1669   001310  EF8C  F009         	goto	u900
  1670   001314                     u901:
  1671   001314  EF90  F009         	goto	l677
  1672   001318                     u900:
  1673   001318                     l1298:
  1674   001318  0E01               	movlw	1
  1675   00131A  6E39               	movwf	___flmul@aexp^0,c
  1676   00131C  EF99  F009         	goto	l676
  1677   001320                     l677:
  1678   001320  A03B               	btfss	___flmul@prod^0,0,c
  1679   001322  EF95  F009         	goto	u911
  1680   001326  EF97  F009         	goto	u910
  1681   00132A                     u911:
  1682   00132A  EF99  F009         	goto	l676
  1683   00132E                     u910:
  1684   00132E  EF8C  F009         	goto	l1298
  1685   001332                     l676:
  1686   001332  5039               	movf	___flmul@aexp^0,w,c
  1687   001334  B4D8               	btfsc	status,2,c
  1688   001336  EF9F  F009         	goto	u921
  1689   00133A  EFA1  F009         	goto	u920
  1690   00133E                     u921:
  1691   00133E  EFC5  F009         	goto	l1310
  1692   001342                     u920:
  1693   001342  0E01               	movlw	1
  1694   001344  263B               	addwf	___flmul@prod^0,f,c
  1695   001346  0E00               	movlw	0
  1696   001348  223C               	addwfc	(___flmul@prod+1)^0,f,c
  1697   00134A  223D               	addwfc	(___flmul@prod+2)^0,f,c
  1698   00134C  223E               	addwfc	(___flmul@prod+3)^0,f,c
  1699   00134E  A03E               	btfss	(___flmul@prod+3)^0,0,c
  1700   001350  EFAC  F009         	goto	u931
  1701   001354  EFAE  F009         	goto	u930
  1702   001358                     u931:
  1703   001358  EFC5  F009         	goto	l1310
  1704   00135C                     u930:
  1705   00135C  C03B  F030         	movff	___flmul@prod,??___flmul
  1706   001360  C03C  F031         	movff	___flmul@prod+1,??___flmul+1
  1707   001364  C03D  F032         	movff	___flmul@prod+2,??___flmul+2
  1708   001368  C03E  F033         	movff	___flmul@prod+3,??___flmul+3
  1709   00136C  3433               	rlcf	(??___flmul+3)^0,w,c
  1710   00136E  3233               	rrcf	(??___flmul+3)^0,f,c
  1711   001370  3232               	rrcf	(??___flmul+2)^0,f,c
  1712   001372  3231               	rrcf	(??___flmul+1)^0,f,c
  1713   001374  3230               	rrcf	??___flmul^0,f,c
  1714   001376  C030  F03B         	movff	??___flmul,___flmul@prod
  1715   00137A  C031  F03C         	movff	??___flmul+1,___flmul@prod+1
  1716   00137E  C032  F03D         	movff	??___flmul+2,___flmul@prod+2
  1717   001382  C033  F03E         	movff	??___flmul+3,___flmul@prod+3
  1718   001386  4A3F               	infsnz	___flmul@temp^0,f,c
  1719   001388  2A40               	incf	(___flmul@temp+1)^0,f,c
  1720   00138A                     l1310:
  1721   00138A  BE40               	btfsc	(___flmul@temp+1)^0,7,c
  1722   00138C  EFD0  F009         	goto	u941
  1723   001390  5040               	movf	(___flmul@temp+1)^0,w,c
  1724   001392  E108               	bnz	u940
  1725   001394  283F               	incf	___flmul@temp^0,w,c
  1726   001396  A0D8               	btfss	status,0,c
  1727   001398  EFD0  F009         	goto	u941
  1728   00139C  EFD2  F009         	goto	u940
  1729   0013A0                     u941:
  1730   0013A0  EFDC  F009         	goto	l1314
  1731   0013A4                     u940:
  1732   0013A4  0E00               	movlw	0
  1733   0013A6  6E3B               	movwf	___flmul@prod^0,c
  1734   0013A8  0E00               	movlw	0
  1735   0013AA  6E3C               	movwf	(___flmul@prod+1)^0,c
  1736   0013AC  0E80               	movlw	128
  1737   0013AE  6E3D               	movwf	(___flmul@prod+2)^0,c
  1738   0013B0  0E7F               	movlw	127
  1739   0013B2  6E3E               	movwf	(___flmul@prod+3)^0,c
  1740   0013B4  EF09  F00A         	goto	l1328
  1741   0013B8                     l1314:
  1742   0013B8  BE40               	btfsc	(___flmul@temp+1)^0,7,c
  1743   0013BA  EFE9  F009         	goto	u950
  1744   0013BE  5040               	movf	(___flmul@temp+1)^0,w,c
  1745   0013C0  E106               	bnz	u951
  1746   0013C2  043F               	decf	___flmul@temp^0,w,c
  1747   0013C4  B0D8               	btfsc	status,0,c
  1748   0013C6  EFE7  F009         	goto	u951
  1749   0013CA  EFE9  F009         	goto	u950
  1750   0013CE                     u951:
  1751   0013CE  EFF4  F009         	goto	l684
  1752   0013D2                     u950:
  1753   0013D2  0E00               	movlw	0
  1754   0013D4  6E3B               	movwf	___flmul@prod^0,c
  1755   0013D6  0E00               	movlw	0
  1756   0013D8  6E3C               	movwf	(___flmul@prod+1)^0,c
  1757   0013DA  0E00               	movlw	0
  1758   0013DC  6E3D               	movwf	(___flmul@prod+2)^0,c
  1759   0013DE  0E00               	movlw	0
  1760   0013E0  6E3E               	movwf	(___flmul@prod+3)^0,c
  1761   0013E2  6A34               	clrf	___flmul@sign^0,c
  1762   0013E4  EF09  F00A         	goto	l1328
  1763   0013E8                     l684:
  1764   0013E8  C03F  F03A         	movff	___flmul@temp,___flmul@bexp
  1765   0013EC  0EFF               	movlw	255
  1766   0013EE  163B               	andwf	___flmul@prod^0,f,c
  1767   0013F0  0EFF               	movlw	255
  1768   0013F2  163C               	andwf	(___flmul@prod+1)^0,f,c
  1769   0013F4  0E7F               	movlw	127
  1770   0013F6  163D               	andwf	(___flmul@prod+2)^0,f,c
  1771   0013F8  0E00               	movlw	0
  1772   0013FA  163E               	andwf	(___flmul@prod+3)^0,f,c
  1773   0013FC  A03A               	btfss	___flmul@bexp^0,0,c
  1774   0013FE  EF03  F00A         	goto	u961
  1775   001402  EF05  F00A         	goto	u960
  1776   001406                     u961:
  1777   001406  EF06  F00A         	goto	l1326
  1778   00140A                     u960:
  1779   00140A  8E3D               	bsf	(___flmul@prod+2)^0,7,c
  1780   00140C                     l1326:
  1781   00140C  90D8               	bcf	status,0,c
  1782   00140E  303A               	rrcf	___flmul@bexp^0,w,c
  1783   001410  6E3E               	movwf	(___flmul@prod+3)^0,c
  1784   001412                     l1328:
  1785   001412  5034               	movf	___flmul@sign^0,w,c
  1786   001414  123E               	iorwf	(___flmul@prod+3)^0,f,c
  1787   001416  C03B  F028         	movff	___flmul@prod,?___flmul
  1788   00141A  C03C  F029         	movff	___flmul@prod+1,?___flmul+1
  1789   00141E  C03D  F02A         	movff	___flmul@prod+2,?___flmul+2
  1790   001422  C03E  F02B         	movff	___flmul@prod+3,?___flmul+3
  1791   001426                     l671:
  1792   001426  0012               	return		;funcret
  1793   001428                     __end_of___flmul:
  1794                           	callstack 0
  1795                           
  1796 ;; *************** function ___fldiv *****************
  1797 ;; Defined at:
  1798 ;;		line 11 in file "C:\Program Files\Microchip\xc8\v3.00\pic\sources\c99\common\sprcdiv.c"
  1799 ;; Parameters:    Size  Location     Type
  1800 ;;  b               4   14[COMRAM] unsigned char 
  1801 ;;  a               4   18[COMRAM] unsigned char 
  1802 ;; Auto vars:     Size  Location     Type
  1803 ;;  grs             4   33[COMRAM] unsigned long 
  1804 ;;  rem             4   26[COMRAM] unsigned long 
  1805 ;;  new_exp         2   31[COMRAM] short 
  1806 ;;  aexp            1   38[COMRAM] unsigned char 
  1807 ;;  bexp            1   37[COMRAM] unsigned char 
  1808 ;;  sign            1   30[COMRAM] unsigned char 
  1809 ;; Return value:  Size  Location     Type
  1810 ;;                  4   14[COMRAM] unsigned char 
  1811 ;; Registers used:
  1812 ;;		wreg, status,2, status,0
  1813 ;; Tracked objects:
  1814 ;;		On entry : 0/0
  1815 ;;		On exit  : 0/0
  1816 ;;		Unchanged: 0/0
  1817 ;; Data sizes:     COMRAM   BANK0   BANK1   BANK2   BANK3   BANK4   BANK5   BANK6   BANK7   BANK8   BANK9  BANK10  BANK1
      +1  BANK12  BANK13
  1818 ;;      Params:         8       0       0       0       0       0       0       0       0       0       0       0       
      +0       0       0
  1819 ;;      Locals:        13       0       0       0       0       0       0       0       0       0       0       0       
      +0       0       0
  1820 ;;      Temps:          4       0       0       0       0       0       0       0       0       0       0       0       
      +0       0       0
  1821 ;;      Totals:        25       0       0       0       0       0       0       0       0       0       0       0       
      +0       0       0
  1822 ;;Total ram usage:       25 bytes
  1823 ;; Hardware stack levels used: 1
  1824 ;; This function calls:
  1825 ;;		Nothing
  1826 ;; This function is called by:
  1827 ;;		_measure_once
  1828 ;; This function uses a non-reentrant model
  1829 ;;
  1830                           
  1831                           	psect	text4
  1832   001428                     __ptext4:
  1833                           	callstack 0
  1834   001428                     ___fldiv:
  1835                           	callstack 29
  1836   001428  5012               	movf	(___fldiv@b+3)^0,w,c
  1837   00142A  0B80               	andlw	128
  1838   00142C  6E1F               	movwf	___fldiv@sign^0,c
  1839   00142E  5012               	movf	(___fldiv@b+3)^0,w,c
  1840   001430  2412               	addwf	(___fldiv@b+3)^0,w,c
  1841   001432  6E26               	movwf	___fldiv@bexp^0,c
  1842   001434  AE11               	btfss	(___fldiv@b+2)^0,7,c
  1843   001436  EF1F  F00A         	goto	u551
  1844   00143A  EF21  F00A         	goto	u550
  1845   00143E                     u551:
  1846   00143E  EF22  F00A         	goto	l1076
  1847   001442                     u550:
  1848   001442  8026               	bsf	___fldiv@bexp^0,0,c
  1849   001444                     l1076:
  1850   001444  5026               	movf	___fldiv@bexp^0,w,c
  1851   001446  B4D8               	btfsc	status,2,c
  1852   001448  EF28  F00A         	goto	u561
  1853   00144C  EF2A  F00A         	goto	u560
  1854   001450                     u561:
  1855   001450  EF3E  F00A         	goto	l1086
  1856   001454                     u560:
  1857   001454  2826               	incf	___fldiv@bexp^0,w,c
  1858   001456  A4D8               	btfss	status,2,c
  1859   001458  EF30  F00A         	goto	u571
  1860   00145C  EF32  F00A         	goto	u570
  1861   001460                     u571:
  1862   001460  EF3A  F00A         	goto	l1082
  1863   001464                     u570:
  1864   001464  0E00               	movlw	0
  1865   001466  6E0F               	movwf	___fldiv@b^0,c
  1866   001468  0E00               	movlw	0
  1867   00146A  6E10               	movwf	(___fldiv@b+1)^0,c
  1868   00146C  0E00               	movlw	0
  1869   00146E  6E11               	movwf	(___fldiv@b+2)^0,c
  1870   001470  0E00               	movlw	0
  1871   001472  6E12               	movwf	(___fldiv@b+3)^0,c
  1872   001474                     l1082:
  1873   001474  8E11               	bsf	(___fldiv@b+2)^0,7,c
  1874   001476  6A12               	clrf	(___fldiv@b+3)^0,c
  1875   001478  EF46  F00A         	goto	l1088
  1876   00147C                     l1086:
  1877   00147C  0E00               	movlw	0
  1878   00147E  6E0F               	movwf	___fldiv@b^0,c
  1879   001480  0E00               	movlw	0
  1880   001482  6E10               	movwf	(___fldiv@b+1)^0,c
  1881   001484  0E00               	movlw	0
  1882   001486  6E11               	movwf	(___fldiv@b+2)^0,c
  1883   001488  0E00               	movlw	0
  1884   00148A  6E12               	movwf	(___fldiv@b+3)^0,c
  1885   00148C                     l1088:
  1886   00148C  5016               	movf	(___fldiv@a+3)^0,w,c
  1887   00148E  0B80               	andlw	128
  1888   001490  1A1F               	xorwf	___fldiv@sign^0,f,c
  1889   001492  5016               	movf	(___fldiv@a+3)^0,w,c
  1890   001494  2416               	addwf	(___fldiv@a+3)^0,w,c
  1891   001496  6E27               	movwf	___fldiv@aexp^0,c
  1892   001498  AE15               	btfss	(___fldiv@a+2)^0,7,c
  1893   00149A  EF51  F00A         	goto	u581
  1894   00149E  EF53  F00A         	goto	u580
  1895   0014A2                     u581:
  1896   0014A2  EF54  F00A         	goto	l1096
  1897   0014A6                     u580:
  1898   0014A6  8027               	bsf	___fldiv@aexp^0,0,c
  1899   0014A8                     l1096:
  1900   0014A8  5027               	movf	___fldiv@aexp^0,w,c
  1901   0014AA  B4D8               	btfsc	status,2,c
  1902   0014AC  EF5A  F00A         	goto	u591
  1903   0014B0  EF5C  F00A         	goto	u590
  1904   0014B4                     u591:
  1905   0014B4  EF70  F00A         	goto	l1106
  1906   0014B8                     u590:
  1907   0014B8  2827               	incf	___fldiv@aexp^0,w,c
  1908   0014BA  A4D8               	btfss	status,2,c
  1909   0014BC  EF62  F00A         	goto	u601
  1910   0014C0  EF64  F00A         	goto	u600
  1911   0014C4                     u601:
  1912   0014C4  EF6C  F00A         	goto	l1102
  1913   0014C8                     u600:
  1914   0014C8  0E00               	movlw	0
  1915   0014CA  6E13               	movwf	___fldiv@a^0,c
  1916   0014CC  0E00               	movlw	0
  1917   0014CE  6E14               	movwf	(___fldiv@a+1)^0,c
  1918   0014D0  0E00               	movlw	0
  1919   0014D2  6E15               	movwf	(___fldiv@a+2)^0,c
  1920   0014D4  0E00               	movlw	0
  1921   0014D6  6E16               	movwf	(___fldiv@a+3)^0,c
  1922   0014D8                     l1102:
  1923   0014D8  8E15               	bsf	(___fldiv@a+2)^0,7,c
  1924   0014DA  6A16               	clrf	(___fldiv@a+3)^0,c
  1925   0014DC  EF78  F00A         	goto	l1108
  1926   0014E0                     l1106:
  1927   0014E0  0E00               	movlw	0
  1928   0014E2  6E13               	movwf	___fldiv@a^0,c
  1929   0014E4  0E00               	movlw	0
  1930   0014E6  6E14               	movwf	(___fldiv@a+1)^0,c
  1931   0014E8  0E00               	movlw	0
  1932   0014EA  6E15               	movwf	(___fldiv@a+2)^0,c
  1933   0014EC  0E00               	movlw	0
  1934   0014EE  6E16               	movwf	(___fldiv@a+3)^0,c
  1935   0014F0                     l1108:
  1936   0014F0  5013               	movf	___fldiv@a^0,w,c
  1937   0014F2  1014               	iorwf	(___fldiv@a+1)^0,w,c
  1938   0014F4  1015               	iorwf	(___fldiv@a+2)^0,w,c
  1939   0014F6  1016               	iorwf	(___fldiv@a+3)^0,w,c
  1940   0014F8  A4D8               	btfss	status,2,c
  1941   0014FA  EF81  F00A         	goto	u611
  1942   0014FE  EF83  F00A         	goto	u610
  1943   001502                     u611:
  1944   001502  EF9B  F00A         	goto	l1120
  1945   001506                     u610:
  1946   001506  0E00               	movlw	0
  1947   001508  6E0F               	movwf	___fldiv@b^0,c
  1948   00150A  0E00               	movlw	0
  1949   00150C  6E10               	movwf	(___fldiv@b+1)^0,c
  1950   00150E  0E00               	movlw	0
  1951   001510  6E11               	movwf	(___fldiv@b+2)^0,c
  1952   001512  0E00               	movlw	0
  1953   001514  6E12               	movwf	(___fldiv@b+3)^0,c
  1954   001516  0E80               	movlw	128
  1955   001518  1211               	iorwf	(___fldiv@b+2)^0,f,c
  1956   00151A  0E7F               	movlw	127
  1957   00151C  1212               	iorwf	(___fldiv@b+3)^0,f,c
  1958   00151E                     l1114:
  1959   00151E  501F               	movf	___fldiv@sign^0,w,c
  1960   001520  1212               	iorwf	(___fldiv@b+3)^0,f,c
  1961   001522  C00F  F00F         	movff	___fldiv@b,?___fldiv
  1962   001526  C010  F010         	movff	___fldiv@b+1,?___fldiv+1
  1963   00152A  C011  F011         	movff	___fldiv@b+2,?___fldiv+2
  1964   00152E  C012  F012         	movff	___fldiv@b+3,?___fldiv+3
  1965   001532  EFDB  F00B         	goto	l635
  1966   001536                     l1120:
  1967   001536  5026               	movf	___fldiv@bexp^0,w,c
  1968   001538  A4D8               	btfss	status,2,c
  1969   00153A  EFA1  F00A         	goto	u621
  1970   00153E  EFA3  F00A         	goto	u620
  1971   001542                     u621:
  1972   001542  EFAD  F00A         	goto	l1128
  1973   001546                     u620:
  1974   001546  0E00               	movlw	0
  1975   001548  6E0F               	movwf	?___fldiv^0,c
  1976   00154A  0E00               	movlw	0
  1977   00154C  6E10               	movwf	(?___fldiv+1)^0,c
  1978   00154E  0E00               	movlw	0
  1979   001550  6E11               	movwf	(?___fldiv+2)^0,c
  1980   001552  0E00               	movlw	0
  1981   001554  6E12               	movwf	(?___fldiv+3)^0,c
  1982   001556  EFDB  F00B         	goto	l635
  1983   00155A                     l1128:
  1984   00155A  5027               	movf	___fldiv@aexp^0,w,c
  1985   00155C  C026  F017         	movff	___fldiv@bexp,??___fldiv
  1986   001560  6A18               	clrf	(??___fldiv+1)^0,c
  1987   001562  5E17               	subwf	??___fldiv^0,f,c
  1988   001564  0E00               	movlw	0
  1989   001566  5A18               	subwfb	(??___fldiv+1)^0,f,c
  1990   001568  0E7F               	movlw	127
  1991   00156A  2417               	addwf	??___fldiv^0,w,c
  1992   00156C  6E20               	movwf	___fldiv@new_exp^0,c
  1993   00156E  0E00               	movlw	0
  1994   001570  2018               	addwfc	(??___fldiv+1)^0,w,c
  1995   001572  6E21               	movwf	(___fldiv@new_exp+1)^0,c
  1996   001574  C00F  F01B         	movff	___fldiv@b,___fldiv@rem
  1997   001578  C010  F01C         	movff	___fldiv@b+1,___fldiv@rem+1
  1998   00157C  C011  F01D         	movff	___fldiv@b+2,___fldiv@rem+2
  1999   001580  C012  F01E         	movff	___fldiv@b+3,___fldiv@rem+3
  2000   001584  0E00               	movlw	0
  2001   001586  6E0F               	movwf	___fldiv@b^0,c
  2002   001588  0E00               	movlw	0
  2003   00158A  6E10               	movwf	(___fldiv@b+1)^0,c
  2004   00158C  0E00               	movlw	0
  2005   00158E  6E11               	movwf	(___fldiv@b+2)^0,c
  2006   001590  0E00               	movlw	0
  2007   001592  6E12               	movwf	(___fldiv@b+3)^0,c
  2008   001594  0E00               	movlw	0
  2009   001596  6E22               	movwf	___fldiv@grs^0,c
  2010   001598  0E00               	movlw	0
  2011   00159A  6E23               	movwf	(___fldiv@grs+1)^0,c
  2012   00159C  0E00               	movlw	0
  2013   00159E  6E24               	movwf	(___fldiv@grs+2)^0,c
  2014   0015A0  0E00               	movlw	0
  2015   0015A2  6E25               	movwf	(___fldiv@grs+3)^0,c
  2016   0015A4  6A27               	clrf	___fldiv@aexp^0,c
  2017   0015A6  EF0D  F00B         	goto	l637
  2018   0015AA                     l1138:
  2019   0015AA  5027               	movf	___fldiv@aexp^0,w,c
  2020   0015AC  B4D8               	btfsc	status,2,c
  2021   0015AE  EFDB  F00A         	goto	u631
  2022   0015B2  EFDD  F00A         	goto	u630
  2023   0015B6                     u631:
  2024   0015B6  EFF4  F00A         	goto	l1146
  2025   0015BA                     u630:
  2026   0015BA  90D8               	bcf	status,0,c
  2027   0015BC  361B               	rlcf	___fldiv@rem^0,f,c
  2028   0015BE  361C               	rlcf	(___fldiv@rem+1)^0,f,c
  2029   0015C0  361D               	rlcf	(___fldiv@rem+2)^0,f,c
  2030   0015C2  361E               	rlcf	(___fldiv@rem+3)^0,f,c
  2031   0015C4  90D8               	bcf	status,0,c
  2032   0015C6  360F               	rlcf	___fldiv@b^0,f,c
  2033   0015C8  3610               	rlcf	(___fldiv@b+1)^0,f,c
  2034   0015CA  3611               	rlcf	(___fldiv@b+2)^0,f,c
  2035   0015CC  3612               	rlcf	(___fldiv@b+3)^0,f,c
  2036   0015CE  AE25               	btfss	(___fldiv@grs+3)^0,7,c
  2037   0015D0  EFEC  F00A         	goto	u641
  2038   0015D4  EFEE  F00A         	goto	u640
  2039   0015D8                     u641:
  2040   0015D8  EFEF  F00A         	goto	l640
  2041   0015DC                     u640:
  2042   0015DC  800F               	bsf	___fldiv@b^0,0,c
  2043   0015DE                     l640:
  2044   0015DE  90D8               	bcf	status,0,c
  2045   0015E0  3622               	rlcf	___fldiv@grs^0,f,c
  2046   0015E2  3623               	rlcf	(___fldiv@grs+1)^0,f,c
  2047   0015E4  3624               	rlcf	(___fldiv@grs+2)^0,f,c
  2048   0015E6  3625               	rlcf	(___fldiv@grs+3)^0,f,c
  2049   0015E8                     l1146:
  2050   0015E8  5013               	movf	___fldiv@a^0,w,c
  2051   0015EA  5C1B               	subwf	___fldiv@rem^0,w,c
  2052   0015EC  5014               	movf	(___fldiv@a+1)^0,w,c
  2053   0015EE  581C               	subwfb	(___fldiv@rem+1)^0,w,c
  2054   0015F0  5015               	movf	(___fldiv@a+2)^0,w,c
  2055   0015F2  581D               	subwfb	(___fldiv@rem+2)^0,w,c
  2056   0015F4  5016               	movf	(___fldiv@a+3)^0,w,c
  2057   0015F6  581E               	subwfb	(___fldiv@rem+3)^0,w,c
  2058   0015F8  A0D8               	btfss	status,0,c
  2059   0015FA  EF01  F00B         	goto	u651
  2060   0015FE  EF03  F00B         	goto	u650
  2061   001602                     u651:
  2062   001602  EF0C  F00B         	goto	l1152
  2063   001606                     u650:
  2064   001606  8C25               	bsf	(___fldiv@grs+3)^0,6,c
  2065   001608  5013               	movf	___fldiv@a^0,w,c
  2066   00160A  5E1B               	subwf	___fldiv@rem^0,f,c
  2067   00160C  5014               	movf	(___fldiv@a+1)^0,w,c
  2068   00160E  5A1C               	subwfb	(___fldiv@rem+1)^0,f,c
  2069   001610  5015               	movf	(___fldiv@a+2)^0,w,c
  2070   001612  5A1D               	subwfb	(___fldiv@rem+2)^0,f,c
  2071   001614  5016               	movf	(___fldiv@a+3)^0,w,c
  2072   001616  5A1E               	subwfb	(___fldiv@rem+3)^0,f,c
  2073   001618                     l1152:
  2074   001618  2A27               	incf	___fldiv@aexp^0,f,c
  2075   00161A                     l637:
  2076   00161A  0E19               	movlw	25
  2077   00161C  6427               	cpfsgt	___fldiv@aexp^0,c
  2078   00161E  EF13  F00B         	goto	u661
  2079   001622  EF15  F00B         	goto	u660
  2080   001626                     u661:
  2081   001626  EFD5  F00A         	goto	l1138
  2082   00162A                     u660:
  2083   00162A  501B               	movf	___fldiv@rem^0,w,c
  2084   00162C  101C               	iorwf	(___fldiv@rem+1)^0,w,c
  2085   00162E  101D               	iorwf	(___fldiv@rem+2)^0,w,c
  2086   001630  101E               	iorwf	(___fldiv@rem+3)^0,w,c
  2087   001632  B4D8               	btfsc	status,2,c
  2088   001634  EF1E  F00B         	goto	u671
  2089   001638  EF20  F00B         	goto	u670
  2090   00163C                     u671:
  2091   00163C  EF38  F00B         	goto	l1164
  2092   001640                     u670:
  2093   001640  8022               	bsf	___fldiv@grs^0,0,c
  2094   001642  EF38  F00B         	goto	l1164
  2095   001646                     l1158:
  2096   001646  90D8               	bcf	status,0,c
  2097   001648  360F               	rlcf	___fldiv@b^0,f,c
  2098   00164A  3610               	rlcf	(___fldiv@b+1)^0,f,c
  2099   00164C  3611               	rlcf	(___fldiv@b+2)^0,f,c
  2100   00164E  3612               	rlcf	(___fldiv@b+3)^0,f,c
  2101   001650  AE25               	btfss	(___fldiv@grs+3)^0,7,c
  2102   001652  EF2D  F00B         	goto	u681
  2103   001656  EF2F  F00B         	goto	u680
  2104   00165A                     u681:
  2105   00165A  EF30  F00B         	goto	l646
  2106   00165E                     u680:
  2107   00165E  800F               	bsf	___fldiv@b^0,0,c
  2108   001660                     l646:
  2109   001660  90D8               	bcf	status,0,c
  2110   001662  3622               	rlcf	___fldiv@grs^0,f,c
  2111   001664  3623               	rlcf	(___fldiv@grs+1)^0,f,c
  2112   001666  3624               	rlcf	(___fldiv@grs+2)^0,f,c
  2113   001668  3625               	rlcf	(___fldiv@grs+3)^0,f,c
  2114   00166A  0620               	decf	___fldiv@new_exp^0,f,c
  2115   00166C  A0D8               	btfss	status,0,c
  2116   00166E  0621               	decf	(___fldiv@new_exp+1)^0,f,c
  2117   001670                     l1164:
  2118   001670  AE11               	btfss	(___fldiv@b+2)^0,7,c
  2119   001672  EF3D  F00B         	goto	u691
  2120   001676  EF3F  F00B         	goto	u690
  2121   00167A                     u691:
  2122   00167A  EF23  F00B         	goto	l1158
  2123   00167E                     u690:
  2124   00167E  6A27               	clrf	___fldiv@aexp^0,c
  2125   001680  AE25               	btfss	(___fldiv@grs+3)^0,7,c
  2126   001682  EF45  F00B         	goto	u701
  2127   001686  EF47  F00B         	goto	u700
  2128   00168A                     u701:
  2129   00168A  EF6B  F00B         	goto	l648
  2130   00168E                     u700:
  2131   00168E  0EFF               	movlw	255
  2132   001690  1422               	andwf	___fldiv@grs^0,w,c
  2133   001692  6E17               	movwf	??___fldiv^0,c
  2134   001694  0EFF               	movlw	255
  2135   001696  1423               	andwf	(___fldiv@grs+1)^0,w,c
  2136   001698  6E18               	movwf	(??___fldiv+1)^0,c
  2137   00169A  0EFF               	movlw	255
  2138   00169C  1424               	andwf	(___fldiv@grs+2)^0,w,c
  2139   00169E  6E19               	movwf	(??___fldiv+2)^0,c
  2140   0016A0  0E7F               	movlw	127
  2141   0016A2  1425               	andwf	(___fldiv@grs+3)^0,w,c
  2142   0016A4  6E1A               	movwf	(??___fldiv+3)^0,c
  2143   0016A6  5017               	movf	??___fldiv^0,w,c
  2144   0016A8  1018               	iorwf	(??___fldiv+1)^0,w,c
  2145   0016AA  1019               	iorwf	(??___fldiv+2)^0,w,c
  2146   0016AC  101A               	iorwf	(??___fldiv+3)^0,w,c
  2147   0016AE  B4D8               	btfsc	status,2,c
  2148   0016B0  EF5C  F00B         	goto	u711
  2149   0016B4  EF5E  F00B         	goto	u710
  2150   0016B8                     u711:
  2151   0016B8  EF62  F00B         	goto	l649
  2152   0016BC                     u710:
  2153   0016BC                     l1168:
  2154   0016BC  0E01               	movlw	1
  2155   0016BE  6E27               	movwf	___fldiv@aexp^0,c
  2156   0016C0  EF6B  F00B         	goto	l648
  2157   0016C4                     l649:
  2158   0016C4  A00F               	btfss	___fldiv@b^0,0,c
  2159   0016C6  EF67  F00B         	goto	u721
  2160   0016CA  EF69  F00B         	goto	u720
  2161   0016CE                     u721:
  2162   0016CE  EF6B  F00B         	goto	l648
  2163   0016D2                     u720:
  2164   0016D2  EF5E  F00B         	goto	l1168
  2165   0016D6                     l648:
  2166   0016D6  5027               	movf	___fldiv@aexp^0,w,c
  2167   0016D8  B4D8               	btfsc	status,2,c
  2168   0016DA  EF71  F00B         	goto	u731
  2169   0016DE  EF73  F00B         	goto	u730
  2170   0016E2                     u731:
  2171   0016E2  EF97  F00B         	goto	l1180
  2172   0016E6                     u730:
  2173   0016E6  0E01               	movlw	1
  2174   0016E8  260F               	addwf	___fldiv@b^0,f,c
  2175   0016EA  0E00               	movlw	0
  2176   0016EC  2210               	addwfc	(___fldiv@b+1)^0,f,c
  2177   0016EE  2211               	addwfc	(___fldiv@b+2)^0,f,c
  2178   0016F0  2212               	addwfc	(___fldiv@b+3)^0,f,c
  2179   0016F2  A012               	btfss	(___fldiv@b+3)^0,0,c
  2180   0016F4  EF7E  F00B         	goto	u741
  2181   0016F8  EF80  F00B         	goto	u740
  2182   0016FC                     u741:
  2183   0016FC  EF97  F00B         	goto	l1180
  2184   001700                     u740:
  2185   001700  C00F  F017         	movff	___fldiv@b,??___fldiv
  2186   001704  C010  F018         	movff	___fldiv@b+1,??___fldiv+1
  2187   001708  C011  F019         	movff	___fldiv@b+2,??___fldiv+2
  2188   00170C  C012  F01A         	movff	___fldiv@b+3,??___fldiv+3
  2189   001710  341A               	rlcf	(??___fldiv+3)^0,w,c
  2190   001712  321A               	rrcf	(??___fldiv+3)^0,f,c
  2191   001714  3219               	rrcf	(??___fldiv+2)^0,f,c
  2192   001716  3218               	rrcf	(??___fldiv+1)^0,f,c
  2193   001718  3217               	rrcf	??___fldiv^0,f,c
  2194   00171A  C017  F00F         	movff	??___fldiv,___fldiv@b
  2195   00171E  C018  F010         	movff	??___fldiv+1,___fldiv@b+1
  2196   001722  C019  F011         	movff	??___fldiv+2,___fldiv@b+2
  2197   001726  C01A  F012         	movff	??___fldiv+3,___fldiv@b+3
  2198   00172A  4A20               	infsnz	___fldiv@new_exp^0,f,c
  2199   00172C  2A21               	incf	(___fldiv@new_exp+1)^0,f,c
  2200   00172E                     l1180:
  2201   00172E  BE21               	btfsc	(___fldiv@new_exp+1)^0,7,c
  2202   001730  EFA2  F00B         	goto	u751
  2203   001734  5021               	movf	(___fldiv@new_exp+1)^0,w,c
  2204   001736  E108               	bnz	u750
  2205   001738  2820               	incf	___fldiv@new_exp^0,w,c
  2206   00173A  A0D8               	btfss	status,0,c
  2207   00173C  EFA2  F00B         	goto	u751
  2208   001740  EFA4  F00B         	goto	u750
  2209   001744                     u751:
  2210   001744  EFAF  F00B         	goto	l1184
  2211   001748                     u750:
  2212   001748  0E00               	movlw	0
  2213   00174A  6E21               	movwf	(___fldiv@new_exp+1)^0,c
  2214   00174C  6820               	setf	___fldiv@new_exp^0,c
  2215   00174E  0E00               	movlw	0
  2216   001750  6E0F               	movwf	___fldiv@b^0,c
  2217   001752  0E00               	movlw	0
  2218   001754  6E10               	movwf	(___fldiv@b+1)^0,c
  2219   001756  0E00               	movlw	0
  2220   001758  6E11               	movwf	(___fldiv@b+2)^0,c
  2221   00175A  0E00               	movlw	0
  2222   00175C  6E12               	movwf	(___fldiv@b+3)^0,c
  2223   00175E                     l1184:
  2224   00175E  BE21               	btfsc	(___fldiv@new_exp+1)^0,7,c
  2225   001760  EFBC  F00B         	goto	u760
  2226   001764  5021               	movf	(___fldiv@new_exp+1)^0,w,c
  2227   001766  E106               	bnz	u761
  2228   001768  0420               	decf	___fldiv@new_exp^0,w,c
  2229   00176A  B0D8               	btfsc	status,0,c
  2230   00176C  EFBA  F00B         	goto	u761
  2231   001770  EFBC  F00B         	goto	u760
  2232   001774                     u761:
  2233   001774  EFC9  F00B         	goto	l1190
  2234   001778                     u760:
  2235   001778  0E00               	movlw	0
  2236   00177A  6E21               	movwf	(___fldiv@new_exp+1)^0,c
  2237   00177C  0E00               	movlw	0
  2238   00177E  6E20               	movwf	___fldiv@new_exp^0,c
  2239   001780  0E00               	movlw	0
  2240   001782  6E0F               	movwf	___fldiv@b^0,c
  2241   001784  0E00               	movlw	0
  2242   001786  6E10               	movwf	(___fldiv@b+1)^0,c
  2243   001788  0E00               	movlw	0
  2244   00178A  6E11               	movwf	(___fldiv@b+2)^0,c
  2245   00178C  0E00               	movlw	0
  2246   00178E  6E12               	movwf	(___fldiv@b+3)^0,c
  2247   001790  6A1F               	clrf	___fldiv@sign^0,c
  2248   001792                     l1190:
  2249   001792  C020  F026         	movff	___fldiv@new_exp,___fldiv@bexp
  2250   001796  A026               	btfss	___fldiv@bexp^0,0,c
  2251   001798  EFD0  F00B         	goto	u771
  2252   00179C  EFD2  F00B         	goto	u770
  2253   0017A0                     u771:
  2254   0017A0  EFD5  F00B         	goto	l1196
  2255   0017A4                     u770:
  2256   0017A4  8E11               	bsf	(___fldiv@b+2)^0,7,c
  2257   0017A6  EFD6  F00B         	goto	l1198
  2258   0017AA                     l1196:
  2259   0017AA  9E11               	bcf	(___fldiv@b+2)^0,7,c
  2260   0017AC                     l1198:
  2261   0017AC  90D8               	bcf	status,0,c
  2262   0017AE  3026               	rrcf	___fldiv@bexp^0,w,c
  2263   0017B0  6E12               	movwf	(___fldiv@b+3)^0,c
  2264   0017B2  EF8F  F00A         	goto	l1114
  2265   0017B6                     l635:
  2266   0017B6  0012               	return		;funcret
  2267   0017B8                     __end_of___fldiv:
  2268                           	callstack 0
  2269                           
  2270 ;; *************** function _ADC_Read *****************
  2271 ;; Defined at:
  2272 ;;		line 118 in file "crrentsensor.c"
  2273 ;; Parameters:    Size  Location     Type
  2274 ;;		None
  2275 ;; Auto vars:     Size  Location     Type
  2276 ;;		None
  2277 ;; Return value:  Size  Location     Type
  2278 ;;                  2    0[COMRAM] unsigned short 
  2279 ;; Registers used:
  2280 ;;		wreg
  2281 ;; Tracked objects:
  2282 ;;		On entry : 0/0
  2283 ;;		On exit  : 0/0
  2284 ;;		Unchanged: 0/0
  2285 ;; Data sizes:     COMRAM   BANK0   BANK1   BANK2   BANK3   BANK4   BANK5   BANK6   BANK7   BANK8   BANK9  BANK10  BANK1
      +1  BANK12  BANK13
  2286 ;;      Params:         2       0       0       0       0       0       0       0       0       0       0       0       
      +0       0       0
  2287 ;;      Locals:         0       0       0       0       0       0       0       0       0       0       0       0       
      +0       0       0
  2288 ;;      Temps:          0       0       0       0       0       0       0       0       0       0       0       0       
      +0       0       0
  2289 ;;      Totals:         2       0       0       0       0       0       0       0       0       0       0       0       
      +0       0       0
  2290 ;;Total ram usage:        2 bytes
  2291 ;; Hardware stack levels used: 1
  2292 ;; This function calls:
  2293 ;;		Nothing
  2294 ;; This function is called by:
  2295 ;;		_measure_once
  2296 ;; This function uses a non-reentrant model
  2297 ;;
  2298                           
  2299                           	psect	text5
  2300   001A9A                     __ptext5:
  2301                           	callstack 0
  2302   001A9A                     _ADC_Read:
  2303                           	callstack 29
  2304   001A9A                     
  2305                           ;crrentsensor.c: 119:     ADCON1Lbits.SAMP = 1;
  2306   001A9A  82C0               	bsf	192,1,c	;volatile
  2307   001A9C                     
  2308                           ;crrentsensor.c: 120:     _delay((unsigned long)((10)*(16000000UL/4000000.0)));
  2309   001A9C  0E0D               	movlw	13
  2310   001A9E                     u1087:
  2311   001A9E  2EE8               	decfsz	wreg,f,c
  2312   001AA0  D7FE               	bra	u1087
  2313   001AA2  0000               	nop	
  2314   001AA4                     
  2315                           ;crrentsensor.c: 121:     ADCON1Lbits.SAMP = 0;
  2316   001AA4  92C0               	bcf	192,1,c	;volatile
  2317   001AA6                     l36:
  2318   001AA6  A0C0               	btfss	192,0,c	;volatile
  2319   001AA8  EF58  F00D         	goto	u541
  2320   001AAC  EF5A  F00D         	goto	u540
  2321   001AB0                     u541:
  2322   001AB0  EF53  F00D         	goto	l36
  2323   001AB4                     u540:
  2324   001AB4                     
  2325                           ;crrentsensor.c: 123:     return ADCBUF0;
  2326   001AB4  CFC2 F001          	movff	4034,?_ADC_Read	;volatile
  2327   001AB8  CFC3 F002          	movff	4035,?_ADC_Read+1	;volatile
  2328   001ABC  0012               	return		;funcret
  2329   001ABE                     __end_of_ADC_Read:
  2330                           	callstack 0
  2331                           
  2332 ;; *************** function _ADC_Init *****************
  2333 ;; Defined at:
  2334 ;;		line 104 in file "crrentsensor.c"
  2335 ;; Parameters:    Size  Location     Type
  2336 ;;		None
  2337 ;; Auto vars:     Size  Location     Type
  2338 ;;		None
  2339 ;; Return value:  Size  Location     Type
  2340 ;;                  1    wreg      void 
  2341 ;; Registers used:
  2342 ;;		wreg, status,2
  2343 ;; Tracked objects:
  2344 ;;		On entry : 0/0
  2345 ;;		On exit  : 0/0
  2346 ;;		Unchanged: 0/0
  2347 ;; Data sizes:     COMRAM   BANK0   BANK1   BANK2   BANK3   BANK4   BANK5   BANK6   BANK7   BANK8   BANK9  BANK10  BANK1
      +1  BANK12  BANK13
  2348 ;;      Params:         0       0       0       0       0       0       0       0       0       0       0       0       
      +0       0       0
  2349 ;;      Locals:         0       0       0       0       0       0       0       0       0       0       0       0       
      +0       0       0
  2350 ;;      Temps:          0       0       0       0       0       0       0       0       0       0       0       0       
      +0       0       0
  2351 ;;      Totals:         0       0       0       0       0       0       0       0       0       0       0       0       
      +0       0       0
  2352 ;;Total ram usage:        0 bytes
  2353 ;; Hardware stack levels used: 1
  2354 ;; This function calls:
  2355 ;;		Nothing
  2356 ;; This function is called by:
  2357 ;;		_main
  2358 ;; This function uses a non-reentrant model
  2359 ;;
  2360                           
  2361                           	psect	text6
  2362   001A74                     __ptext6:
  2363                           	callstack 0
  2364   001A74                     _ADC_Init:
  2365                           	callstack 30
  2366   001A74                     
  2367                           ;crrentsensor.c: 105:     ANCON1bits.ANSEL0 = 1;
  2368   001A74  010E               	movlb	14	; () banked
  2369   001A76  8147               	bsf	71,0,b	;volatile
  2370                           
  2371                           ;crrentsensor.c: 106:     TRISAbits.TRISA0 = 1;
  2372   001A78  8092               	bsf	146,0,c	;volatile
  2373                           
  2374                           ;crrentsensor.c: 108:     ADCON1Hbits.ADON = 1;
  2375   001A7A  8EC1               	bsf	193,7,c	;volatile
  2376   001A7C                     
  2377                           ; BSR set to: 14
  2378                           ;crrentsensor.c: 109:     ADCON1Hbits.FORM = 0b000;
  2379   001A7C  0EFC               	movlw	-4
  2380   001A7E  16C1               	andwf	193,f,c	;volatile
  2381                           
  2382                           ;crrentsensor.c: 110:     ADCON2Hbits.PVCFG = 0b00;
  2383   001A80  0E3F               	movlw	-193
  2384   001A82  178D               	andwf	141,f,b	;volatile
  2385   001A84                     
  2386                           ; BSR set to: 14
  2387                           ;crrentsensor.c: 111:     ADCON2Hbits.NVCFG0 = 0;
  2388   001A84  9B8D               	bcf	141,5,b	;volatile
  2389   001A86                     
  2390                           ; BSR set to: 14
  2391                           ;crrentsensor.c: 112:     ADCON3Hbits.ADRC = 0;
  2392   001A86  9F8B               	bcf	139,7,b	;volatile
  2393                           
  2394                           ;crrentsensor.c: 113:     ADCON3Hbits.SAMC = 0b01100;
  2395   001A88  518B               	movf	139,w,b	;volatile
  2396   001A8A  0BE0               	andlw	-32
  2397   001A8C  090C               	iorlw	12
  2398   001A8E  6F8B               	movwf	139,b	;volatile
  2399                           
  2400                           ;crrentsensor.c: 114:     ADCON3L = 0x03;
  2401   001A90  0E03               	movlw	3
  2402   001A92  6F8A               	movwf	138,b	;volatile
  2403                           
  2404                           ;crrentsensor.c: 115:     ADCHS0Hbits.CH0SB = 0b000;
  2405   001A94  0EE0               	movlw	-32
  2406   001A96  1787               	andwf	135,f,b	;volatile
  2407   001A98                     
  2408                           ; BSR set to: 14
  2409   001A98  0012               	return		;funcret
  2410   001A9A                     __end_of_ADC_Init:
  2411                           	callstack 0
  2412                           
  2413                           	psect	smallconst
  2414   001000                     __psmallconst:
  2415                           	callstack 0
  2416   001000  00                 	db	0
  2417   001001  00                 	db	0	; dummy byte at the end
  2418   001000                     __smallconst    set	__psmallconst
  2419   001000                     __mediumconst   set	__psmallconst
  2420   000000                     __activetblptr  equ	0
  2421                           
  2422                           	psect	rparam
  2423   000001                     ___rparam_used  equ	1
  2424   000000                     ___param_bank   equ	0
  2425   000000                     __Lparam        equ	__Lrparam
  2426   000000                     __Hparam        equ	__Hrparam
  2427                           
  2428                           	psect	config
  2429                           
  2430                           ;Config register CONFIG1L @ 0x1FFF0
  2431                           ;	Stack Overflow/Underflow Reset
  2432                           ;	STVREN = OFF, Disabled
  2433                           ;	Extended Instruction Set
  2434                           ;	XINST = OFF, Disabled
  2435   01FFF0                     	org	131056
  2436   01FFF0  80                 	db	128
  2437                           
  2438                           ;Config register CONFIG1H @ 0x1FFF1
  2439                           ;	Brown-Out Reset Enable
  2440                           ;	BOREN = OFF, Disabled in hardware
  2441                           ;	Brown-out Reset Voltage
  2442                           ;	BORV = 0, 2.0V
  2443                           ;	Code Protect
  2444                           ;	CP0 = OFF, Program memory is not code-protected
  2445   01FFF1                     	org	131057
  2446   01FFF1  F4                 	db	244
  2447                           
  2448                           ;Config register CONFIG2L @ 0x1FFF2
  2449                           ;	Oscillator
  2450                           ;	FOSC = FRCDIV, Fast RC Oscillator with Postscaler (FRCDIV)
  2451                           ;	T1OSC/SOSC Power Selection Bits
  2452                           ;	SOSCSEL = LOW, Low Power T1OSC/SOSC circuit selected
  2453                           ;	Clock Out Enable Bit
  2454                           ;	CLKOEN = ON, CLKO output enabled on the RA6 pin
  2455                           ;	Internal External Oscillator Switch Over Mode
  2456                           ;	IESO = ON, Enabled
  2457   01FFF2                     	org	131058
  2458   01FFF2  AF                 	db	175
  2459                           
  2460                           ;Config register CONFIG2H @ 0x1FFF3
  2461                           ;	PLL Frequency Multiplier Select bits
  2462                           ;	PLLDIV = NODIV, 96 MHz PLL selected; No divide - Oscillator used directly (4 MHz input
      +                          )
  2463   01FFF3                     	org	131059
  2464   01FFF3  F0                 	db	240
  2465                           
  2466                           ;Config register CONFIG3L @ 0x1FFF4
  2467                           ;	Primary Oscillator Select
  2468                           ;	POSCMD = HS, HS oscillator mode selected(10 MHz - 40 MHz)
  2469                           ;	Clock Switching and Monitor Selection Configuration bits
  2470                           ;	FSCM = CSECMD, Clock switching is enabled, fail safe clock monitor is disabled
  2471   01FFF4                     	org	131060
  2472   01FFF4  12                 	db	18
  2473                           
  2474                           ;Config register CONFIG3H @ 0x1FFF5
  2475                           ;	unspecified, using default values
  2476   01FFF5                     	org	131061
  2477   01FFF5  F0                 	db	240
  2478                           
  2479                           ;Config register CONFIG4L @ 0x1FFF6
  2480                           ;	Write/Erase Protect Page Start/End Boundary
  2481                           ;	WPFP = WPFP255, Write Protect Program Flash Page 255
  2482   01FFF6                     	org	131062
  2483   01FFF6  FF                 	db	255
  2484                           
  2485                           ;Config register CONFIG4H @ 0x1FFF7
  2486                           ;	Segment Write Protection Disable
  2487                           ;	WPDIS = WPDIS, Disabled
  2488                           ;	Segment Write Protection End Page Select
  2489                           ;	WPEND = WPENDMEM, Write Protect from WPFP to the last page of memory
  2490                           ;	Write Protect Configuration Page Select
  2491                           ;	WPCFG = WPCFGDIS, Disabled
  2492   01FFF7                     	org	131063
  2493   01FFF7  F7                 	db	247
  2494                           
  2495                           ;Config register CONFIG5L @ 0x1FFF8
  2496                           ;	TMR5 Gate Select bit
  2497                           ;	T5GSEL = T5G, TMR5 Gate is driven by the T5G input
  2498                           ;	CxINA Gate Select bit
  2499                           ;	CINASEL = DEFAULT, C1INA and C3INA are on their default pin locations
  2500                           ;	External Address Shift bit
  2501                           ;	EASHFT = ON, Address Shifting enabled
  2502                           ;	Address Bus Width Select bits
  2503                           ;	ABW = MM, 8-bit address bus
  2504                           ;	Data Bus Width
  2505                           ;	BW = 16, 16-bit external bus mode
  2506                           ;	External Bus Wait
  2507                           ;	WAIT = OFF, Disabled
  2508   01FFF8                     	org	131064
  2509   01FFF8  FB                 	db	251
  2510                           
  2511                           ;Config register CONFIG5H @ 0x1FFF9
  2512                           ;	IOLOCK One-Way Set Enable bit
  2513                           ;	IOL1WAY = ON, Once set, the IOLOCK bit cannot be cleared
  2514                           ;	USB Low Speed Clock Select bit
  2515                           ;	LS48MHZ = SYSX2, Divide-by-2 (System clock must be 12 MHz)
  2516                           ;	MSSP2 7-Bit Address Masking Mode Enable bit
  2517                           ;	MSSPMSK2 = MSK7, 7 Bit address masking mode
  2518                           ;	MSSP1 7-Bit Address Masking Mode Enable bit
  2519                           ;	MSSPMSK1 = MSK7, 7 Bit address masking mode
  2520   01FFF9                     	org	131065
  2521   01FFF9  FF                 	db	255
  2522                           
  2523                           ;Config register CONFIG6L @ 0x1FFFA
  2524                           ;	Watch Dog Timer Window
  2525                           ;	WDTWIN = PS25_0, Watch Dog Timer Window Width is 25 percent
  2526                           ;	Watch Dog Timer Clock Source
  2527                           ;	WDTCLK = LPRC, Always use INTOSC/LPRC
  2528                           ;	Watchdog Timer Postscale
  2529                           ;	WDTPS = 32768, 1:32768
  2530   01FFFA                     	org	131066
  2531   01FFFA  FB                 	db	251
  2532                           
  2533                           ;Config register CONFIG6H @ 0x1FFFB
  2534                           ;	Watchdog Timer Enable
  2535                           ;	WDTEN = OFF, WDT disabled in hardware; SWDTEN bit disabled
  2536                           ;	Windowed Watchdog Timer Disable
  2537                           ;	WINDIS = WDTSTD, Standard WDT selected; windowed WDT disabled
  2538                           ;	WDT Prescaler
  2539                           ;	WPSA = 128, WDT prescaler ratio of 1:128
  2540   01FFFB                     	org	131067
  2541   01FFFB  FC                 	db	252
  2542                           
  2543                           ;Config register CONFIG7L @ 0x1FFFC
  2544                           ;	Retention Voltage Regulator Control Enable
  2545                           ;	RETEN = OFF, Retention not available
  2546                           ;	VBAT BOR Enable
  2547                           ;	VBTBOR = OFF, VBAT BOR is disabled
  2548                           ;	Deep Sleep BOR Enable
  2549                           ;	DSBOREN = ON, BOR enabled in Deep Sleep
  2550                           ;	DSEN Bit Enable bit
  2551                           ;	DSBITEN = ON, Deep Sleep is controlled by the register bit DSEN
  2552   01FFFC                     	org	131068
  2553   01FFFC  19                 	db	25
  2554                           
  2555                           ;Config register CONFIG7H @ 0x1FFFD
  2556                           ;	unspecified, using default values
  2557   01FFFD                     	org	131069
  2558   01FFFD  F0                 	db	240
  2559                           
  2560                           ;Config register CONFIG8L @ 0x1FFFE
  2561                           ;	Deep Sleep Watchdog Timer Postscale Select
  2562                           ;	DSWDTPS = DSWDTPS1F, 1:68719476736 (25.7 Days)
  2563   01FFFE                     	org	131070
  2564   01FFFE  F8                 	db	248
  2565                           
  2566                           ;Config register CONFIG8H @ 0x1FFFF
  2567                           ;	Deep Sleep Watchdog Timer Enable
  2568                           ;	DSWDTEN = ON, DSWDT Enabled
  2569                           ;	DSWDT Reference Clock Select
  2570                           ;	DSWDTOSC = LPRC, DSWDT uses LPRC as reference clock
  2571   01FFFF                     	org	131071
  2572   01FFFF  F3                 	db	243
  2573                           tosu	equ	0xFFF
  2574                           tosh	equ	0xFFE
  2575                           tosl	equ	0xFFD
  2576                           stkptr	equ	0xFFC
  2577                           pclatu	equ	0xFFB
  2578                           pclath	equ	0xFFA
  2579                           pcl	equ	0xFF9
  2580                           tblptru	equ	0xFF8
  2581                           tblptrh	equ	0xFF7
  2582                           tblptrl	equ	0xFF6
  2583                           tablat	equ	0xFF5
  2584                           prodh	equ	0xFF4
  2585                           prodl	equ	0xFF3
  2586                           indf0	equ	0xFEF
  2587                           postinc0	equ	0xFEE
  2588                           postdec0	equ	0xFED
  2589                           preinc0	equ	0xFEC
  2590                           plusw0	equ	0xFEB
  2591                           fsr0h	equ	0xFEA
  2592                           fsr0l	equ	0xFE9
  2593                           wreg	equ	0xFE8
  2594                           indf1	equ	0xFE7
  2595                           postinc1	equ	0xFE6
  2596                           postdec1	equ	0xFE5
  2597                           preinc1	equ	0xFE4
  2598                           plusw1	equ	0xFE3
  2599                           fsr1h	equ	0xFE2
  2600                           fsr1l	equ	0xFE1
  2601                           bsr	equ	0xFE0
  2602                           indf2	equ	0xFDF
  2603                           postinc2	equ	0xFDE
  2604                           postdec2	equ	0xFDD
  2605                           preinc2	equ	0xFDC
  2606                           plusw2	equ	0xFDB
  2607                           fsr2h	equ	0xFDA
  2608                           fsr2l	equ	0xFD9
  2609                           status	equ	0xFD8

Data Sizes:
    Strings     0
    Constant    0
    Data        0
    BSS         18
    Persistent  0
    Stack       0

Auto Spaces:
    Space          Size  Autos    Used
    COMRAM           95     66      84
    BANK0           160      0       0
    BANK1           256      0       0
    BANK2           256      0       0
    BANK3           256      0       0
    BANK4           256      0       0
    BANK5           256      0       0
    BANK6           256      0       0
    BANK7           256      0       0
    BANK8           256      0       0
    BANK9           256      0       0
    BANK10          256      0       0
    BANK11          256      0       0
    BANK12          256      0       0
    BANK13          250      0       0

Pointer List with Targets:

    None.

Critical Paths under _main in COMRAM

    _measure_once->___flmul
    ___flmul->___fldiv
    ___fldiv->___xxtofl

Critical Paths under _main in BANK0

    None.

Critical Paths under _main in BANK1

    None.

Critical Paths under _main in BANK2

    None.

Critical Paths under _main in BANK3

    None.

Critical Paths under _main in BANK4

    None.

Critical Paths under _main in BANK5

    None.

Critical Paths under _main in BANK6

    None.

Critical Paths under _main in BANK7

    None.

Critical Paths under _main in BANK8

    None.

Critical Paths under _main in BANK9

    None.

Critical Paths under _main in BANK10

    None.

Critical Paths under _main in BANK11

    None.

Critical Paths under _main in BANK12

    None.

Critical Paths under _main in BANK13

    None.

Call Graph Tables:

 ---------------------------------------------------------------------------------
 (Depth) Function   	        Calls       Base Space   Used Autos Params    Refs
 ---------------------------------------------------------------------------------
 (0) _main                                                 2     2      0    2932
                                             64 COMRAM     2     2      0
                           _ADC_Init
                       _measure_once
 ---------------------------------------------------------------------------------
 (1) _measure_once                                         0     0      0    2932
                           _ADC_Read
                            ___fldiv
                            ___flmul
                           ___xxtofl
 ---------------------------------------------------------------------------------
 (2) ___xxtofl                                            14    10      4     337
                                              0 COMRAM    14    10      4
 ---------------------------------------------------------------------------------
 (2) ___flmul                                             25    17      8    1470
                                             39 COMRAM    25    17      8
                            ___fldiv (ARG)
                           ___xxtofl (ARG)
 ---------------------------------------------------------------------------------
 (2) ___fldiv                                             25    17      8    1125
                                             14 COMRAM    25    17      8
                           ___xxtofl (ARG)
 ---------------------------------------------------------------------------------
 (2) _ADC_Read                                             2     0      2       0
                                              0 COMRAM     2     0      2
 ---------------------------------------------------------------------------------
 (1) _ADC_Init                                             0     0      0       0
 ---------------------------------------------------------------------------------
 Estimated maximum stack depth 2
 ---------------------------------------------------------------------------------

 Call Graph Graphs:

 _main (ROOT)
   _ADC_Init
   _measure_once
     _ADC_Read
     ___fldiv
       ___xxtofl (ARG)
     ___flmul
       ___fldiv (ARG)
       ___xxtofl (ARG)
     ___xxtofl

Address spaces:
Name               Size   Autos  Total    Usage
BIGRAM            3577      0       0      0.0%
BITBIGSFRh         370      0       0      0.0%
BITBANK12          256      0       0      0.0%
BANK12             256      0       0      0.0%
BITBANK11          256      0       0      0.0%
BANK11             256      0       0      0.0%
BITBANK10          256      0       0      0.0%
BANK10             256      0       0      0.0%
BITBANK9           256      0       0      0.0%
BANK9              256      0       0      0.0%
BITBANK8           256      0       0      0.0%
BANK8              256      0       0      0.0%
BITBANK7           256      0       0      0.0%
BANK7              256      0       0      0.0%
BITBANK6           256      0       0      0.0%
BANK6              256      0       0      0.0%
BITBANK5           256      0       0      0.0%
BANK5              256      0       0      0.0%
BITBANK4           256      0       0      0.0%
BANK4              256      0       0      0.0%
BITBANK3           256      0       0      0.0%
BANK3              256      0       0      0.0%
BITBANK2           256      0       0      0.0%
BANK2              256      0       0      0.0%
BITBANK1           256      0       0      0.0%
BANK1              256      0       0      0.0%
BITBANK13          250      0       0      0.0%
BANK13             250      0       0      0.0%
BITBANK0           160      0       0      0.0%
BANK0              160      0       0      0.0%
BITCOMRAM           95      0       0      0.0%
COMRAM              95     66      84     88.4%
BITBIGSFRlll        77      0       0      0.0%
BITBIGSFRllh        63      0       0      0.0%
BITBIGSFRlh          2      0       0      0.0%
STACK                0      0       0      0.0%
DATA                 0      0      84      0.0%


Microchip Technology PIC18 Macro Assembler V3.00 build 20241204225717 
Symbol Table                                                                                   Tue Aug 12 13:41:06 2025

           ___fldiv@aexp 0027             ___fldiv@bexp 0026             ___fldiv@sign 001F  
                     l33 1A98                       l42 1A4A                       l36 1AA6  
                     l38 1AB4                       l39 1ABC                      l711 196A  
                    l640 15DE                      l722 1902                      l635 17B6  
                    l715 18A6                      l708 180E                      l637 161A  
                    l646 1660                      l647 167E                      l671 1426  
                    l648 16D6                      l649 16C4                      l674 12BC  
                    l675 12DA                      l667 10C6                      l684 13E8  
                    l676 1332                      l677 1320                      u600 14C8  
                    u601 14C4                      u610 1506                      u611 1502  
                    u540 1AB4                      u700 168E                      u620 1546  
                    u541 1AB0                      u701 168A                      u621 1542  
                    u710 16BC                      u630 15BA                      u550 1442  
                    u711 16B8                      u631 15B6                      u551 143E  
                    u720 16D2                      u640 15DC                      u560 1454  
                    u800 103E                      u721 16CE                      u641 15D8  
                    u561 1450                      u801 103A                      u730 16E6  
                    u650 1606                      u570 1464                      u810 107E  
                    u731 16E2                      u651 1602                      u571 1460  
                    u811 107A                      u740 1700                      u660 162A  
                    u580 14A6                      u900 1318                      u820 1090  
                    u741 16FC                      u661 1626                      u581 14A2  
                    u901 1314                      u821 108C                      u750 1748  
                    u670 1640                      u590 14B8                      u910 132E  
                    u830 10A0                      u751 1744                      u671 163C  
                    u591 14B4                      u911 132A                      u831 109C  
                    u760 1778                      u680 165E                      u920 1342  
                    u840 10D6                      u761 1774                      u681 165A  
                    u921 133E                      u841 10D2                      u770 17A4  
                    u690 167E                      u930 135C                      u850 10E6  
                    u771 17A0                      u691 167A                      u931 1358  
                    u851 10E2                      u940 13A4                      u860 1260  
                    u780 101C                      u941 13A0                      u781 1018  
                    u950 13D2                      u870 12BA                      u790 102E  
                    u951 13CE                      u871 12B6                      u791 102A  
                    u960 140A                      u880 12DA                      u961 1406  
                    u881 12D6                      u865 1256                      u890 12EA  
                    u970 17CA                      u891 12E6                      u971 17C6  
                    u980 17D8                      u981 17D4                      u990 1834  
                    u991 1830                      wreg 0FE8             ___flmul@aexp 0039  
           ___flmul@bexp 003A             ___flmul@sign 0034             ___flmul@temp 003F  
           ___flmul@prod 003B                     l1100 14C8                     l1110 1506  
                   l1102 14D8                     l1112 1516                     l1120 1536  
                   l1104 14DA                     l1042 1A74                     l1130 1574  
                   l1122 1546                     l1114 151E                     l1106 14E0  
                   l1210 101C                     l1044 1A7C                     l1140 15BA  
                   l1132 1584                     l1124 1546                     l1116 1522  
                   l1108 14F0                     l1220 1054                     l1212 101E  
                   l1046 1A84                     l1150 1608                     l1142 15CE  
                   l1134 1594                     l1070 1428                     l1302 1342  
                   l1310 138A                     l1230 1080                     l1222 1064  
                   l1214 102E                     l1206 1002                     l1048 1A86  
                   l1064 1A9A                     l1160 1650                     l1152 1618  
                   l1144 15DC                     l1136 15A4                     l1128 155A  
                   l1080 1464                     l1072 1434                     l1320 13EC  
                   l1312 13A4                     l1304 134E                     l1240 10D6  
                   l1232 1090                     l1224 106A                     l1216 103E  
                   l1208 100E                     l1066 1A9C                     l1162 165E  
                   l1154 162A                     l1146 15E8                     l1138 15AA  
                   l1090 1492                     l1082 1474                     l1074 1442  
                   l1330 1416                     l1322 13FC                     l1314 13B8  
                   l1306 135C                     l1250 1110                     l1242 10E6  
                   l1234 10A0                     l1226 1070                     l1218 104E  
                   l1068 1AA4                     l1172 16E6                     l1180 172E  
                   l1156 1640                     l1164 1670                     l1148 1606  
                   l1092 1498                     l1084 1476                     l1076 1444  
                   l1324 140A                     l1316 13D2                     l1308 1386  
                   l1260 1162                     l1252 1126                     l1236 10B0  
                   l1228 107E                     l1340 181E                     l1190 1792  
                   l1182 1748                     l1174 16F2                     l1166 168E  
                   l1158 1646                     l1094 14A6                     l1078 1454  
                   l1086 147C                     l1326 140C                     l1318 13E2  
                   l1270 11A8                     l1262 1170                     l1254 1132  
                   l1246 10FA                     l1238 10B6                     l1350 185C  
                   l1342 1834                     l1334 17BA                     l1192 1796  
                   l1184 175E                     l1176 1700                     l1168 16BC  
                   l1096 14A8                     l1088 148C                     l1328 1412  
                   l1280 1216                     l1272 11C2                     l1264 117C  
                   l1256 114A                     l1248 1106                     l1360 18E4  
                   l1352 188E                     l1336 17CA                     l1194 17A4  
                   l1186 1778                     l1178 172A                     l1098 14B8  
                   l1290 12AC                     l1282 1240                     l1274 11D2  
                   l1266 118C                     l1258 1156                     l1370 193A  
                   l1362 18F2                     l1354 1890                     l1346 1848  
                   l1338 17D8                     l1196 17AA                     l1188 1790  
                   l1292 12BA                     l1284 1276                     l1276 11EE  
                   l1268 1198                     l1372 194A                     l1364 1910  
                   l1356 189C                     l1348 1850                     l1380 196C  
                   l1198 17AC                     l1294 12CC                     l1286 1284  
                   l1278 11FA                     l1374 1958                     l1366 1912  
                   l1358 18D8                     l1382 1978                     l1390 1A50  
                   l1296 12EA                     l1288 12A2                     l1376 195A  
                   l1368 1916                     l1384 19E2                     l1392 1A54  
                   l1298 1318                     l1386 1A16                     l1388 1A4C  
                   u1000 188A                     u1001 1886                     u1010 18D4  
                   u1011 18D0                     u1020 18F2                     u1021 18EE  
                   u1030 1902                     u1031 18FE                     u1040 1910  
                   u1041 190C                     u1050 194A                     u1051 1946  
                   u1060 1958                     u1061 1954                     u1077 1A5E  
                   u1087 1A9E                     _main 1A4C         __end_of_ADC_Init 1A9A  
       __end_of_ADC_Read 1ABE                     prodh 0FF4                     prodl 0FF3  
                   start FFEC          ___fldiv@new_exp 0020             ___param_bank 0000  
                  ?_main 0001          __end_of___fldiv 17B8          __end_of___flmul 1428  
                  status 0FD8          __initialization 1ABE             __end_of_main 1A74  
          ?_measure_once 0001                   ??_main 0041            __activetblptr 0000  
       __end_of___xxtofl 196C                ??___fldiv 0017                ??___flmul 0030  
         ??_measure_once 0041                   clear_0 1AC4                   isa$std 0001  
                 _vdm_mv 004B                ?_ADC_Init 0001                ?_ADC_Read 0001  
           __mediumconst 1000             ___xxtofl@arg 000B             ___xxtofl@exp 000A  
           ___xxtofl@val 0001               __accesstop 0060  __end_of__initialization 1ACA  
          ___rparam_used 0001           __pcstackCOMRAM 0001               ??_ADC_Init 0001  
             ??_ADC_Read 0003                  _ADCBUF0 0FC2                  _ADCON3L 0E8A  
              ?___xxtofl 0001     __end_of_measure_once 1A4C                  __Hparam 0000  
                __Lparam 0000                  ___fldiv 1428                  ___flmul 1002  
           __psmallconst 1000               _current_mA 0047                  __pcinit 1ABE  
                __ramtop 1000                  __ptext0 1A4C                  __ptext1 196C  
                __ptext2 17B8                  __ptext3 1002                  __ptext4 1428  
                __ptext5 1A9A                  __ptext6 1A74               ??___xxtofl 0005  
   end_of_initialization 1ACA                  _vout_mV 004F                  postinc0 0FEE  
            _ADCHS0Hbits 0E87            ___xxtofl@sign 0009              _ADCON1Hbits 0FC1  
            _ADCON2Hbits 0E8D              _ADCON1Lbits 0FC0              _ADCON3Hbits 0E8B  
              _TRISAbits 0F92              ___fldiv@grs 0022              ___fldiv@rem 001B  
            ___flmul@grs 0035      start_initialization 1ABE             _measure_once 196C  
              ___fldiv@a 0013                ___fldiv@b 000F                ___flmul@a 002C  
              ___flmul@b 0028              __pbssCOMRAM 0043                _adc_value 0053  
               ?___fldiv 000F                 ?___flmul 0028              __smallconst 1000  
               _ADC_Init 1A74                 _ADC_Read 1A9A               _ANCON1bits 0E47  
               __Hrparam 0000                 __Lrparam 0000                 ___xxtofl 17B8  
            _current_out 0043                 isa$xinst 0000  
