

Microchip MPLAB XC8 Assembler V3.00 build 20241204225717 
                                                                                               Mon Aug 04 11:04:38 2025

Microchip MPLAB XC8 C Compiler v3.00 (Free license) build 20241204225717 Og1 
     1                           	processor	18F97J94
     2                           	fnconf	rparam,??,?,0
     3                           	pagewidth 120
     4                           	opt	flic
     5                           	psect	cinit,global,reloc=2,class=CODE,space=0,delta=1
     6                           	psect	cstackCOMRAM,global,class=COMRAM,space=1,delta=1,lowdata,noexec
     7                           	psect	text0,global,reloc=2,class=CODE,space=0,delta=1
     8                           	psect	text1,global,reloc=2,class=CODE,space=0,delta=1
     9                           	psect	text2,global,reloc=2,class=CODE,space=0,delta=1
    10                           	psect	text3,global,reloc=2,class=CODE,space=0,delta=1
    11                           	psect	text4,global,reloc=2,class=CODE,space=0,delta=1
    12                           	psect	text5,global,reloc=2,class=CODE,space=0,delta=1
    13                           	psect	text6,global,reloc=2,class=CODE,space=0,delta=1
    14                           	psect	text7,global,reloc=2,class=CODE,space=0,delta=1
    15                           	psect	text8,global,reloc=2,class=CODE,space=0,delta=1
    16                           	psect	smallconst,global,reloc=2,class=SMALLCONST,space=0,delta=1,noexec
    17                           	psect	intsave_regs,global,class=BIGRAM,space=1,delta=1,noexec
    18                           	psect	rparam,global,class=COMRAM,space=1,delta=1,noexec
    19                           	psect	config,global,abs,ovrld,class=CONFIG,space=4,delta=1,noexec
    20   000000                     
    21                           ; Generated 17/08/2023 GMT
    22                           ; 
    23                           ; Copyright © 2023, Microchip Technology Inc. and its subsidiaries ("Microchip")
    24                           ; All rights reserved.
    25                           ; 
    26                           ; This software is developed by Microchip Technology Inc. and its subsidiaries ("Microch
      +                          ip").
    27                           ; 
    28                           ; Redistribution and use in source and binary forms, with or without modification, are
    29                           ; permitted provided that the following conditions are met:
    30                           ; 
    31                           ;     1. Redistributions of source code must retain the above copyright notice, this lis
      +                          t of
    32                           ;        conditions and the following disclaimer.
    33                           ; 
    34                           ;     2. Redistributions in binary form must reproduce the above copyright notice, this 
      +                          list
    35                           ;        of conditions and the following disclaimer in the documentation and/or other
    36                           ;        materials provided with the distribution. Publication is not required when
    37                           ;        this file is used in an embedded application.
    38                           ; 
    39                           ;     3. Microchip's name may not be used to endorse or promote products derived from th
      +                          is
    40                           ;        software without specific prior written permission.
    41                           ; 
    42                           ; THIS SOFTWARE IS PROVIDED BY MICROCHIP "AS IS" AND ANY EXPRESS OR IMPLIED WARRANTIES,
    43                           ; INCLUDING, BUT NOT LIMITED TO, THE IMPLIED WARRANTIES OF MERCHANTABILITY AND FITNESS F
      +                          OR
    44                           ; PURPOSE ARE DISCLAIMED.  IN NO EVENT SHALL MICROCHIP BE LIABLE FOR ANY DIRECT, INDIREC
      +                          T,
    45                           ; INCIDENTAL, SPECIAL, EXEMPLARY, OR CONSEQUENTIAL DAMAGES (INCLUDING BUT NOT LIMITED TO
    46                           ; PROCUREMENT OF SUBSTITUTE GOODS OR SERVICES; LOSS OF USE, DATA OR PROFITS; OR BUSINESS
    47                           ; INTERRUPTION) HOWSOEVER CAUSED AND ON ANY THEORY OF LIABILITY, WHETHER IN CONTRACT, ST
      +                          RICT
    48                           ; LIABILITY, OR TORT (INCLUDING NEGLIGENCE OR OTHERWISE) ARISING IN ANY WAY OUT OF THE U
      +                          SE OF
    49                           ; THIS SOFTWARE, EVEN IF ADVISED OF THE POSSIBILITY OF SUCH DAMAGE.
    50                           ; 
    51                           ; 
    52                           ; Code-generator required, PIC18F97J94 Definitions
    53                           ; 
    54                           ; SFR Addresses
    55   000FE0                     bsr             equ	4064
    56   000FE9                     fsr0            equ	4073
    57   000FEA                     fsr0h           equ	4074
    58   000FE9                     fsr0l           equ	4073
    59   000FE1                     fsr1            equ	4065
    60   000FE2                     fsr1h           equ	4066
    61   000FE1                     fsr1l           equ	4065
    62   000FD9                     fsr2            equ	4057
    63   000FDA                     fsr2h           equ	4058
    64   000FD9                     fsr2l           equ	4057
    65   000FEF                     indf0           equ	4079
    66   000FE7                     indf1           equ	4071
    67   000FDF                     indf2           equ	4063
    68   000FF2                     intcon          equ	4082
    69   000000                     nvmcon          equ	0
    70   000FF9                     pcl             equ	4089
    71   000FFA                     pclath          equ	4090
    72   000FFB                     pclatu          equ	4091
    73   000FEB                     plusw0          equ	4075
    74   000FE3                     plusw1          equ	4067
    75   000FDB                     plusw2          equ	4059
    76   000FED                     postdec0        equ	4077
    77   000FE5                     postdec1        equ	4069
    78   000FDD                     postdec2        equ	4061
    79   000FEE                     postinc0        equ	4078
    80   000FE6                     postinc1        equ	4070
    81   000FDE                     postinc2        equ	4062
    82   000FEC                     preinc0         equ	4076
    83   000FE4                     preinc1         equ	4068
    84   000FDC                     preinc2         equ	4060
    85   000FF3                     prod            equ	4083
    86   000FF4                     prodh           equ	4084
    87   000FF3                     prodl           equ	4083
    88   000FD8                     status          equ	4056
    89   000FF5                     tablat          equ	4085
    90   000FF6                     tblptr          equ	4086
    91   000FF7                     tblptrh         equ	4087
    92   000FF6                     tblptrl         equ	4086
    93   000FF8                     tblptru         equ	4088
    94   000FFD                     tosl            equ	4093
    95   000FE8                     wreg            equ	4072
    96   000DFF                     UEP0            equ	3583	;# 
    97   000E00                     UEP1            equ	3584	;# 
    98   000E01                     UEP2            equ	3585	;# 
    99   000E02                     UEP3            equ	3586	;# 
   100   000E03                     UEP4            equ	3587	;# 
   101   000E04                     UEP5            equ	3588	;# 
   102   000E05                     UEP6            equ	3589	;# 
   103   000E06                     UEP7            equ	3590	;# 
   104   000E07                     UEP8            equ	3591	;# 
   105   000E08                     UEP9            equ	3592	;# 
   106   000E09                     UEP10           equ	3593	;# 
   107   000E0A                     UEP11           equ	3594	;# 
   108   000E0B                     UEP12           equ	3595	;# 
   109   000E0C                     UEP13           equ	3596	;# 
   110   000E0D                     UEP14           equ	3597	;# 
   111   000E0E                     UEP15           equ	3598	;# 
   112   000E0F                     UEIE            equ	3599	;# 
   113   000E10                     UIE             equ	3600	;# 
   114   000E11                     UCFG            equ	3601	;# 
   115   000E12                     RPOR0_1         equ	3602	;# 
   116   000E13                     RPOR2_3         equ	3603	;# 
   117   000E14                     RPOR4_5         equ	3604	;# 
   118   000E15                     RPOR6_7         equ	3605	;# 
   119   000E16                     RPOR8_9         equ	3606	;# 
   120   000E17                     RPOR10_11       equ	3607	;# 
   121   000E18                     RPOR12_13       equ	3608	;# 
   122   000E19                     RPOR14_15       equ	3609	;# 
   123   000E1A                     RPOR16_17       equ	3610	;# 
   124   000E1B                     RPOR18_19       equ	3611	;# 
   125   000E1C                     RPOR20_21       equ	3612	;# 
   126   000E1D                     RPOR22_23       equ	3613	;# 
   127   000E1E                     RPOR24_25       equ	3614	;# 
   128   000E1F                     RPOR26_27       equ	3615	;# 
   129   000E20                     RPOR28_29       equ	3616	;# 
   130   000E21                     RPOR30_31       equ	3617	;# 
   131   000E22                     RPOR32_33       equ	3618	;# 
   132   000E23                     RPOR34_35       equ	3619	;# 
   133   000E24                     RPOR36_37       equ	3620	;# 
   134   000E25                     RPOR38_39       equ	3621	;# 
   135   000E26                     RPOR40_41       equ	3622	;# 
   136   000E27                     RPOR42_43       equ	3623	;# 
   137   000E28                     RPOR44_45       equ	3624	;# 
   138   000E29                     RPOR46          equ	3625	;# 
   139   000E2A                     RPINR0_1        equ	3626	;# 
   140   000E2B                     RPINR2_3        equ	3627	;# 
   141   000E2C                     RPINR4_5        equ	3628	;# 
   142   000E2D                     RPINR6_7        equ	3629	;# 
   143   000E2E                     RPINR8_9        equ	3630	;# 
   144   000E2F                     RPINR10_11      equ	3631	;# 
   145   000E30                     RPINR12_13      equ	3632	;# 
   146   000E31                     RPINR14_15      equ	3633	;# 
   147   000E32                     RPINR16_17      equ	3634	;# 
   148   000E33                     RPINR18_19      equ	3635	;# 
   149   000E34                     RPINR20_21      equ	3636	;# 
   150   000E35                     RPINR22_23      equ	3637	;# 
   151   000E36                     RPINR24_25      equ	3638	;# 
   152   000E37                     RPINR26_27      equ	3639	;# 
   153   000E38                     RPINR28_29      equ	3640	;# 
   154   000E39                     RPINR30_31      equ	3641	;# 
   155   000E3A                     RPINR32_33      equ	3642	;# 
   156   000E3B                     RPINR34_35      equ	3643	;# 
   157   000E3C                     RPINR36_37      equ	3644	;# 
   158   000E3D                     RPINR38_39      equ	3645	;# 
   159   000E3E                     RPINR40_41      equ	3646	;# 
   160   000E3F                     RPINR42_43      equ	3647	;# 
   161   000E40                     RPINR44_45      equ	3648	;# 
   162   000E41                     RPINR46_47      equ	3649	;# 
   163   000E42                     RPINR48_49      equ	3650	;# 
   164   000E43                     RPINR50_51      equ	3651	;# 
   165   000E44                     RPINR52_53      equ	3652	;# 
   166   000E45                     ANCON3          equ	3653	;# 
   167   000E46                     ANCON2          equ	3654	;# 
   168   000E47                     ANCON1          equ	3655	;# 
   169   000E48                     ADCBUF1         equ	3656	;# 
   170   000E48                     ADCBUF1L        equ	3656	;# 
   171   000E49                     ADCBUF1H        equ	3657	;# 
   172   000E4A                     ADCBUF2         equ	3658	;# 
   173   000E4A                     ADCBUF2L        equ	3658	;# 
   174   000E4B                     ADCBUF2H        equ	3659	;# 
   175   000E4C                     ADCBUF3         equ	3660	;# 
   176   000E4C                     ADCBUF3L        equ	3660	;# 
   177   000E4D                     ADCBUF3H        equ	3661	;# 
   178   000E4E                     ADCBUF4         equ	3662	;# 
   179   000E4E                     ADCBUF4L        equ	3662	;# 
   180   000E4F                     ADCBUF4H        equ	3663	;# 
   181   000E50                     ADCBUF5         equ	3664	;# 
   182   000E50                     ADCBUF5L        equ	3664	;# 
   183   000E51                     ADCBUF5H        equ	3665	;# 
   184   000E52                     ADCBUF6         equ	3666	;# 
   185   000E52                     ADCBUF6L        equ	3666	;# 
   186   000E53                     ADCBUF6H        equ	3667	;# 
   187   000E54                     ADCBUF7         equ	3668	;# 
   188   000E54                     ADCBUF7L        equ	3668	;# 
   189   000E55                     ADCBUF7H        equ	3669	;# 
   190   000E56                     ADCBUF8         equ	3670	;# 
   191   000E56                     ADCBUF8L        equ	3670	;# 
   192   000E57                     ADCBUF8H        equ	3671	;# 
   193   000E58                     ADCBUF9         equ	3672	;# 
   194   000E58                     ADCBUF9L        equ	3672	;# 
   195   000E59                     ADCBUF9H        equ	3673	;# 
   196   000E5A                     ADCBUF10        equ	3674	;# 
   197   000E5A                     ADCBUF10L       equ	3674	;# 
   198   000E5B                     ADCBUF10H       equ	3675	;# 
   199   000E5C                     ADCBUF11        equ	3676	;# 
   200   000E5C                     ADCBUF11L       equ	3676	;# 
   201   000E5D                     ADCBUF11H       equ	3677	;# 
   202   000E5E                     ADCBUF12        equ	3678	;# 
   203   000E5E                     ADCBUF12L       equ	3678	;# 
   204   000E5F                     ADCBUF12H       equ	3679	;# 
   205   000E60                     ADCBUF13        equ	3680	;# 
   206   000E60                     ADCBUF13L       equ	3680	;# 
   207   000E61                     ADCBUF13H       equ	3681	;# 
   208   000E62                     ADCBUF14        equ	3682	;# 
   209   000E62                     ADCBUF14L       equ	3682	;# 
   210   000E63                     ADCBUF14H       equ	3683	;# 
   211   000E64                     ADCBUF15        equ	3684	;# 
   212   000E64                     ADCBUF15L       equ	3684	;# 
   213   000E65                     ADCBUF15H       equ	3685	;# 
   214   000E66                     ADCBUF16        equ	3686	;# 
   215   000E66                     ADCBUF16L       equ	3686	;# 
   216   000E67                     ADCBUF16H       equ	3687	;# 
   217   000E68                     ADCBUF17        equ	3688	;# 
   218   000E68                     ADCBUF17L       equ	3688	;# 
   219   000E69                     ADCBUF17H       equ	3689	;# 
   220   000E6A                     ADCBUF18        equ	3690	;# 
   221   000E6A                     ADCBUF18L       equ	3690	;# 
   222   000E6B                     ADCBUF18H       equ	3691	;# 
   223   000E6C                     ADCBUF19        equ	3692	;# 
   224   000E6C                     ADCBUF19L       equ	3692	;# 
   225   000E6D                     ADCBUF19H       equ	3693	;# 
   226   000E6E                     ADCBUF20        equ	3694	;# 
   227   000E6E                     ADCBUF20L       equ	3694	;# 
   228   000E6F                     ADCBUF20H       equ	3695	;# 
   229   000E70                     ADCBUF21        equ	3696	;# 
   230   000E70                     ADCBUF21L       equ	3696	;# 
   231   000E71                     ADCBUF21H       equ	3697	;# 
   232   000E72                     ADCBUF22        equ	3698	;# 
   233   000E72                     ADCBUF22L       equ	3698	;# 
   234   000E73                     ADCBUF22H       equ	3699	;# 
   235   000E74                     ADCBUF23        equ	3700	;# 
   236   000E74                     ADCBUF23L       equ	3700	;# 
   237   000E75                     ADCBUF23H       equ	3701	;# 
   238   000E76                     ADCBUF24        equ	3702	;# 
   239   000E76                     ADCBUF24L       equ	3702	;# 
   240   000E77                     ADCBUF24H       equ	3703	;# 
   241   000E78                     ADCBUF25        equ	3704	;# 
   242   000E78                     ADCBUF25L       equ	3704	;# 
   243   000E79                     ADCBUF25H       equ	3705	;# 
   244   000E7A                     ADCTMUEN0L      equ	3706	;# 
   245   000E7B                     ADCTMUEN0H      equ	3707	;# 
   246   000E7C                     ADCTMUEN1L      equ	3708	;# 
   247   000E7D                     ADCTMUEN1H      equ	3709	;# 
   248   000E7E                     ADCHIT0L        equ	3710	;# 
   249   000E7F                     ADCHIT0H        equ	3711	;# 
   250   000E80                     ADCHIT1L        equ	3712	;# 
   251   000E81                     ADCHIT1H        equ	3713	;# 
   252   000E82                     ADCSS0L         equ	3714	;# 
   253   000E83                     ADCSS0H         equ	3715	;# 
   254   000E84                     ADCSS1L         equ	3716	;# 
   255   000E85                     ADCSS1H         equ	3717	;# 
   256   000E86                     ADCHS0L         equ	3718	;# 
   257   000E87                     ADCHS0H         equ	3719	;# 
   258   000E88                     ADCON5L         equ	3720	;# 
   259   000E89                     ADCON5H         equ	3721	;# 
   260   000E8A                     ADCON3L         equ	3722	;# 
   261   000E8B                     ADCON3H         equ	3723	;# 
   262   000E8C                     ADCON2L         equ	3724	;# 
   263   000E8D                     ADCON2H         equ	3725	;# 
   264   000E8E                     LCDDATA0        equ	3726	;# 
   265   000E8F                     LCDDATA1        equ	3727	;# 
   266   000E90                     LCDDATA2        equ	3728	;# 
   267   000E91                     LCDDATA3        equ	3729	;# 
   268   000E92                     LCDDATA4        equ	3730	;# 
   269   000E93                     LCDDATA5        equ	3731	;# 
   270   000E94                     LCDDATA6        equ	3732	;# 
   271   000E95                     LCDDATA7        equ	3733	;# 
   272   000E96                     LCDDATA8        equ	3734	;# 
   273   000E97                     LCDDATA9        equ	3735	;# 
   274   000E98                     LCDDATA10       equ	3736	;# 
   275   000E99                     LCDDATA11       equ	3737	;# 
   276   000E9A                     LCDDATA12       equ	3738	;# 
   277   000E9B                     LCDDATA13       equ	3739	;# 
   278   000E9C                     LCDDATA14       equ	3740	;# 
   279   000E9D                     LCDDATA15       equ	3741	;# 
   280   000E9E                     LCDDATA16       equ	3742	;# 
   281   000E9F                     LCDDATA17       equ	3743	;# 
   282   000EA0                     LCDDATA18       equ	3744	;# 
   283   000EA1                     LCDDATA19       equ	3745	;# 
   284   000EA2                     LCDDATA20       equ	3746	;# 
   285   000EA3                     LCDDATA21       equ	3747	;# 
   286   000EA4                     LCDDATA22       equ	3748	;# 
   287   000EA5                     LCDDATA23       equ	3749	;# 
   288   000EA6                     LCDDATA24       equ	3750	;# 
   289   000EA7                     LCDDATA25       equ	3751	;# 
   290   000EA8                     LCDDATA26       equ	3752	;# 
   291   000EA9                     LCDDATA27       equ	3753	;# 
   292   000EAA                     LCDDATA28       equ	3754	;# 
   293   000EAB                     LCDDATA29       equ	3755	;# 
   294   000EAC                     LCDDATA30       equ	3756	;# 
   295   000EAD                     LCDDATA31       equ	3757	;# 
   296   000EAE                     LCDDATA32       equ	3758	;# 
   297   000EAF                     LCDDATA33       equ	3759	;# 
   298   000EB0                     LCDDATA34       equ	3760	;# 
   299   000EB1                     LCDDATA35       equ	3761	;# 
   300   000EB2                     LCDDATA36       equ	3762	;# 
   301   000EB3                     LCDDATA37       equ	3763	;# 
   302   000EB4                     LCDDATA38       equ	3764	;# 
   303   000EB5                     LCDDATA39       equ	3765	;# 
   304   000EB6                     LCDDATA40       equ	3766	;# 
   305   000EB7                     LCDDATA41       equ	3767	;# 
   306   000EB8                     LCDDATA42       equ	3768	;# 
   307   000EB9                     LCDDATA43       equ	3769	;# 
   308   000EBA                     LCDDATA44       equ	3770	;# 
   309   000EBB                     LCDDATA45       equ	3771	;# 
   310   000EBC                     LCDDATA46       equ	3772	;# 
   311   000EBD                     LCDDATA47       equ	3773	;# 
   312   000EBE                     LCDDATA48       equ	3774	;# 
   313   000EBF                     LCDDATA49       equ	3775	;# 
   314   000EC0                     LCDDATA50       equ	3776	;# 
   315   000EC1                     LCDDATA51       equ	3777	;# 
   316   000EC2                     LCDDATA52       equ	3778	;# 
   317   000EC3                     LCDDATA53       equ	3779	;# 
   318   000EC4                     LCDDATA54       equ	3780	;# 
   319   000EC5                     LCDDATA55       equ	3781	;# 
   320   000EC6                     LCDDATA56       equ	3782	;# 
   321   000EC7                     LCDDATA57       equ	3783	;# 
   322   000EC8                     LCDDATA58       equ	3784	;# 
   323   000EC9                     LCDDATA59       equ	3785	;# 
   324   000ECA                     LCDDATA60       equ	3786	;# 
   325   000ECB                     LCDDATA61       equ	3787	;# 
   326   000ECC                     LCDDATA62       equ	3788	;# 
   327   000ECD                     LCDDATA63       equ	3789	;# 
   328   000ECE                     LCDSE0          equ	3790	;# 
   329   000ECF                     LCDSE1          equ	3791	;# 
   330   000ED0                     LCDSE2          equ	3792	;# 
   331   000ED1                     LCDSE3          equ	3793	;# 
   332   000ED2                     LCDSE4          equ	3794	;# 
   333   000ED3                     LCDSE5          equ	3795	;# 
   334   000ED4                     LCDSE6          equ	3796	;# 
   335   000ED5                     LCDSE7          equ	3797	;# 
   336   000ED6                     LCDRL           equ	3798	;# 
   337   000ED7                     LCDREF          equ	3799	;# 
   338   000ED8                     LCDREG          equ	3800	;# 
   339   000ED9                     LCDCON          equ	3801	;# 
   340   000EDA                     LCDPS           equ	3802	;# 
   341   000EDB                     REFO2CON3       equ	3803	;# 
   342   000EDC                     REFO2CON2       equ	3804	;# 
   343   000EDD                     REFO2CON1       equ	3805	;# 
   344   000EDE                     REFO2CON        equ	3806	;# 
   345   000EDF                     REFO1CON3       equ	3807	;# 
   346   000EE0                     REFO1CON2       equ	3808	;# 
   347   000EE1                     REFO1CON1       equ	3809	;# 
   348   000EE2                     REFO1CON        equ	3810	;# 
   349   000EE3                     MEMCON          equ	3811	;# 
   350   000EE4                     PORTL           equ	3812	;# 
   351   000EE5                     LATL            equ	3813	;# 
   352   000EE6                     TRISL           equ	3814	;# 
   353   000EE7                     PORTK           equ	3815	;# 
   354   000EE8                     LATK            equ	3816	;# 
   355   000EE9                     TRISK           equ	3817	;# 
   356   000EEA                     ODCON2          equ	3818	;# 
   357   000EEB                     ODCON1          equ	3819	;# 
   358   000EEC                     MDCARL          equ	3820	;# 
   359   000EED                     MDCARH          equ	3821	;# 
   360   000EEE                     MDSRC           equ	3822	;# 
   361   000EEF                     MDCON           equ	3823	;# 
   362   000EF0                     PMD4            equ	3824	;# 
   363   000EF1                     PMD3            equ	3825	;# 
   364   000EF2                     PMD2            equ	3826	;# 
   365   000EF3                     PMD1            equ	3827	;# 
   366   000EF4                     PMD0            equ	3828	;# 
   367   000EF5                     CTMUCON4        equ	3829	;# 
   368   000EF6                     CTMUCON3        equ	3830	;# 
   369   000EF7                     CTMUCON2        equ	3831	;# 
   370   000EF8                     CTMUCON1        equ	3832	;# 
   371   000EF9                     TXREG4          equ	3833	;# 
   372   000EFA                     RCREG4          equ	3834	;# 
   373   000EFB                     SPBRG4          equ	3835	;# 
   374   000EFC                     SPBRGH4         equ	3836	;# 
   375   000EFD                     BAUDCON4        equ	3837	;# 
   376   000EFE                     TXSTA4          equ	3838	;# 
   377   000EFF                     RCSTA4          equ	3839	;# 
   378   000F00                     DMACON2         equ	3840	;# 
   379   000F01                     ANCFG           equ	3841	;# 
   380   000F02                     SSP2ADD         equ	3842	;# 
   381   000F03                     SSP2BUF         equ	3843	;# 
   382   000F04                     T4CON           equ	3844	;# 
   383   000F05                     PR4             equ	3845	;# 
   384   000F06                     TMR4            equ	3846	;# 
   385   000F07                     CCP7CON         equ	3847	;# 
   386   000F08                     CCPR7           equ	3848	;# 
   387   000F08                     CCPR7L          equ	3848	;# 
   388   000F09                     CCPR7H          equ	3849	;# 
   389   000F0A                     CCP6CON         equ	3850	;# 
   390   000F0B                     CCPR6           equ	3851	;# 
   391   000F0B                     CCPR6L          equ	3851	;# 
   392   000F0C                     CCPR6H          equ	3852	;# 
   393   000F0D                     CCP5CON         equ	3853	;# 
   394   000F0E                     CCPR5           equ	3854	;# 
   395   000F0E                     CCPR5L          equ	3854	;# 
   396   000F0F                     CCPR5H          equ	3855	;# 
   397   000F10                     CCP4CON         equ	3856	;# 
   398   000F11                     CCPR4           equ	3857	;# 
   399   000F11                     CCPR4L          equ	3857	;# 
   400   000F12                     CCPR4H          equ	3858	;# 
   401   000F13                     T5GCON          equ	3859	;# 
   402   000F14                     T5CON           equ	3860	;# 
   403   000F15                     TMR5            equ	3861	;# 
   404   000F15                     TMR5L           equ	3861	;# 
   405   000F16                     TMR5H           equ	3862	;# 
   406   000F17                     SSP2MSK         equ	3863	;# 
   407   000F18                     SSP2CON2        equ	3864	;# 
   408   000F19                     SSP2CON1        equ	3865	;# 
   409   000F1A                     SSP2STAT        equ	3866	;# 
   410   000F1B                     PSTR3CON        equ	3867	;# 
   411   000F1C                     PSTR2CON        equ	3868	;# 
   412   000F1D                     TXREG2          equ	3869	;# 
   413   000F1E                     RCREG2          equ	3870	;# 
   414   000F1F                     SPBRG2          equ	3871	;# 
   415   000F20                     SPBRGH2         equ	3872	;# 
   416   000F21                     DSGPR3          equ	3873	;# 
   417   000F22                     DSGPR2          equ	3874	;# 
   418   000F23                     DSGPR1          equ	3875	;# 
   419   000F24                     DSGPR0          equ	3876	;# 
   420   000F25                     DSWAKEH         equ	3877	;# 
   421   000F26                     DSWAKEL         equ	3878	;# 
   422   000F27                     DSCONH          equ	3879	;# 
   423   000F28                     DSCONL          equ	3880	;# 
   424   000F29                     TXREG3          equ	3881	;# 
   425   000F2A                     RCREG3          equ	3882	;# 
   426   000F2B                     SPBRG3          equ	3883	;# 
   427   000F2C                     SPBRGH3         equ	3884	;# 
   428   000F2D                     BAUDCON3        equ	3885	;# 
   429   000F2E                     TXSTA3          equ	3886	;# 
   430   000F2F                     RCSTA3          equ	3887	;# 
   431   000F30                     SPBRGH1         equ	3888	;# 
   432   000F30                     SPBRGH          equ	3888	;# 
   433   000F31                     BAUDCON2        equ	3889	;# 
   434   000F32                     TXSTA2          equ	3890	;# 
   435   000F33                     RCSTA2          equ	3891	;# 
   436   000F34                     CCPTMRS2        equ	3892	;# 
   437   000F35                     CCPTMRS1        equ	3893	;# 
   438   000F36                     CCPTMRS0        equ	3894	;# 
   439   000F37                     CM3CON          equ	3895	;# 
   440   000F38                     CM2CON          equ	3896	;# 
   441   000F39                     SSP2CON3        equ	3897	;# 
   442   000F3A                     T8CON           equ	3898	;# 
   443   000F3B                     PR8             equ	3899	;# 
   444   000F3C                     TMR8            equ	3900	;# 
   445   000F3D                     T6CON           equ	3901	;# 
   446   000F3E                     PR6             equ	3902	;# 
   447   000F3F                     TMR6            equ	3903	;# 
   448   000F40                     CCP10CON        equ	3904	;# 
   449   000F41                     CCPR10          equ	3905	;# 
   450   000F41                     CCPR10L         equ	3905	;# 
   451   000F42                     CCPR10H         equ	3906	;# 
   452   000F43                     CCP9CON         equ	3907	;# 
   453   000F44                     CCPR9           equ	3908	;# 
   454   000F44                     CCPR9L          equ	3908	;# 
   455   000F45                     CCPR9H          equ	3909	;# 
   456   000F46                     CCP8CON         equ	3910	;# 
   457   000F47                     CCPR8           equ	3911	;# 
   458   000F47                     CCPR8L          equ	3911	;# 
   459   000F48                     CCPR8H          equ	3912	;# 
   460   000F49                     CCP3CON         equ	3913	;# 
   461   000F4A                     CCPR3           equ	3914	;# 
   462   000F4A                     CCPR3L          equ	3914	;# 
   463   000F4B                     CCPR3H          equ	3915	;# 
   464   000F4C                     ECCP3DEL        equ	3916	;# 
   465   000F4D                     ECCP3AS         equ	3917	;# 
   466   000F4E                     CCP2CON         equ	3918	;# 
   467   000F4F                     CCPR2           equ	3919	;# 
   468   000F4F                     CCPR2L          equ	3919	;# 
   469   000F50                     CCPR2H          equ	3920	;# 
   470   000F51                     ECCP2DEL        equ	3921	;# 
   471   000F52                     ECCP2AS         equ	3922	;# 
   472   000F53                     CM1CON          equ	3923	;# 
   473   000F54                     PADCFG1         equ	3924	;# 
   474   000F55                     IOCN            equ	3925	;# 
   475   000F56                     IOCP            equ	3926	;# 
   476   000F57                     RTCCON2         equ	3927	;# 
   477   000F58                     ALRMVALL        equ	3928	;# 
   478   000F59                     ALRMVALH        equ	3929	;# 
   479   000F5A                     ALRMRPT         equ	3930	;# 
   480   000F5B                     ALRMCFG         equ	3931	;# 
   481   000F5C                     RTCVALL         equ	3932	;# 
   482   000F5D                     RTCVALH         equ	3933	;# 
   483   000F5E                     RTCCAL          equ	3934	;# 
   484   000F5F                     RTCCON1         equ	3935	;# 
   485   000F60                     DMACON1         equ	3936	;# 
   486   000F61                     PIE6            equ	3937	;# 
   487   000F62                     WPUB            equ	3938	;# 
   488   000F63                     ACTCON          equ	3939	;# 
   489   000F64                     OSCCON4         equ	3940	;# 
   490   000F65                     OSCCON3         equ	3941	;# 
   491   000F66                     OSCCON2         equ	3942	;# 
   492   000F67                     BAUDCON1        equ	3943	;# 
   493   000F67                     BAUDCON         equ	3943	;# 
   494   000F68                     SSP1MSK         equ	3944	;# 
   495   000F69                     SSP1CON3        equ	3945	;# 
   496   000F6A                     TXBUF           equ	3946	;# 
   497   000F6B                     DMABCH          equ	3947	;# 
   498   000F6C                     DMABCL          equ	3948	;# 
   499   000F6D                     RXADDRH         equ	3949	;# 
   500   000F6E                     RXADDRL         equ	3950	;# 
   501   000F6F                     TXADDRH         equ	3951	;# 
   502   000F70                     TXADDRL         equ	3952	;# 
   503   000F71                     PORTVP          equ	3953	;# 
   504   000F72                     LATVP           equ	3954	;# 
   505   000F73                     TRISVP          equ	3955	;# 
   506   000F74                     UADDR           equ	3956	;# 
   507   000F75                     UCON            equ	3957	;# 
   508   000F76                     USTAT           equ	3958	;# 
   509   000F77                     UEIR            equ	3959	;# 
   510   000F78                     UIR             equ	3960	;# 
   511   000F79                     UFRM            equ	3961	;# 
   512   000F79                     UFRMH           equ	3961	;# 
   513   000F7A                     UFRML           equ	3962	;# 
   514   000F7B                     RCON4           equ	3963	;# 
   515   000F7C                     RCON3           equ	3964	;# 
   516   000F7D                     RCON2           equ	3965	;# 
   517   000F7E                     EECON2          equ	3966	;# 
   518   000F7F                     EECON1          equ	3967	;# 
   519   000F80                     PORTA           equ	3968	;# 
   520   000F81                     PORTB           equ	3969	;# 
   521   000F82                     PORTC           equ	3970	;# 
   522   000F83                     PORTD           equ	3971	;# 
   523   000F84                     PORTE           equ	3972	;# 
   524   000F85                     PORTF           equ	3973	;# 
   525   000F86                     PORTG           equ	3974	;# 
   526   000F87                     PORTH           equ	3975	;# 
   527   000F88                     PORTJ           equ	3976	;# 
   528   000F89                     LATA            equ	3977	;# 
   529   000F8A                     LATB            equ	3978	;# 
   530   000F8B                     LATC            equ	3979	;# 
   531   000F8C                     LATD            equ	3980	;# 
   532   000F8D                     LATE            equ	3981	;# 
   533   000F8E                     LATF            equ	3982	;# 
   534   000F8F                     LATG            equ	3983	;# 
   535   000F90                     LATH            equ	3984	;# 
   536   000F91                     LATJ            equ	3985	;# 
   537   000F92                     TRISA           equ	3986	;# 
   538   000F93                     TRISB           equ	3987	;# 
   539   000F94                     TRISC           equ	3988	;# 
   540   000F95                     TRISD           equ	3989	;# 
   541   000F96                     TRISE           equ	3990	;# 
   542   000F97                     TRISF           equ	3991	;# 
   543   000F98                     TRISG           equ	3992	;# 
   544   000F99                     TRISH           equ	3993	;# 
   545   000F9A                     TRISJ           equ	3994	;# 
   546   000F9B                     OSCTUNE         equ	3995	;# 
   547   000F9C                     PSTR1CON        equ	3996	;# 
   548   000F9D                     PIE1            equ	3997	;# 
   549   000F9E                     PIR1            equ	3998	;# 
   550   000F9F                     IPR1            equ	3999	;# 
   551   000FA0                     PIE2            equ	4000	;# 
   552   000FA1                     PIR2            equ	4001	;# 
   553   000FA2                     IPR2            equ	4002	;# 
   554   000FA3                     PIE3            equ	4003	;# 
   555   000FA4                     PIR3            equ	4004	;# 
   556   000FA5                     IPR3            equ	4005	;# 
   557   000FA6                     PIR6            equ	4006	;# 
   558   000FA7                     PSPCON          equ	4007	;# 
   559   000FA8                     HLVDCON         equ	4008	;# 
   560   000FA9                     IPR6            equ	4009	;# 
   561   000FAA                     T1GCON          equ	4010	;# 
   562   000FAB                     RCSTA1          equ	4011	;# 
   563   000FAB                     RCSTA           equ	4011	;# 
   564   000FAC                     TXSTA1          equ	4012	;# 
   565   000FAC                     TXSTA           equ	4012	;# 
   566   000FAD                     TXREG1          equ	4013	;# 
   567   000FAD                     TXREG           equ	4013	;# 
   568   000FAE                     RCREG1          equ	4014	;# 
   569   000FAE                     RCREG           equ	4014	;# 
   570   000FAF                     SPBRG1          equ	4015	;# 
   571   000FAF                     SPBRG           equ	4015	;# 
   572   000FB0                     T3GCON          equ	4016	;# 
   573   000FB1                     T3CON           equ	4017	;# 
   574   000FB2                     TMR3            equ	4018	;# 
   575   000FB2                     TMR3L           equ	4018	;# 
   576   000FB3                     TMR3H           equ	4019	;# 
   577   000FB4                     PIE4            equ	4020	;# 
   578   000FB5                     PIR4            equ	4021	;# 
   579   000FB6                     IPR4            equ	4022	;# 
   580   000FB7                     PIE5            equ	4023	;# 
   581   000FB8                     PIR5            equ	4024	;# 
   582   000FB9                     CCP1CON         equ	4025	;# 
   583   000FBA                     CCPR1           equ	4026	;# 
   584   000FBA                     CCPR1L          equ	4026	;# 
   585   000FBB                     CCPR1H          equ	4027	;# 
   586   000FBC                     ECCP1DEL        equ	4028	;# 
   587   000FBD                     ECCP1AS         equ	4029	;# 
   588   000FBE                     CVRCONL         equ	4030	;# 
   589   000FBF                     CVRCONH         equ	4031	;# 
   590   000FC0                     ADCON1L         equ	4032	;# 
   591   000FC1                     ADCON1H         equ	4033	;# 
   592   000FC2                     ADCBUF0         equ	4034	;# 
   593   000FC2                     ADCBUF0L        equ	4034	;# 
   594   000FC3                     ADCBUF0H        equ	4035	;# 
   595   000FC4                     CMSTAT          equ	4036	;# 
   596   000FC5                     SSP1CON2        equ	4037	;# 
   597   000FC6                     SSP1CON1        equ	4038	;# 
   598   000FC7                     SSP1STAT        equ	4039	;# 
   599   000FC8                     SSP1ADD         equ	4040	;# 
   600   000FC9                     SSP1BUF         equ	4041	;# 
   601   000FCA                     T2CON           equ	4042	;# 
   602   000FCB                     PR2             equ	4043	;# 
   603   000FCC                     TMR2            equ	4044	;# 
   604   000FCD                     T1CON           equ	4045	;# 
   605   000FCE                     TMR1            equ	4046	;# 
   606   000FCE                     TMR1L           equ	4046	;# 
   607   000FCF                     TMR1H           equ	4047	;# 
   608   000FD0                     RCON            equ	4048	;# 
   609   000FD1                     IOCF            equ	4049	;# 
   610   000FD2                     IPR5            equ	4050	;# 
   611   000FD3                     OSCCON          equ	4051	;# 
   612   000FD5                     T0CON           equ	4053	;# 
   613   000FD6                     TMR0            equ	4054	;# 
   614   000FD6                     TMR0L           equ	4054	;# 
   615   000FD7                     TMR0H           equ	4055	;# 
   616   000FD8                     STATUS          equ	4056	;# 
   617   000FD9                     FSR2            equ	4057	;# 
   618   000FD9                     FSR2L           equ	4057	;# 
   619   000FDA                     FSR2H           equ	4058	;# 
   620   000FDB                     PLUSW2          equ	4059	;# 
   621   000FDC                     PREINC2         equ	4060	;# 
   622   000FDD                     POSTDEC2        equ	4061	;# 
   623   000FDE                     POSTINC2        equ	4062	;# 
   624   000FDF                     INDF2           equ	4063	;# 
   625   000FE0                     BSR             equ	4064	;# 
   626   000FE1                     FSR1            equ	4065	;# 
   627   000FE1                     FSR1L           equ	4065	;# 
   628   000FE2                     FSR1H           equ	4066	;# 
   629   000FE3                     PLUSW1          equ	4067	;# 
   630   000FE4                     PREINC1         equ	4068	;# 
   631   000FE5                     POSTDEC1        equ	4069	;# 
   632   000FE6                     POSTINC1        equ	4070	;# 
   633   000FE7                     INDF1           equ	4071	;# 
   634   000FE8                     WREG            equ	4072	;# 
   635   000FE9                     FSR0            equ	4073	;# 
   636   000FE9                     FSR0L           equ	4073	;# 
   637   000FEA                     FSR0H           equ	4074	;# 
   638   000FEB                     PLUSW0          equ	4075	;# 
   639   000FEC                     PREINC0         equ	4076	;# 
   640   000FED                     POSTDEC0        equ	4077	;# 
   641   000FEE                     POSTINC0        equ	4078	;# 
   642   000FEF                     INDF0           equ	4079	;# 
   643   000FF0                     INTCON3         equ	4080	;# 
   644   000FF1                     INTCON2         equ	4081	;# 
   645   000FF2                     INTCON          equ	4082	;# 
   646   000FF3                     PROD            equ	4083	;# 
   647   000FF3                     PRODL           equ	4083	;# 
   648   000FF4                     PRODH           equ	4084	;# 
   649   000FF5                     TABLAT          equ	4085	;# 
   650   000FF6                     TBLPTR          equ	4086	;# 
   651   000FF6                     TBLPTRL         equ	4086	;# 
   652   000FF7                     TBLPTRH         equ	4087	;# 
   653   000FF8                     TBLPTRU         equ	4088	;# 
   654   000FF9                     PCLAT           equ	4089	;# 
   655   000FF9                     PC              equ	4089	;# 
   656   000FF9                     PCL             equ	4089	;# 
   657   000FFA                     PCLATH          equ	4090	;# 
   658   000FFB                     PCLATU          equ	4091	;# 
   659   000FFC                     STKPTR          equ	4092	;# 
   660   000FFD                     TOS             equ	4093	;# 
   661   000FFD                     TOSL            equ	4093	;# 
   662   000FFE                     TOSH            equ	4094	;# 
   663   000FFF                     TOSU            equ	4095	;# 
   664   000E25                     _RPOR38_39bits  set	3621
   665   000E26                     _RPOR40_41bits  set	3622
   666   000E30                     _RPINR12_13bits set	3632
   667   000E45                     _ANCON3         set	3653
   668   000E46                     _ANCON2         set	3654
   669   000E47                     _ANCON1         set	3655
   670   000F03                     _SSP2BUF        set	3843
   671   000F39                     _SSP2CON3       set	3897
   672   000F1A                     _SSP2STATbits   set	3866
   673   000F19                     _SSP2CON1bits   set	3865
   674   000F8F                     _LATGbits       set	3983
   675   000F98                     _TRISGbits      set	3992
   676   000F65                     _OSCCON3bits    set	3941
   677   000F66                     _OSCCON2bits    set	3942
   678   000F7E                     _EECON2         set	3966
   679   000FF2                     _INTCONbits     set	4082
   680   000F96                     _TRISEbits      set	3990
   681   000F97                     _TRISFbits      set	3991
   682   000F92                     _TRISAbits      set	3986
   683   000F8D                     _LATEbits       set	3981
   684                           
   685                           ; #config settings
   686                           
   687                           	psect	cinit
   688   00112A                     __pcinit:
   689                           	callstack 0
   690   00112A                     start_initialization:
   691                           	callstack 0
   692   00112A                     __initialization:
   693                           	callstack 0
   694   00112A                     end_of_initialization:
   695                           	callstack 0
   696   00112A                     __end_of__initialization:
   697                           	callstack 0
   698   00112A  0100               	movlb	0
   699   00112C  EF01  F008         	goto	_main	;jump to C main() function
   700                           
   701                           	psect	cstackCOMRAM
   702   000001                     __pcstackCOMRAM:
   703                           	callstack 0
   704   000001                     SPI2_Transfer@data:
   705                           	callstack 0
   706   000001                     
   707                           ; 1 bytes @ 0x0
   708   000001                     	ds	1
   709   000002                     LIS_ReadRegister@reg:
   710                           	callstack 0
   711   000002                     LIS_WriteRegister@data:
   712                           	callstack 0
   713   000002                     LIS_ReadAxis@reg:
   714                           	callstack 0
   715   000002                     
   716                           ; 1 bytes @ 0x1
   717   000002                     	ds	1
   718   000003                     LIS_ReadRegister@val:
   719                           	callstack 0
   720   000003                     LIS_WriteRegister@reg:
   721                           	callstack 0
   722   000003                     LIS_ReadAxis@val:
   723                           	callstack 0
   724   000003                     
   725                           ; 1 bytes @ 0x2
   726   000003                     	ds	1
   727   000004                     ??_main:
   728                           
   729                           ; 1 bytes @ 0x3
   730   000004                     	ds	1
   731                           
   732 ;;
   733 ;;Main: autosize = 0, tempsize = 1, incstack = 0, save=0
   734 ;;
   735 ;; *************** function _main *****************
   736 ;; Defined at:
   737 ;;		line 144 in file "accelarometer.c"
   738 ;; Parameters:    Size  Location     Type
   739 ;;		None
   740 ;; Auto vars:     Size  Location     Type
   741 ;;  z               1    0        char 
   742 ;;  y               1    0        char 
   743 ;;  x               1    0        char 
   744 ;;  who_am_i        1    0        unsigned char 
   745 ;; Return value:  Size  Location     Type
   746 ;;                  1    wreg      void 
   747 ;; Registers used:
   748 ;;		wreg, status,2, status,0, cstack
   749 ;; Tracked objects:
   750 ;;		On entry : 0/0
   751 ;;		On exit  : 0/0
   752 ;;		Unchanged: 0/0
   753 ;; Data sizes:     COMRAM   BANK0   BANK1   BANK2   BANK3   BANK4   BANK5   BANK6   BANK7   BANK8   BANK9  BANK10  BANK1
      +1  BANK12  BANK13
   754 ;;      Params:         0       0       0       0       0       0       0       0       0       0       0       0       
      +0       0       0
   755 ;;      Locals:         0       0       0       0       0       0       0       0       0       0       0       0       
      +0       0       0
   756 ;;      Temps:          1       0       0       0       0       0       0       0       0       0       0       0       
      +0       0       0
   757 ;;      Totals:         1       0       0       0       0       0       0       0       0       0       0       0       
      +0       0       0
   758 ;;Total ram usage:        1 bytes
   759 ;; Hardware stack levels required when called: 2
   760 ;; This function calls:
   761 ;;		_LIS_ReadAxis
   762 ;;		_LIS_ReadRegister
   763 ;;		_LIS_WriteRegister
   764 ;;		_SPI2_Init
   765 ;;		_Spi_PinSet
   766 ;; This function is called by:
   767 ;;		Startup code after reset
   768 ;; This function uses a non-reentrant model
   769 ;;
   770                           
   771                           	psect	text0
   772   001002                     __ptext0:
   773                           	callstack 0
   774   001002                     _main:
   775                           	callstack 29
   776   001002                     
   777                           ;accelarometer.c: 145:     OSCCON3bits.IRCF = 0b001;
   778   001002  5065               	movf	101,w,c	;volatile
   779   001004  0BF8               	andlw	-8
   780   001006  0901               	iorlw	1
   781   001008  6E65               	movwf	101,c	;volatile
   782   00100A                     
   783                           ;accelarometer.c: 146:     Spi_PinSet();
   784   00100A  EC35  F008         	call	_Spi_PinSet	;wreg free
   785   00100E                     
   786                           ;accelarometer.c: 147:     _delay((unsigned long)((5)*(8000000UL/4000.0)));
   787   00100E  0E0D               	movlw	13
   788   001010  6E04               	movwf	??_main^0,c
   789   001012  0EFC               	movlw	252
   790   001014                     u27:
   791   001014  2EE8               	decfsz	wreg,f,c
   792   001016  D7FE               	bra	u27
   793   001018  2E04               	decfsz	??_main^0,f,c
   794   00101A  D7FC               	bra	u27
   795   00101C                     
   796                           ;accelarometer.c: 148:     SPI2_Init();
   797   00101C  EC8D  F008         	call	_SPI2_Init	;wreg free
   798   001020                     
   799                           ;accelarometer.c: 149:     _delay((unsigned long)((10)*(8000000UL/4000.0)));
   800   001020  0E1A               	movlw	26
   801   001022  6E04               	movwf	??_main^0,c
   802   001024  0EF8               	movlw	248
   803   001026                     u37:
   804   001026  2EE8               	decfsz	wreg,f,c
   805   001028  D7FE               	bra	u37
   806   00102A  2E04               	decfsz	??_main^0,f,c
   807   00102C  D7FC               	bra	u37
   808   00102E  D000               	nop2	
   809   001030                     
   810                           ;accelarometer.c: 152:     TRISGbits.TRISG3 = 0;
   811   001030  9698               	bcf	152,3,c	;volatile
   812   001032                     
   813                           ;accelarometer.c: 153:     LATGbits.LATG3 = 0;
   814   001032  968F               	bcf	143,3,c	;volatile
   815   001034  0E0F               	movlw	15
   816   001036  EC55  F008         	call	_LIS_ReadRegister
   817   00103A                     
   818                           ;accelarometer.c: 156:     LIS_WriteRegister(0x20, 0x27);
   819   00103A  0E27               	movlw	39
   820   00103C  6E02               	movwf	LIS_WriteRegister@data^0,c
   821   00103E  0E20               	movlw	32
   822   001040  EC73  F008         	call	_LIS_WriteRegister
   823   001044                     
   824                           ;accelarometer.c: 157:     _delay((unsigned long)((10)*(8000000UL/4000.0)));
   825   001044  0E1A               	movlw	26
   826   001046  6E04               	movwf	??_main^0,c
   827   001048  0EF8               	movlw	248
   828   00104A                     u47:
   829   00104A  2EE8               	decfsz	wreg,f,c
   830   00104C  D7FE               	bra	u47
   831   00104E  2E04               	decfsz	??_main^0,f,c
   832   001050  D7FC               	bra	u47
   833   001052  D000               	nop2	
   834   001054  0E29               	movlw	41
   835   001056  EC64  F008         	call	_LIS_ReadAxis
   836   00105A  0E2B               	movlw	43
   837   00105C  EC64  F008         	call	_LIS_ReadAxis
   838   001060  0E2D               	movlw	45
   839   001062  EC64  F008         	call	_LIS_ReadAxis
   840   001066  EFF6  F0FF         	goto	start
   841   00106A                     __end_of_main:
   842                           	callstack 0
   843                           
   844 ;; *************** function _Spi_PinSet *****************
   845 ;; Defined at:
   846 ;;		line 72 in file "accelarometer.c"
   847 ;; Parameters:    Size  Location     Type
   848 ;;		None
   849 ;; Auto vars:     Size  Location     Type
   850 ;;		None
   851 ;; Return value:  Size  Location     Type
   852 ;;                  1    wreg      void 
   853 ;; Registers used:
   854 ;;		wreg, status,2
   855 ;; Tracked objects:
   856 ;;		On entry : 0/0
   857 ;;		On exit  : 0/0
   858 ;;		Unchanged: 0/0
   859 ;; Data sizes:     COMRAM   BANK0   BANK1   BANK2   BANK3   BANK4   BANK5   BANK6   BANK7   BANK8   BANK9  BANK10  BANK1
      +1  BANK12  BANK13
   860 ;;      Params:         0       0       0       0       0       0       0       0       0       0       0       0       
      +0       0       0
   861 ;;      Locals:         0       0       0       0       0       0       0       0       0       0       0       0       
      +0       0       0
   862 ;;      Temps:          0       0       0       0       0       0       0       0       0       0       0       0       
      +0       0       0
   863 ;;      Totals:         0       0       0       0       0       0       0       0       0       0       0       0       
      +0       0       0
   864 ;;Total ram usage:        0 bytes
   865 ;; Hardware stack levels used: 1
   866 ;; This function calls:
   867 ;;		Nothing
   868 ;; This function is called by:
   869 ;;		_main
   870 ;; This function uses a non-reentrant model
   871 ;;
   872                           
   873                           	psect	text1
   874   00106A                     __ptext1:
   875                           	callstack 0
   876   00106A                     _Spi_PinSet:
   877                           	callstack 30
   878   00106A                     
   879                           ;accelarometer.c: 73:     ANCON1 = ANCON2 = ANCON3 = 0x00;
   880   00106A  010E               	movlb	14	; () banked
   881   00106C  6B45               	clrf	69,b	;volatile
   882   00106E  6B46               	clrf	70,b	;volatile
   883   001070  6B47               	clrf	71,b	;volatile
   884                           
   885                           ;accelarometer.c: 75:     TRISAbits.TRISA1 = 1;
   886   001072  8292               	bsf	146,1,c	;volatile
   887                           
   888                           ;accelarometer.c: 76:     TRISFbits.TRISF6 = 0;
   889   001074  9C97               	bcf	151,6,c	;volatile
   890                           
   891                           ;accelarometer.c: 77:     TRISFbits.TRISF7 = 0;
   892   001076  9E97               	bcf	151,7,c	;volatile
   893                           
   894                           ;accelarometer.c: 78:     TRISEbits.TRISE0 = 0;
   895   001078  9096               	bcf	150,0,c	;volatile
   896                           
   897                           ;accelarometer.c: 79:     LATEbits.LATE0 = 1;
   898   00107A  808D               	bsf	141,0,c	;volatile
   899                           
   900                           ;accelarometer.c: 81:     INTCONbits.GIE = 0;
   901   00107C  9EF2               	bcf	242,7,c	;volatile
   902   00107E                     
   903                           ; BSR set to: 14
   904                           ;accelarometer.c: 82:     EECON2 = 0x55;
   905   00107E  0E55               	movlw	85
   906   001080  6E7E               	movwf	126,c	;volsfr
   907                           
   908                           ;accelarometer.c: 83:     EECON2 = 0xAA;
   909   001082  0EAA               	movlw	170
   910   001084  6E7E               	movwf	126,c	;volsfr
   911   001086                     
   912                           ; BSR set to: 14
   913                           ;accelarometer.c: 84:     OSCCON2bits.IOLOCK = 0;
   914   001086  9C66               	bcf	102,6,c	;volatile
   915                           
   916                           ;accelarometer.c: 85:     RPINR12_13bits.SDI2R = 0;
   917   001088  0EF0               	movlw	-16
   918   00108A  1730               	andwf	48,f,b	;volatile
   919                           
   920                           ;accelarometer.c: 86:     RPOR40_41bits.RPO40R = 4;
   921   00108C  5126               	movf	38,w,b	;volatile
   922   00108E  0BF0               	andlw	-16
   923   001090  0904               	iorlw	4
   924   001092  6F26               	movwf	38,b	;volatile
   925                           
   926                           ;accelarometer.c: 87:     RPOR38_39bits.RPO38R = 5;
   927   001094  5125               	movf	37,w,b	;volatile
   928   001096  0BF0               	andlw	-16
   929   001098  0905               	iorlw	5
   930   00109A  6F25               	movwf	37,b	;volatile
   931                           
   932                           ;accelarometer.c: 88:     EECON2 = 0x55;
   933   00109C  0E55               	movlw	85
   934   00109E  6E7E               	movwf	126,c	;volsfr
   935                           
   936                           ;accelarometer.c: 89:     EECON2 = 0xAA;
   937   0010A0  0EAA               	movlw	170
   938   0010A2  6E7E               	movwf	126,c	;volsfr
   939   0010A4                     
   940                           ; BSR set to: 14
   941                           ;accelarometer.c: 90:     OSCCON2bits.IOLOCK = 1;
   942   0010A4  8C66               	bsf	102,6,c	;volatile
   943   0010A6                     
   944                           ; BSR set to: 14
   945                           ;accelarometer.c: 91:     INTCONbits.GIE = 1;
   946   0010A6  8EF2               	bsf	242,7,c	;volatile
   947   0010A8                     
   948                           ; BSR set to: 14
   949   0010A8  0012               	return		;funcret
   950   0010AA                     __end_of_Spi_PinSet:
   951                           	callstack 0
   952                           
   953 ;; *************** function _SPI2_Init *****************
   954 ;; Defined at:
   955 ;;		line 94 in file "accelarometer.c"
   956 ;; Parameters:    Size  Location     Type
   957 ;;		None
   958 ;; Auto vars:     Size  Location     Type
   959 ;;		None
   960 ;; Return value:  Size  Location     Type
   961 ;;                  1    wreg      void 
   962 ;; Registers used:
   963 ;;		wreg, status,2
   964 ;; Tracked objects:
   965 ;;		On entry : 0/0
   966 ;;		On exit  : 0/0
   967 ;;		Unchanged: 0/0
   968 ;; Data sizes:     COMRAM   BANK0   BANK1   BANK2   BANK3   BANK4   BANK5   BANK6   BANK7   BANK8   BANK9  BANK10  BANK1
      +1  BANK12  BANK13
   969 ;;      Params:         0       0       0       0       0       0       0       0       0       0       0       0       
      +0       0       0
   970 ;;      Locals:         0       0       0       0       0       0       0       0       0       0       0       0       
      +0       0       0
   971 ;;      Temps:          0       0       0       0       0       0       0       0       0       0       0       0       
      +0       0       0
   972 ;;      Totals:         0       0       0       0       0       0       0       0       0       0       0       0       
      +0       0       0
   973 ;;Total ram usage:        0 bytes
   974 ;; Hardware stack levels used: 1
   975 ;; This function calls:
   976 ;;		Nothing
   977 ;; This function is called by:
   978 ;;		_main
   979 ;; This function uses a non-reentrant model
   980 ;;
   981                           
   982                           	psect	text2
   983   00111A                     __ptext2:
   984                           	callstack 0
   985   00111A                     _SPI2_Init:
   986                           	callstack 30
   987   00111A                     
   988                           ;accelarometer.c: 95:     SSP2CON1bits.SSPEN = 1;
   989   00111A  010F               	movlb	15	; () banked
   990   00111C  8B19               	bsf	25,5,b	;volatile
   991                           
   992                           ;accelarometer.c: 96:     SSP2STATbits.CKE = 0;
   993   00111E  9D1A               	bcf	26,6,b	;volatile
   994                           
   995                           ;accelarometer.c: 97:     SSP2CON1bits.CKP = 1;
   996   001120  8919               	bsf	25,4,b	;volatile
   997                           
   998                           ;accelarometer.c: 98:     SSP2STATbits.SMP = 0;
   999   001122  9F1A               	bcf	26,7,b	;volatile
  1000   001124                     
  1001                           ; BSR set to: 15
  1002                           ;accelarometer.c: 99:     SSP2CON3 = 0x10;
  1003   001124  0E10               	movlw	16
  1004   001126  6F39               	movwf	57,b	;volatile
  1005   001128                     
  1006                           ; BSR set to: 15
  1007   001128  0012               	return		;funcret
  1008   00112A                     __end_of_SPI2_Init:
  1009                           	callstack 0
  1010                           
  1011 ;; *************** function _LIS_WriteRegister *****************
  1012 ;; Defined at:
  1013 ;;		line 120 in file "accelarometer.c"
  1014 ;; Parameters:    Size  Location     Type
  1015 ;;  reg             1    wreg     unsigned char 
  1016 ;;  data            1    1[COMRAM] unsigned char 
  1017 ;; Auto vars:     Size  Location     Type
  1018 ;;  reg             1    2[COMRAM] unsigned char 
  1019 ;; Return value:  Size  Location     Type
  1020 ;;                  1    wreg      void 
  1021 ;; Registers used:
  1022 ;;		wreg, status,2, status,0, cstack
  1023 ;; Tracked objects:
  1024 ;;		On entry : 0/0
  1025 ;;		On exit  : 0/0
  1026 ;;		Unchanged: 0/0
  1027 ;; Data sizes:     COMRAM   BANK0   BANK1   BANK2   BANK3   BANK4   BANK5   BANK6   BANK7   BANK8   BANK9  BANK10  BANK1
      +1  BANK12  BANK13
  1028 ;;      Params:         1       0       0       0       0       0       0       0       0       0       0       0       
      +0       0       0
  1029 ;;      Locals:         1       0       0       0       0       0       0       0       0       0       0       0       
      +0       0       0
  1030 ;;      Temps:          0       0       0       0       0       0       0       0       0       0       0       0       
      +0       0       0
  1031 ;;      Totals:         2       0       0       0       0       0       0       0       0       0       0       0       
      +0       0       0
  1032 ;;Total ram usage:        2 bytes
  1033 ;; Hardware stack levels used: 1
  1034 ;; Hardware stack levels required when called: 1
  1035 ;; This function calls:
  1036 ;;		_SPI2_Transfer
  1037 ;;		_SPI_CS_High
  1038 ;;		_SPI_CS_Low
  1039 ;; This function is called by:
  1040 ;;		_main
  1041 ;; This function uses a non-reentrant model
  1042 ;;
  1043                           
  1044                           	psect	text3
  1045   0010E6                     __ptext3:
  1046                           	callstack 0
  1047   0010E6                     _LIS_WriteRegister:
  1048                           	callstack 29
  1049                           
  1050                           ; BSR set to: 15
  1051                           ;incstack = 0
  1052                           ;LIS_WriteRegister@reg stored from wreg
  1053   0010E6  6E03               	movwf	LIS_WriteRegister@reg^0,c
  1054   0010E8                     
  1055                           ;accelarometer.c: 121:     SPI_CS_Low();
  1056   0010E8  EC98  F008         	call	_SPI_CS_Low	;wreg free
  1057   0010EC                     
  1058                           ;accelarometer.c: 122:     SPI2_Transfer(reg & 0x7F);
  1059   0010EC  5003               	movf	LIS_WriteRegister@reg^0,w,c
  1060   0010EE  0B7F               	andlw	127
  1061   0010F0  EC80  F008         	call	_SPI2_Transfer
  1062   0010F4                     
  1063                           ;accelarometer.c: 123:     SPI2_Transfer(data);
  1064   0010F4  5002               	movf	LIS_WriteRegister@data^0,w,c
  1065   0010F6  EC80  F008         	call	_SPI2_Transfer
  1066   0010FA                     
  1067                           ;accelarometer.c: 124:     SPI_CS_High();
  1068   0010FA  EC9B  F008         	call	_SPI_CS_High	;wreg free
  1069   0010FE  0012               	return		;funcret
  1070   001100                     __end_of_LIS_WriteRegister:
  1071                           	callstack 0
  1072                           
  1073 ;; *************** function _LIS_ReadRegister *****************
  1074 ;; Defined at:
  1075 ;;		line 108 in file "accelarometer.c"
  1076 ;; Parameters:    Size  Location     Type
  1077 ;;  reg             1    wreg     unsigned char 
  1078 ;; Auto vars:     Size  Location     Type
  1079 ;;  reg             1    1[COMRAM] unsigned char 
  1080 ;;  val             1    2[COMRAM] unsigned char 
  1081 ;; Return value:  Size  Location     Type
  1082 ;;                  1    wreg      unsigned char 
  1083 ;; Registers used:
  1084 ;;		wreg, status,2, status,0, cstack
  1085 ;; Tracked objects:
  1086 ;;		On entry : 0/0
  1087 ;;		On exit  : 0/0
  1088 ;;		Unchanged: 0/0
  1089 ;; Data sizes:     COMRAM   BANK0   BANK1   BANK2   BANK3   BANK4   BANK5   BANK6   BANK7   BANK8   BANK9  BANK10  BANK1
      +1  BANK12  BANK13
  1090 ;;      Params:         0       0       0       0       0       0       0       0       0       0       0       0       
      +0       0       0
  1091 ;;      Locals:         2       0       0       0       0       0       0       0       0       0       0       0       
      +0       0       0
  1092 ;;      Temps:          0       0       0       0       0       0       0       0       0       0       0       0       
      +0       0       0
  1093 ;;      Totals:         2       0       0       0       0       0       0       0       0       0       0       0       
      +0       0       0
  1094 ;;Total ram usage:        2 bytes
  1095 ;; Hardware stack levels used: 1
  1096 ;; Hardware stack levels required when called: 1
  1097 ;; This function calls:
  1098 ;;		_SPI2_Transfer
  1099 ;;		_SPI_CS_High
  1100 ;;		_SPI_CS_Low
  1101 ;; This function is called by:
  1102 ;;		_main
  1103 ;; This function uses a non-reentrant model
  1104 ;;
  1105                           
  1106                           	psect	text4
  1107   0010AA                     __ptext4:
  1108                           	callstack 0
  1109   0010AA                     _LIS_ReadRegister:
  1110                           	callstack 29
  1111                           
  1112                           ;incstack = 0
  1113                           ;LIS_ReadRegister@reg stored from wreg
  1114   0010AA  6E02               	movwf	LIS_ReadRegister@reg^0,c
  1115   0010AC                     
  1116                           ;accelarometer.c: 109:     SPI_CS_Low();
  1117   0010AC  EC98  F008         	call	_SPI_CS_Low	;wreg free
  1118   0010B0                     
  1119                           ;accelarometer.c: 111:     SPI2_Transfer(reg | 0x80);
  1120   0010B0  5002               	movf	LIS_ReadRegister@reg^0,w,c
  1121   0010B2  0980               	iorlw	128
  1122   0010B4  EC80  F008         	call	_SPI2_Transfer
  1123   0010B8                     
  1124                           ;accelarometer.c: 113:     uint8_t val = SPI2_Transfer(0xFF);
  1125   0010B8  0EFF               	movlw	255
  1126   0010BA  EC80  F008         	call	_SPI2_Transfer
  1127   0010BE  6E03               	movwf	LIS_ReadRegister@val^0,c
  1128   0010C0                     
  1129                           ;accelarometer.c: 115:     SPI_CS_High();
  1130   0010C0  EC9B  F008         	call	_SPI_CS_High	;wreg free
  1131   0010C4                     
  1132                           ;accelarometer.c: 117:     return val;
  1133   0010C4  5003               	movf	LIS_ReadRegister@val^0,w,c
  1134   0010C6  0012               	return		;funcret
  1135   0010C8                     __end_of_LIS_ReadRegister:
  1136                           	callstack 0
  1137                           
  1138 ;; *************** function _LIS_ReadAxis *****************
  1139 ;; Defined at:
  1140 ;;		line 127 in file "accelarometer.c"
  1141 ;; Parameters:    Size  Location     Type
  1142 ;;  reg             1    wreg     unsigned char 
  1143 ;; Auto vars:     Size  Location     Type
  1144 ;;  reg             1    1[COMRAM] unsigned char 
  1145 ;;  val             1    2[COMRAM] char 
  1146 ;; Return value:  Size  Location     Type
  1147 ;;                  1    wreg      char 
  1148 ;; Registers used:
  1149 ;;		wreg, status,2, status,0, cstack
  1150 ;; Tracked objects:
  1151 ;;		On entry : 0/0
  1152 ;;		On exit  : 0/0
  1153 ;;		Unchanged: 0/0
  1154 ;; Data sizes:     COMRAM   BANK0   BANK1   BANK2   BANK3   BANK4   BANK5   BANK6   BANK7   BANK8   BANK9  BANK10  BANK1
      +1  BANK12  BANK13
  1155 ;;      Params:         0       0       0       0       0       0       0       0       0       0       0       0       
      +0       0       0
  1156 ;;      Locals:         2       0       0       0       0       0       0       0       0       0       0       0       
      +0       0       0
  1157 ;;      Temps:          0       0       0       0       0       0       0       0       0       0       0       0       
      +0       0       0
  1158 ;;      Totals:         2       0       0       0       0       0       0       0       0       0       0       0       
      +0       0       0
  1159 ;;Total ram usage:        2 bytes
  1160 ;; Hardware stack levels used: 1
  1161 ;; Hardware stack levels required when called: 1
  1162 ;; This function calls:
  1163 ;;		_SPI2_Transfer
  1164 ;;		_SPI_CS_High
  1165 ;;		_SPI_CS_Low
  1166 ;; This function is called by:
  1167 ;;		_main
  1168 ;; This function uses a non-reentrant model
  1169 ;;
  1170                           
  1171                           	psect	text5
  1172   0010C8                     __ptext5:
  1173                           	callstack 0
  1174   0010C8                     _LIS_ReadAxis:
  1175                           	callstack 29
  1176                           
  1177                           ;incstack = 0
  1178                           ;LIS_ReadAxis@reg stored from wreg
  1179   0010C8  6E02               	movwf	LIS_ReadAxis@reg^0,c
  1180   0010CA                     
  1181                           ;accelarometer.c: 128:     SPI_CS_Low();
  1182   0010CA  EC98  F008         	call	_SPI_CS_Low	;wreg free
  1183   0010CE                     
  1184                           ;accelarometer.c: 129:     SPI2_Transfer(0x80 | reg);
  1185   0010CE  5002               	movf	LIS_ReadAxis@reg^0,w,c
  1186   0010D0  0980               	iorlw	128
  1187   0010D2  EC80  F008         	call	_SPI2_Transfer
  1188   0010D6                     
  1189                           ;accelarometer.c: 130:     int8_t val = SPI2_Transfer(0x00);
  1190   0010D6  0E00               	movlw	0
  1191   0010D8  EC80  F008         	call	_SPI2_Transfer
  1192   0010DC  6E03               	movwf	LIS_ReadAxis@val^0,c
  1193   0010DE                     
  1194                           ;accelarometer.c: 131:     SPI_CS_High();
  1195   0010DE  EC9B  F008         	call	_SPI_CS_High	;wreg free
  1196   0010E2                     
  1197                           ;accelarometer.c: 132:     return val;
  1198   0010E2  5003               	movf	LIS_ReadAxis@val^0,w,c
  1199   0010E4  0012               	return		;funcret
  1200   0010E6                     __end_of_LIS_ReadAxis:
  1201                           	callstack 0
  1202                           
  1203 ;; *************** function _SPI_CS_Low *****************
  1204 ;; Defined at:
  1205 ;;		line 62 in file "accelarometer.c"
  1206 ;; Parameters:    Size  Location     Type
  1207 ;;		None
  1208 ;; Auto vars:     Size  Location     Type
  1209 ;;		None
  1210 ;; Return value:  Size  Location     Type
  1211 ;;                  1    wreg      void 
  1212 ;; Registers used:
  1213 ;;		None
  1214 ;; Tracked objects:
  1215 ;;		On entry : 0/0
  1216 ;;		On exit  : 0/0
  1217 ;;		Unchanged: 0/0
  1218 ;; Data sizes:     COMRAM   BANK0   BANK1   BANK2   BANK3   BANK4   BANK5   BANK6   BANK7   BANK8   BANK9  BANK10  BANK1
      +1  BANK12  BANK13
  1219 ;;      Params:         0       0       0       0       0       0       0       0       0       0       0       0       
      +0       0       0
  1220 ;;      Locals:         0       0       0       0       0       0       0       0       0       0       0       0       
      +0       0       0
  1221 ;;      Temps:          0       0       0       0       0       0       0       0       0       0       0       0       
      +0       0       0
  1222 ;;      Totals:         0       0       0       0       0       0       0       0       0       0       0       0       
      +0       0       0
  1223 ;;Total ram usage:        0 bytes
  1224 ;; Hardware stack levels used: 1
  1225 ;; This function calls:
  1226 ;;		Nothing
  1227 ;; This function is called by:
  1228 ;;		_LIS_ReadRegister
  1229 ;;		_LIS_WriteRegister
  1230 ;;		_LIS_ReadAxis
  1231 ;; This function uses a non-reentrant model
  1232 ;;
  1233                           
  1234                           	psect	text6
  1235   001130                     __ptext6:
  1236                           	callstack 0
  1237   001130                     _SPI_CS_Low:
  1238                           	callstack 29
  1239   001130                     
  1240                           ;accelarometer.c: 63:     LATEbits.LATE0 = 0;
  1241   001130  908D               	bcf	141,0,c	;volatile
  1242                           
  1243                           ;accelarometer.c: 64:     _delay((unsigned long)((1)*(8000000UL/4000000.0)));
  1244   001132  D000               	nop2		;2 cycle nop
  1245   001134  0012               	return		;funcret
  1246   001136                     __end_of_SPI_CS_Low:
  1247                           	callstack 0
  1248                           
  1249 ;; *************** function _SPI_CS_High *****************
  1250 ;; Defined at:
  1251 ;;		line 67 in file "accelarometer.c"
  1252 ;; Parameters:    Size  Location     Type
  1253 ;;		None
  1254 ;; Auto vars:     Size  Location     Type
  1255 ;;		None
  1256 ;; Return value:  Size  Location     Type
  1257 ;;                  1    wreg      void 
  1258 ;; Registers used:
  1259 ;;		None
  1260 ;; Tracked objects:
  1261 ;;		On entry : 0/0
  1262 ;;		On exit  : 0/0
  1263 ;;		Unchanged: 0/0
  1264 ;; Data sizes:     COMRAM   BANK0   BANK1   BANK2   BANK3   BANK4   BANK5   BANK6   BANK7   BANK8   BANK9  BANK10  BANK1
      +1  BANK12  BANK13
  1265 ;;      Params:         0       0       0       0       0       0       0       0       0       0       0       0       
      +0       0       0
  1266 ;;      Locals:         0       0       0       0       0       0       0       0       0       0       0       0       
      +0       0       0
  1267 ;;      Temps:          0       0       0       0       0       0       0       0       0       0       0       0       
      +0       0       0
  1268 ;;      Totals:         0       0       0       0       0       0       0       0       0       0       0       0       
      +0       0       0
  1269 ;;Total ram usage:        0 bytes
  1270 ;; Hardware stack levels used: 1
  1271 ;; This function calls:
  1272 ;;		Nothing
  1273 ;; This function is called by:
  1274 ;;		_LIS_ReadRegister
  1275 ;;		_LIS_WriteRegister
  1276 ;;		_LIS_ReadAxis
  1277 ;; This function uses a non-reentrant model
  1278 ;;
  1279                           
  1280                           	psect	text7
  1281   001136                     __ptext7:
  1282                           	callstack 0
  1283   001136                     _SPI_CS_High:
  1284                           	callstack 29
  1285   001136                     
  1286                           ;accelarometer.c: 68:     _delay((unsigned long)((1)*(8000000UL/4000000.0)));
  1287   001136  D000               	nop2		;2 cycle nop
  1288                           
  1289                           ;accelarometer.c: 69:     LATEbits.LATE0 = 1;
  1290   001138  808D               	bsf	141,0,c	;volatile
  1291   00113A  0012               	return		;funcret
  1292   00113C                     __end_of_SPI_CS_High:
  1293                           	callstack 0
  1294                           
  1295 ;; *************** function _SPI2_Transfer *****************
  1296 ;; Defined at:
  1297 ;;		line 102 in file "accelarometer.c"
  1298 ;; Parameters:    Size  Location     Type
  1299 ;;  data            1    wreg     unsigned char 
  1300 ;; Auto vars:     Size  Location     Type
  1301 ;;  data            1    0[COMRAM] unsigned char 
  1302 ;; Return value:  Size  Location     Type
  1303 ;;                  1    wreg      unsigned char 
  1304 ;; Registers used:
  1305 ;;		wreg, status,2
  1306 ;; Tracked objects:
  1307 ;;		On entry : 0/0
  1308 ;;		On exit  : 0/0
  1309 ;;		Unchanged: 0/0
  1310 ;; Data sizes:     COMRAM   BANK0   BANK1   BANK2   BANK3   BANK4   BANK5   BANK6   BANK7   BANK8   BANK9  BANK10  BANK1
      +1  BANK12  BANK13
  1311 ;;      Params:         0       0       0       0       0       0       0       0       0       0       0       0       
      +0       0       0
  1312 ;;      Locals:         1       0       0       0       0       0       0       0       0       0       0       0       
      +0       0       0
  1313 ;;      Temps:          0       0       0       0       0       0       0       0       0       0       0       0       
      +0       0       0
  1314 ;;      Totals:         1       0       0       0       0       0       0       0       0       0       0       0       
      +0       0       0
  1315 ;;Total ram usage:        1 bytes
  1316 ;; Hardware stack levels used: 1
  1317 ;; This function calls:
  1318 ;;		Nothing
  1319 ;; This function is called by:
  1320 ;;		_LIS_ReadRegister
  1321 ;;		_LIS_WriteRegister
  1322 ;;		_LIS_ReadAxis
  1323 ;; This function uses a non-reentrant model
  1324 ;;
  1325                           
  1326                           	psect	text8
  1327   001100                     __ptext8:
  1328                           	callstack 0
  1329   001100                     _SPI2_Transfer:
  1330                           	callstack 29
  1331                           
  1332                           ;incstack = 0
  1333                           ;SPI2_Transfer@data stored from wreg
  1334   001100  6E01               	movwf	SPI2_Transfer@data^0,c
  1335   001102                     
  1336                           ;accelarometer.c: 103:     SSP2BUF = data;
  1337   001102  C001  FF03         	movff	SPI2_Transfer@data,3843	;volatile
  1338   001106                     l57:
  1339   001106  010F               	movlb	15	; () banked
  1340   001108  A11A               	btfss	26,0,b	;volatile
  1341   00110A  EF89  F008         	goto	u11
  1342   00110E  EF8B  F008         	goto	u10
  1343   001112                     u11:
  1344   001112  EF83  F008         	goto	l57
  1345   001116                     u10:
  1346   001116                     
  1347                           ; BSR set to: 15
  1348                           ;accelarometer.c: 105:     return SSP2BUF;
  1349   001116  5103               	movf	3,w,b	;volatile
  1350   001118                     
  1351                           ; BSR set to: 15
  1352   001118  0012               	return		;funcret
  1353   00111A                     __end_of_SPI2_Transfer:
  1354                           	callstack 0
  1355                           
  1356                           	psect	smallconst
  1357   001000                     __psmallconst:
  1358                           	callstack 0
  1359   001000  00                 	db	0
  1360   001001  00                 	db	0	; dummy byte at the end
  1361   001000                     __smallconst    set	__psmallconst
  1362   001000                     __mediumconst   set	__psmallconst
  1363   000000                     __activetblptr  equ	0
  1364                           
  1365                           	psect	rparam
  1366   000001                     ___rparam_used  equ	1
  1367   000000                     ___param_bank   equ	0
  1368   000000                     __Lparam        equ	__Lrparam
  1369   000000                     __Hparam        equ	__Hrparam
  1370                           
  1371                           	psect	config
  1372                           
  1373                           ;Config register CONFIG1L @ 0x1FFF0
  1374                           ;	Stack Overflow/Underflow Reset
  1375                           ;	STVREN = OFF, Disabled
  1376                           ;	Extended Instruction Set
  1377                           ;	XINST = OFF, Disabled
  1378   01FFF0                     	org	131056
  1379   01FFF0  80                 	db	128
  1380                           
  1381                           ;Config register CONFIG1H @ 0x1FFF1
  1382                           ;	Brown-Out Reset Enable
  1383                           ;	BOREN = OFF, Disabled in hardware
  1384                           ;	Brown-out Reset Voltage
  1385                           ;	BORV = 0, 2.0V
  1386                           ;	Code Protect
  1387                           ;	CP0 = OFF, Program memory is not code-protected
  1388   01FFF1                     	org	131057
  1389   01FFF1  F4                 	db	244
  1390                           
  1391                           ;Config register CONFIG2L @ 0x1FFF2
  1392                           ;	Oscillator
  1393                           ;	FOSC = FRCDIV, Fast RC Oscillator with Postscaler (FRCDIV)
  1394                           ;	T1OSC/SOSC Power Selection Bits
  1395                           ;	SOSCSEL = LOW, Low Power T1OSC/SOSC circuit selected
  1396                           ;	Clock Out Enable Bit
  1397                           ;	CLKOEN = ON, CLKO output enabled on the RA6 pin
  1398                           ;	Internal External Oscillator Switch Over Mode
  1399                           ;	IESO = ON, Enabled
  1400   01FFF2                     	org	131058
  1401   01FFF2  AF                 	db	175
  1402                           
  1403                           ;Config register CONFIG2H @ 0x1FFF3
  1404                           ;	PLL Frequency Multiplier Select bits
  1405                           ;	PLLDIV = NODIV, 96 MHz PLL selected; No divide - Oscillator used directly (4 MHz input
      +                          )
  1406   01FFF3                     	org	131059
  1407   01FFF3  F0                 	db	240
  1408                           
  1409                           ;Config register CONFIG3L @ 0x1FFF4
  1410                           ;	Primary Oscillator Select
  1411                           ;	POSCMD = HS, HS oscillator mode selected(10 MHz - 40 MHz)
  1412                           ;	Clock Switching and Monitor Selection Configuration bits
  1413                           ;	FSCM = CSECMD, Clock switching is enabled, fail safe clock monitor is disabled
  1414   01FFF4                     	org	131060
  1415   01FFF4  12                 	db	18
  1416                           
  1417                           ;Config register CONFIG3H @ 0x1FFF5
  1418                           ;	unspecified, using default values
  1419   01FFF5                     	org	131061
  1420   01FFF5  F0                 	db	240
  1421                           
  1422                           ;Config register CONFIG4L @ 0x1FFF6
  1423                           ;	Write/Erase Protect Page Start/End Boundary
  1424                           ;	WPFP = WPFP255, Write Protect Program Flash Page 255
  1425   01FFF6                     	org	131062
  1426   01FFF6  FF                 	db	255
  1427                           
  1428                           ;Config register CONFIG4H @ 0x1FFF7
  1429                           ;	Segment Write Protection Disable
  1430                           ;	WPDIS = WPDIS, Disabled
  1431                           ;	Segment Write Protection End Page Select
  1432                           ;	WPEND = WPENDMEM, Write Protect from WPFP to the last page of memory
  1433                           ;	Write Protect Configuration Page Select
  1434                           ;	WPCFG = WPCFGDIS, Disabled
  1435   01FFF7                     	org	131063
  1436   01FFF7  F7                 	db	247
  1437                           
  1438                           ;Config register CONFIG5L @ 0x1FFF8
  1439                           ;	TMR5 Gate Select bit
  1440                           ;	T5GSEL = T5G, TMR5 Gate is driven by the T5G input
  1441                           ;	CxINA Gate Select bit
  1442                           ;	CINASEL = DEFAULT, C1INA and C3INA are on their default pin locations
  1443                           ;	External Address Shift bit
  1444                           ;	EASHFT = ON, Address Shifting enabled
  1445                           ;	Address Bus Width Select bits
  1446                           ;	ABW = MM, 8-bit address bus
  1447                           ;	Data Bus Width
  1448                           ;	BW = 16, 16-bit external bus mode
  1449                           ;	External Bus Wait
  1450                           ;	WAIT = OFF, Disabled
  1451   01FFF8                     	org	131064
  1452   01FFF8  FB                 	db	251
  1453                           
  1454                           ;Config register CONFIG5H @ 0x1FFF9
  1455                           ;	IOLOCK One-Way Set Enable bit
  1456                           ;	IOL1WAY = ON, Once set, the IOLOCK bit cannot be cleared
  1457                           ;	USB Low Speed Clock Select bit
  1458                           ;	LS48MHZ = SYSX2, Divide-by-2 (System clock must be 12 MHz)
  1459                           ;	MSSP2 7-Bit Address Masking Mode Enable bit
  1460                           ;	MSSPMSK2 = MSK7, 7 Bit address masking mode
  1461                           ;	MSSP1 7-Bit Address Masking Mode Enable bit
  1462                           ;	MSSPMSK1 = MSK7, 7 Bit address masking mode
  1463   01FFF9                     	org	131065
  1464   01FFF9  FF                 	db	255
  1465                           
  1466                           ;Config register CONFIG6L @ 0x1FFFA
  1467                           ;	Watch Dog Timer Window
  1468                           ;	WDTWIN = PS25_0, Watch Dog Timer Window Width is 25 percent
  1469                           ;	Watch Dog Timer Clock Source
  1470                           ;	WDTCLK = LPRC, Always use INTOSC/LPRC
  1471                           ;	Watchdog Timer Postscale
  1472                           ;	WDTPS = 32768, 1:32768
  1473   01FFFA                     	org	131066
  1474   01FFFA  FB                 	db	251
  1475                           
  1476                           ;Config register CONFIG6H @ 0x1FFFB
  1477                           ;	Watchdog Timer Enable
  1478                           ;	WDTEN = OFF, WDT disabled in hardware; SWDTEN bit disabled
  1479                           ;	Windowed Watchdog Timer Disable
  1480                           ;	WINDIS = WDTSTD, Standard WDT selected; windowed WDT disabled
  1481                           ;	WDT Prescaler
  1482                           ;	WPSA = 128, WDT prescaler ratio of 1:128
  1483   01FFFB                     	org	131067
  1484   01FFFB  FC                 	db	252
  1485                           
  1486                           ;Config register CONFIG7L @ 0x1FFFC
  1487                           ;	Retention Voltage Regulator Control Enable
  1488                           ;	RETEN = OFF, Retention not available
  1489                           ;	VBAT BOR Enable
  1490                           ;	VBTBOR = OFF, VBAT BOR is disabled
  1491                           ;	Deep Sleep BOR Enable
  1492                           ;	DSBOREN = ON, BOR enabled in Deep Sleep
  1493                           ;	DSEN Bit Enable bit
  1494                           ;	DSBITEN = ON, Deep Sleep is controlled by the register bit DSEN
  1495   01FFFC                     	org	131068
  1496   01FFFC  19                 	db	25
  1497                           
  1498                           ;Config register CONFIG7H @ 0x1FFFD
  1499                           ;	unspecified, using default values
  1500   01FFFD                     	org	131069
  1501   01FFFD  F0                 	db	240
  1502                           
  1503                           ;Config register CONFIG8L @ 0x1FFFE
  1504                           ;	Deep Sleep Watchdog Timer Postscale Select
  1505                           ;	DSWDTPS = DSWDTPS1F, 1:68719476736 (25.7 Days)
  1506   01FFFE                     	org	131070
  1507   01FFFE  F8                 	db	248
  1508                           
  1509                           ;Config register CONFIG8H @ 0x1FFFF
  1510                           ;	Deep Sleep Watchdog Timer Enable
  1511                           ;	DSWDTEN = ON, DSWDT Enabled
  1512                           ;	DSWDT Reference Clock Select
  1513                           ;	DSWDTOSC = LPRC, DSWDT uses LPRC as reference clock
  1514   01FFFF                     	org	131071
  1515   01FFFF  F3                 	db	243
  1516                           tosu	equ	0xFFF
  1517                           tosh	equ	0xFFE
  1518                           tosl	equ	0xFFD
  1519                           stkptr	equ	0xFFC
  1520                           pclatu	equ	0xFFB
  1521                           pclath	equ	0xFFA
  1522                           pcl	equ	0xFF9
  1523                           tblptru	equ	0xFF8
  1524                           tblptrh	equ	0xFF7
  1525                           tblptrl	equ	0xFF6
  1526                           tablat	equ	0xFF5
  1527                           prodh	equ	0xFF4
  1528                           prodl	equ	0xFF3
  1529                           indf0	equ	0xFEF
  1530                           postinc0	equ	0xFEE
  1531                           postdec0	equ	0xFED
  1532                           preinc0	equ	0xFEC
  1533                           plusw0	equ	0xFEB
  1534                           fsr0h	equ	0xFEA
  1535                           fsr0l	equ	0xFE9
  1536                           wreg	equ	0xFE8
  1537                           indf1	equ	0xFE7
  1538                           postinc1	equ	0xFE6
  1539                           postdec1	equ	0xFE5
  1540                           preinc1	equ	0xFE4
  1541                           plusw1	equ	0xFE3
  1542                           fsr1h	equ	0xFE2
  1543                           fsr1l	equ	0xFE1
  1544                           bsr	equ	0xFE0
  1545                           indf2	equ	0xFDF
  1546                           postinc2	equ	0xFDE
  1547                           postdec2	equ	0xFDD
  1548                           preinc2	equ	0xFDC
  1549                           plusw2	equ	0xFDB
  1550                           fsr2h	equ	0xFDA
  1551                           fsr2l	equ	0xFD9
  1552                           status	equ	0xFD8

Data Sizes:
    Strings     0
    Constant    0
    Data        0
    BSS         0
    Persistent  0
    Stack       0

Auto Spaces:
    Space          Size  Autos    Used
    COMRAM           95      4       4
    BANK0           160      0       0
    BANK1           256      0       0
    BANK2           256      0       0
    BANK3           256      0       0
    BANK4           256      0       0
    BANK5           256      0       0
    BANK6           256      0       0
    BANK7           256      0       0
    BANK8           256      0       0
    BANK9           256      0       0
    BANK10          256      0       0
    BANK11          256      0       0
    BANK12          256      0       0
    BANK13          250      0       0

Pointer List with Targets:

    None.

Critical Paths under _main in COMRAM

    _main->_LIS_ReadAxis
    _main->_LIS_ReadRegister
    _main->_LIS_WriteRegister
    _LIS_WriteRegister->_SPI2_Transfer
    _LIS_ReadRegister->_SPI2_Transfer
    _LIS_ReadAxis->_SPI2_Transfer

Critical Paths under _main in BANK0

    None.

Critical Paths under _main in BANK1

    None.

Critical Paths under _main in BANK2

    None.

Critical Paths under _main in BANK3

    None.

Critical Paths under _main in BANK4

    None.

Critical Paths under _main in BANK5

    None.

Critical Paths under _main in BANK6

    None.

Critical Paths under _main in BANK7

    None.

Critical Paths under _main in BANK8

    None.

Critical Paths under _main in BANK9

    None.

Critical Paths under _main in BANK10

    None.

Critical Paths under _main in BANK11

    None.

Critical Paths under _main in BANK12

    None.

Critical Paths under _main in BANK13

    None.

Call Graph Tables:

 ---------------------------------------------------------------------------------
 (Depth) Function   	        Calls       Base Space   Used Autos Params    Refs
 ---------------------------------------------------------------------------------
 (0) _main                                                 5     5      0     161
                                              3 COMRAM     1     1      0
                       _LIS_ReadAxis
                   _LIS_ReadRegister
                  _LIS_WriteRegister
                          _SPI2_Init
                         _Spi_PinSet
 ---------------------------------------------------------------------------------
 (1) _Spi_PinSet                                           0     0      0       0
 ---------------------------------------------------------------------------------
 (1) _SPI2_Init                                            0     0      0       0
 ---------------------------------------------------------------------------------
 (1) _LIS_WriteRegister                                    2     1      1      67
                                              1 COMRAM     2     1      1
                      _SPI2_Transfer
                        _SPI_CS_High
                         _SPI_CS_Low
 ---------------------------------------------------------------------------------
 (1) _LIS_ReadRegister                                     2     2      0      45
                                              1 COMRAM     2     2      0
                      _SPI2_Transfer
                        _SPI_CS_High
                         _SPI_CS_Low
 ---------------------------------------------------------------------------------
 (1) _LIS_ReadAxis                                         2     2      0      45
                                              1 COMRAM     2     2      0
                      _SPI2_Transfer
                        _SPI_CS_High
                         _SPI_CS_Low
 ---------------------------------------------------------------------------------
 (2) _SPI_CS_Low                                           0     0      0       0
 ---------------------------------------------------------------------------------
 (2) _SPI_CS_High                                          0     0      0       0
 ---------------------------------------------------------------------------------
 (2) _SPI2_Transfer                                        1     1      0      15
                                              0 COMRAM     1     1      0
 ---------------------------------------------------------------------------------
 Estimated maximum stack depth 2
 ---------------------------------------------------------------------------------

 Call Graph Graphs:

 _main (ROOT)
   _LIS_ReadAxis
     _SPI2_Transfer
     _SPI_CS_High
     _SPI_CS_Low
   _LIS_ReadRegister
     _SPI2_Transfer
     _SPI_CS_High
     _SPI_CS_Low
   _LIS_WriteRegister
     _SPI2_Transfer
     _SPI_CS_High
     _SPI_CS_Low
   _SPI2_Init
   _Spi_PinSet

Address spaces:
Name               Size   Autos  Total    Usage
BITCOMRAM           95      0       0      0.0%
BITBANK0           160      0       0      0.0%
BITBANK1           256      0       0      0.0%
BITBANK2           256      0       0      0.0%
BITBANK3           256      0       0      0.0%
BITBANK4           256      0       0      0.0%
BITBANK5           256      0       0      0.0%
BITBANK6           256      0       0      0.0%
BITBANK7           256      0       0      0.0%
BITBANK8           256      0       0      0.0%
BITBANK9           256      0       0      0.0%
BITBANK10          256      0       0      0.0%
BITBANK11          256      0       0      0.0%
BITBANK12          256      0       0      0.0%
BITBANK13          250      0       0      0.0%
BITBIGSFRlh        243      0       0      0.0%
BITBIGSFRh         226      0       0      0.0%
BITBIGSFRll         43      0       0      0.0%
COMRAM              95      4       4      4.2%
BANK0              160      0       0      0.0%
BANK1              256      0       0      0.0%
BANK2              256      0       0      0.0%
BANK3              256      0       0      0.0%
BANK4              256      0       0      0.0%
BANK5              256      0       0      0.0%
BANK6              256      0       0      0.0%
BANK7              256      0       0      0.0%
BANK8              256      0       0      0.0%
BANK9              256      0       0      0.0%
BANK10             256      0       0      0.0%
BANK11             256      0       0      0.0%
BANK12             256      0       0      0.0%
BANK13             250      0       0      0.0%
BIGRAM            3577      0       0      0.0%
STACK                0      0       0      0.0%
DATA                 0      0       4      0.0%


Microchip Technology PIC18 Macro Assembler V3.00 build 20241204225717 
Symbol Table                                                                                   Mon Aug 04 11:04:38 2025

                       l51 10A8                         l60 1118                         l45 1134  
                       l54 1128                         l63 10C6                         l48 113A  
                       l57 1106                         l66 10FE                         l74 1066  
                       l59 1116                         l69 10E4                         u10 1116  
                       u11 1112                         u27 1014                         u37 1026  
                       u47 104A                        l750 1130                        l830 10EC  
                      l752 1136                        l832 10F4                        l760 1086  
                      l840 100E                        l754 1102                        l770 10AC  
                      l834 10FA                        l762 10A4                        l850 1034  
                      l842 101C                        l772 10B0                        l828 10E8  
                      l764 10A6                        l756 106A                        l860 1060  
                      l852 103A                        l844 1020                        l836 1002  
                      l790 10CA                        l774 10B8                        l766 111A  
                      l758 107E                        l854 1044                        l846 1030  
                      l838 100A                        l792 10CE                        l776 10C0  
                      l768 1124                        l856 1054                        l848 1032  
                      l794 10D6                        l778 10C4                        l858 105A  
                      l796 10DE                        l798 10E2                        wreg 0FE8  
                     _main 1002                       start FFEC               ___param_bank 0000  
                    ?_main 0001                ?_SPI_CS_Low 0001            __initialization 112A  
             __end_of_main 106A                     ??_main 0004              __activetblptr 0000  
        ?_LIS_ReadRegister 0001         ??_LIS_ReadRegister 0002                     _EECON2 0F7E  
                   _ANCON1 0E47                     _ANCON2 0E46                     _ANCON3 0E45  
    __end_of_SPI2_Transfer 111A          __end_of_SPI2_Init 112A                 _Spi_PinSet 106A  
                   isa$std 0001             _RPINR12_13bits 0E30               __mediumconst 1000  
             ?_SPI_CS_High 0001                 __accesstop 0060    __end_of__initialization 112A  
            ___rparam_used 0001              ?_LIS_ReadAxis 0001             __pcstackCOMRAM 0001  
           ??_LIS_ReadAxis 0002                ?_Spi_PinSet 0001                    _SSP2BUF 0F03  
             ??_SPI_CS_Low 0001          _LIS_WriteRegister 10E6                    __Hparam 0000  
                  __Lparam 0000         ?_LIS_WriteRegister 0002               __psmallconst 1000  
                  __pcinit 112A        ??_LIS_WriteRegister 0003                    __ramtop 1000  
                  __ptext0 1002                    __ptext1 106A                    __ptext2 111A  
                  __ptext3 10E6                    __ptext4 10AA                    __ptext5 10C8  
                  __ptext6 1130                    __ptext7 1136                    __ptext8 1100  
       __end_of_SPI_CS_Low 1136       end_of_initialization 112A  __end_of_LIS_WriteRegister 1100  
                _SPI2_Init 111A          SPI2_Transfer@data 0001       __end_of_LIS_ReadAxis 10E6  
                _TRISAbits 0F92                  _TRISEbits 0F96                  _TRISFbits 0F97  
                _TRISGbits 0F98                 ?_SPI2_Init 0001        start_initialization 112A  
             ??_Spi_PinSet 0001         __end_of_Spi_PinSet 10AA              _RPOR40_41bits 0E26  
         _LIS_ReadRegister 10AA              _RPOR38_39bits 0E25              _SPI2_Transfer 1100  
    LIS_WriteRegister@data 0002                ??_SPI2_Init 0001                __smallconst 1000  
          LIS_ReadAxis@reg 0002            LIS_ReadAxis@val 0003                   _LATEbits 0F8D  
                 _LATGbits 0F8F             ?_SPI2_Transfer 0001               _LIS_ReadAxis 10C8  
                 _SSP2CON3 0F39        LIS_ReadRegister@reg 0002        LIS_ReadRegister@val 0003  
            ??_SPI_CS_High 0001                   __Hrparam 0000                   __Lrparam 0000  
     LIS_WriteRegister@reg 0003               _SSP2CON1bits 0F19                _OSCCON2bits 0F66  
              _OSCCON3bits 0F65            ??_SPI2_Transfer 0001        __end_of_SPI_CS_High 113C  
                 isa$xinst 0000               _SSP2STATbits 0F1A   __end_of_LIS_ReadRegister 10C8  
               _INTCONbits 0FF2                _SPI_CS_High 1136                 _SPI_CS_Low 1130  
