

Microchip MPLAB XC8 Assembler V3.00 build 20241204225717 
                                                                                               Mon Aug 11 21:38:40 2025

Microchip MPLAB XC8 C Compiler v3.00 (Free license) build 20241204225717 Og1 
     1                           	processor	18F97J94
     2                           	fnconf	rparam,??,?,0
     3                           	pagewidth 120
     4                           	opt	flic
     5                           	psect	cinit,global,reloc=2,class=CODE,space=0,delta=1
     6                           	psect	bssCOMRAM,global,class=COMRAM,space=1,delta=1,lowdata,noexec
     7                           	psect	cstackCOMRAM,global,class=COMRAM,space=1,delta=1,lowdata,noexec
     8                           	psect	text0,global,reloc=2,class=CODE,space=0,delta=1
     9                           	psect	text1,global,reloc=2,class=CODE,space=0,delta=1
    10                           	psect	text2,global,reloc=2,class=CODE,space=0,delta=1,group=1
    11                           	psect	text3,global,reloc=2,class=CODE,space=0,delta=1,group=1
    12                           	psect	text4,global,reloc=2,class=CODE,space=0,delta=1,group=1
    13                           	psect	text5,global,reloc=2,class=CODE,space=0,delta=1,group=1
    14                           	psect	text6,global,reloc=2,class=CODE,space=0,delta=1
    15                           	psect	text7,global,reloc=2,class=CODE,space=0,delta=1
    16                           	psect	smallconst,global,reloc=2,class=SMALLCONST,space=0,delta=1,noexec
    17                           	psect	intsave_regs,global,class=BIGRAM,space=1,delta=1,noexec
    18                           	psect	rparam,global,class=COMRAM,space=1,delta=1,noexec
    19                           	psect	config,global,abs,ovrld,class=CONFIG,space=4,delta=1,noexec
    20   000000                     
    21                           ; Generated 17/08/2023 GMT
    22                           ; 
    23                           ; Copyright © 2023, Microchip Technology Inc. and its subsidiaries ("Microchip")
    24                           ; All rights reserved.
    25                           ; 
    26                           ; This software is developed by Microchip Technology Inc. and its subsidiaries ("Microch
      +                          ip").
    27                           ; 
    28                           ; Redistribution and use in source and binary forms, with or without modification, are
    29                           ; permitted provided that the following conditions are met:
    30                           ; 
    31                           ;     1. Redistributions of source code must retain the above copyright notice, this lis
      +                          t of
    32                           ;        conditions and the following disclaimer.
    33                           ; 
    34                           ;     2. Redistributions in binary form must reproduce the above copyright notice, this 
      +                          list
    35                           ;        of conditions and the following disclaimer in the documentation and/or other
    36                           ;        materials provided with the distribution. Publication is not required when
    37                           ;        this file is used in an embedded application.
    38                           ; 
    39                           ;     3. Microchip's name may not be used to endorse or promote products derived from th
      +                          is
    40                           ;        software without specific prior written permission.
    41                           ; 
    42                           ; THIS SOFTWARE IS PROVIDED BY MICROCHIP "AS IS" AND ANY EXPRESS OR IMPLIED WARRANTIES,
    43                           ; INCLUDING, BUT NOT LIMITED TO, THE IMPLIED WARRANTIES OF MERCHANTABILITY AND FITNESS F
      +                          OR
    44                           ; PURPOSE ARE DISCLAIMED.  IN NO EVENT SHALL MICROCHIP BE LIABLE FOR ANY DIRECT, INDIREC
      +                          T,
    45                           ; INCIDENTAL, SPECIAL, EXEMPLARY, OR CONSEQUENTIAL DAMAGES (INCLUDING BUT NOT LIMITED TO
    46                           ; PROCUREMENT OF SUBSTITUTE GOODS OR SERVICES; LOSS OF USE, DATA OR PROFITS; OR BUSINESS
    47                           ; INTERRUPTION) HOWSOEVER CAUSED AND ON ANY THEORY OF LIABILITY, WHETHER IN CONTRACT, ST
      +                          RICT
    48                           ; LIABILITY, OR TORT (INCLUDING NEGLIGENCE OR OTHERWISE) ARISING IN ANY WAY OUT OF THE U
      +                          SE OF
    49                           ; THIS SOFTWARE, EVEN IF ADVISED OF THE POSSIBILITY OF SUCH DAMAGE.
    50                           ; 
    51                           ; 
    52                           ; Code-generator required, PIC18F97J94 Definitions
    53                           ; 
    54                           ; SFR Addresses
    55   000FE0                     bsr             equ	4064
    56   000FE9                     fsr0            equ	4073
    57   000FEA                     fsr0h           equ	4074
    58   000FE9                     fsr0l           equ	4073
    59   000FE1                     fsr1            equ	4065
    60   000FE2                     fsr1h           equ	4066
    61   000FE1                     fsr1l           equ	4065
    62   000FD9                     fsr2            equ	4057
    63   000FDA                     fsr2h           equ	4058
    64   000FD9                     fsr2l           equ	4057
    65   000FEF                     indf0           equ	4079
    66   000FE7                     indf1           equ	4071
    67   000FDF                     indf2           equ	4063
    68   000FF2                     intcon          equ	4082
    69   000000                     nvmcon          equ	0
    70   000FF9                     pcl             equ	4089
    71   000FFA                     pclath          equ	4090
    72   000FFB                     pclatu          equ	4091
    73   000FEB                     plusw0          equ	4075
    74   000FE3                     plusw1          equ	4067
    75   000FDB                     plusw2          equ	4059
    76   000FED                     postdec0        equ	4077
    77   000FE5                     postdec1        equ	4069
    78   000FDD                     postdec2        equ	4061
    79   000FEE                     postinc0        equ	4078
    80   000FE6                     postinc1        equ	4070
    81   000FDE                     postinc2        equ	4062
    82   000FEC                     preinc0         equ	4076
    83   000FE4                     preinc1         equ	4068
    84   000FDC                     preinc2         equ	4060
    85   000FF3                     prod            equ	4083
    86   000FF4                     prodh           equ	4084
    87   000FF3                     prodl           equ	4083
    88   000FD8                     status          equ	4056
    89   000FF5                     tablat          equ	4085
    90   000FF6                     tblptr          equ	4086
    91   000FF7                     tblptrh         equ	4087
    92   000FF6                     tblptrl         equ	4086
    93   000FF8                     tblptru         equ	4088
    94   000FFD                     tosl            equ	4093
    95   000FE8                     wreg            equ	4072
    96   000DFF                     UEP0            equ	3583	;# 
    97   000E00                     UEP1            equ	3584	;# 
    98   000E01                     UEP2            equ	3585	;# 
    99   000E02                     UEP3            equ	3586	;# 
   100   000E03                     UEP4            equ	3587	;# 
   101   000E04                     UEP5            equ	3588	;# 
   102   000E05                     UEP6            equ	3589	;# 
   103   000E06                     UEP7            equ	3590	;# 
   104   000E07                     UEP8            equ	3591	;# 
   105   000E08                     UEP9            equ	3592	;# 
   106   000E09                     UEP10           equ	3593	;# 
   107   000E0A                     UEP11           equ	3594	;# 
   108   000E0B                     UEP12           equ	3595	;# 
   109   000E0C                     UEP13           equ	3596	;# 
   110   000E0D                     UEP14           equ	3597	;# 
   111   000E0E                     UEP15           equ	3598	;# 
   112   000E0F                     UEIE            equ	3599	;# 
   113   000E10                     UIE             equ	3600	;# 
   114   000E11                     UCFG            equ	3601	;# 
   115   000E12                     RPOR0_1         equ	3602	;# 
   116   000E13                     RPOR2_3         equ	3603	;# 
   117   000E14                     RPOR4_5         equ	3604	;# 
   118   000E15                     RPOR6_7         equ	3605	;# 
   119   000E16                     RPOR8_9         equ	3606	;# 
   120   000E17                     RPOR10_11       equ	3607	;# 
   121   000E18                     RPOR12_13       equ	3608	;# 
   122   000E19                     RPOR14_15       equ	3609	;# 
   123   000E1A                     RPOR16_17       equ	3610	;# 
   124   000E1B                     RPOR18_19       equ	3611	;# 
   125   000E1C                     RPOR20_21       equ	3612	;# 
   126   000E1D                     RPOR22_23       equ	3613	;# 
   127   000E1E                     RPOR24_25       equ	3614	;# 
   128   000E1F                     RPOR26_27       equ	3615	;# 
   129   000E20                     RPOR28_29       equ	3616	;# 
   130   000E21                     RPOR30_31       equ	3617	;# 
   131   000E22                     RPOR32_33       equ	3618	;# 
   132   000E23                     RPOR34_35       equ	3619	;# 
   133   000E24                     RPOR36_37       equ	3620	;# 
   134   000E25                     RPOR38_39       equ	3621	;# 
   135   000E26                     RPOR40_41       equ	3622	;# 
   136   000E27                     RPOR42_43       equ	3623	;# 
   137   000E28                     RPOR44_45       equ	3624	;# 
   138   000E29                     RPOR46          equ	3625	;# 
   139   000E2A                     RPINR0_1        equ	3626	;# 
   140   000E2B                     RPINR2_3        equ	3627	;# 
   141   000E2C                     RPINR4_5        equ	3628	;# 
   142   000E2D                     RPINR6_7        equ	3629	;# 
   143   000E2E                     RPINR8_9        equ	3630	;# 
   144   000E2F                     RPINR10_11      equ	3631	;# 
   145   000E30                     RPINR12_13      equ	3632	;# 
   146   000E31                     RPINR14_15      equ	3633	;# 
   147   000E32                     RPINR16_17      equ	3634	;# 
   148   000E33                     RPINR18_19      equ	3635	;# 
   149   000E34                     RPINR20_21      equ	3636	;# 
   150   000E35                     RPINR22_23      equ	3637	;# 
   151   000E36                     RPINR24_25      equ	3638	;# 
   152   000E37                     RPINR26_27      equ	3639	;# 
   153   000E38                     RPINR28_29      equ	3640	;# 
   154   000E39                     RPINR30_31      equ	3641	;# 
   155   000E3A                     RPINR32_33      equ	3642	;# 
   156   000E3B                     RPINR34_35      equ	3643	;# 
   157   000E3C                     RPINR36_37      equ	3644	;# 
   158   000E3D                     RPINR38_39      equ	3645	;# 
   159   000E3E                     RPINR40_41      equ	3646	;# 
   160   000E3F                     RPINR42_43      equ	3647	;# 
   161   000E40                     RPINR44_45      equ	3648	;# 
   162   000E41                     RPINR46_47      equ	3649	;# 
   163   000E42                     RPINR48_49      equ	3650	;# 
   164   000E43                     RPINR50_51      equ	3651	;# 
   165   000E44                     RPINR52_53      equ	3652	;# 
   166   000E45                     ANCON3          equ	3653	;# 
   167   000E46                     ANCON2          equ	3654	;# 
   168   000E47                     ANCON1          equ	3655	;# 
   169   000E48                     ADCBUF1         equ	3656	;# 
   170   000E48                     ADCBUF1L        equ	3656	;# 
   171   000E49                     ADCBUF1H        equ	3657	;# 
   172   000E4A                     ADCBUF2         equ	3658	;# 
   173   000E4A                     ADCBUF2L        equ	3658	;# 
   174   000E4B                     ADCBUF2H        equ	3659	;# 
   175   000E4C                     ADCBUF3         equ	3660	;# 
   176   000E4C                     ADCBUF3L        equ	3660	;# 
   177   000E4D                     ADCBUF3H        equ	3661	;# 
   178   000E4E                     ADCBUF4         equ	3662	;# 
   179   000E4E                     ADCBUF4L        equ	3662	;# 
   180   000E4F                     ADCBUF4H        equ	3663	;# 
   181   000E50                     ADCBUF5         equ	3664	;# 
   182   000E50                     ADCBUF5L        equ	3664	;# 
   183   000E51                     ADCBUF5H        equ	3665	;# 
   184   000E52                     ADCBUF6         equ	3666	;# 
   185   000E52                     ADCBUF6L        equ	3666	;# 
   186   000E53                     ADCBUF6H        equ	3667	;# 
   187   000E54                     ADCBUF7         equ	3668	;# 
   188   000E54                     ADCBUF7L        equ	3668	;# 
   189   000E55                     ADCBUF7H        equ	3669	;# 
   190   000E56                     ADCBUF8         equ	3670	;# 
   191   000E56                     ADCBUF8L        equ	3670	;# 
   192   000E57                     ADCBUF8H        equ	3671	;# 
   193   000E58                     ADCBUF9         equ	3672	;# 
   194   000E58                     ADCBUF9L        equ	3672	;# 
   195   000E59                     ADCBUF9H        equ	3673	;# 
   196   000E5A                     ADCBUF10        equ	3674	;# 
   197   000E5A                     ADCBUF10L       equ	3674	;# 
   198   000E5B                     ADCBUF10H       equ	3675	;# 
   199   000E5C                     ADCBUF11        equ	3676	;# 
   200   000E5C                     ADCBUF11L       equ	3676	;# 
   201   000E5D                     ADCBUF11H       equ	3677	;# 
   202   000E5E                     ADCBUF12        equ	3678	;# 
   203   000E5E                     ADCBUF12L       equ	3678	;# 
   204   000E5F                     ADCBUF12H       equ	3679	;# 
   205   000E60                     ADCBUF13        equ	3680	;# 
   206   000E60                     ADCBUF13L       equ	3680	;# 
   207   000E61                     ADCBUF13H       equ	3681	;# 
   208   000E62                     ADCBUF14        equ	3682	;# 
   209   000E62                     ADCBUF14L       equ	3682	;# 
   210   000E63                     ADCBUF14H       equ	3683	;# 
   211   000E64                     ADCBUF15        equ	3684	;# 
   212   000E64                     ADCBUF15L       equ	3684	;# 
   213   000E65                     ADCBUF15H       equ	3685	;# 
   214   000E66                     ADCBUF16        equ	3686	;# 
   215   000E66                     ADCBUF16L       equ	3686	;# 
   216   000E67                     ADCBUF16H       equ	3687	;# 
   217   000E68                     ADCBUF17        equ	3688	;# 
   218   000E68                     ADCBUF17L       equ	3688	;# 
   219   000E69                     ADCBUF17H       equ	3689	;# 
   220   000E6A                     ADCBUF18        equ	3690	;# 
   221   000E6A                     ADCBUF18L       equ	3690	;# 
   222   000E6B                     ADCBUF18H       equ	3691	;# 
   223   000E6C                     ADCBUF19        equ	3692	;# 
   224   000E6C                     ADCBUF19L       equ	3692	;# 
   225   000E6D                     ADCBUF19H       equ	3693	;# 
   226   000E6E                     ADCBUF20        equ	3694	;# 
   227   000E6E                     ADCBUF20L       equ	3694	;# 
   228   000E6F                     ADCBUF20H       equ	3695	;# 
   229   000E70                     ADCBUF21        equ	3696	;# 
   230   000E70                     ADCBUF21L       equ	3696	;# 
   231   000E71                     ADCBUF21H       equ	3697	;# 
   232   000E72                     ADCBUF22        equ	3698	;# 
   233   000E72                     ADCBUF22L       equ	3698	;# 
   234   000E73                     ADCBUF22H       equ	3699	;# 
   235   000E74                     ADCBUF23        equ	3700	;# 
   236   000E74                     ADCBUF23L       equ	3700	;# 
   237   000E75                     ADCBUF23H       equ	3701	;# 
   238   000E76                     ADCBUF24        equ	3702	;# 
   239   000E76                     ADCBUF24L       equ	3702	;# 
   240   000E77                     ADCBUF24H       equ	3703	;# 
   241   000E78                     ADCBUF25        equ	3704	;# 
   242   000E78                     ADCBUF25L       equ	3704	;# 
   243   000E79                     ADCBUF25H       equ	3705	;# 
   244   000E7A                     ADCTMUEN0L      equ	3706	;# 
   245   000E7B                     ADCTMUEN0H      equ	3707	;# 
   246   000E7C                     ADCTMUEN1L      equ	3708	;# 
   247   000E7D                     ADCTMUEN1H      equ	3709	;# 
   248   000E7E                     ADCHIT0L        equ	3710	;# 
   249   000E7F                     ADCHIT0H        equ	3711	;# 
   250   000E80                     ADCHIT1L        equ	3712	;# 
   251   000E81                     ADCHIT1H        equ	3713	;# 
   252   000E82                     ADCSS0L         equ	3714	;# 
   253   000E83                     ADCSS0H         equ	3715	;# 
   254   000E84                     ADCSS1L         equ	3716	;# 
   255   000E85                     ADCSS1H         equ	3717	;# 
   256   000E86                     ADCHS0L         equ	3718	;# 
   257   000E87                     ADCHS0H         equ	3719	;# 
   258   000E88                     ADCON5L         equ	3720	;# 
   259   000E89                     ADCON5H         equ	3721	;# 
   260   000E8A                     ADCON3L         equ	3722	;# 
   261   000E8B                     ADCON3H         equ	3723	;# 
   262   000E8C                     ADCON2L         equ	3724	;# 
   263   000E8D                     ADCON2H         equ	3725	;# 
   264   000E8E                     LCDDATA0        equ	3726	;# 
   265   000E8F                     LCDDATA1        equ	3727	;# 
   266   000E90                     LCDDATA2        equ	3728	;# 
   267   000E91                     LCDDATA3        equ	3729	;# 
   268   000E92                     LCDDATA4        equ	3730	;# 
   269   000E93                     LCDDATA5        equ	3731	;# 
   270   000E94                     LCDDATA6        equ	3732	;# 
   271   000E95                     LCDDATA7        equ	3733	;# 
   272   000E96                     LCDDATA8        equ	3734	;# 
   273   000E97                     LCDDATA9        equ	3735	;# 
   274   000E98                     LCDDATA10       equ	3736	;# 
   275   000E99                     LCDDATA11       equ	3737	;# 
   276   000E9A                     LCDDATA12       equ	3738	;# 
   277   000E9B                     LCDDATA13       equ	3739	;# 
   278   000E9C                     LCDDATA14       equ	3740	;# 
   279   000E9D                     LCDDATA15       equ	3741	;# 
   280   000E9E                     LCDDATA16       equ	3742	;# 
   281   000E9F                     LCDDATA17       equ	3743	;# 
   282   000EA0                     LCDDATA18       equ	3744	;# 
   283   000EA1                     LCDDATA19       equ	3745	;# 
   284   000EA2                     LCDDATA20       equ	3746	;# 
   285   000EA3                     LCDDATA21       equ	3747	;# 
   286   000EA4                     LCDDATA22       equ	3748	;# 
   287   000EA5                     LCDDATA23       equ	3749	;# 
   288   000EA6                     LCDDATA24       equ	3750	;# 
   289   000EA7                     LCDDATA25       equ	3751	;# 
   290   000EA8                     LCDDATA26       equ	3752	;# 
   291   000EA9                     LCDDATA27       equ	3753	;# 
   292   000EAA                     LCDDATA28       equ	3754	;# 
   293   000EAB                     LCDDATA29       equ	3755	;# 
   294   000EAC                     LCDDATA30       equ	3756	;# 
   295   000EAD                     LCDDATA31       equ	3757	;# 
   296   000EAE                     LCDDATA32       equ	3758	;# 
   297   000EAF                     LCDDATA33       equ	3759	;# 
   298   000EB0                     LCDDATA34       equ	3760	;# 
   299   000EB1                     LCDDATA35       equ	3761	;# 
   300   000EB2                     LCDDATA36       equ	3762	;# 
   301   000EB3                     LCDDATA37       equ	3763	;# 
   302   000EB4                     LCDDATA38       equ	3764	;# 
   303   000EB5                     LCDDATA39       equ	3765	;# 
   304   000EB6                     LCDDATA40       equ	3766	;# 
   305   000EB7                     LCDDATA41       equ	3767	;# 
   306   000EB8                     LCDDATA42       equ	3768	;# 
   307   000EB9                     LCDDATA43       equ	3769	;# 
   308   000EBA                     LCDDATA44       equ	3770	;# 
   309   000EBB                     LCDDATA45       equ	3771	;# 
   310   000EBC                     LCDDATA46       equ	3772	;# 
   311   000EBD                     LCDDATA47       equ	3773	;# 
   312   000EBE                     LCDDATA48       equ	3774	;# 
   313   000EBF                     LCDDATA49       equ	3775	;# 
   314   000EC0                     LCDDATA50       equ	3776	;# 
   315   000EC1                     LCDDATA51       equ	3777	;# 
   316   000EC2                     LCDDATA52       equ	3778	;# 
   317   000EC3                     LCDDATA53       equ	3779	;# 
   318   000EC4                     LCDDATA54       equ	3780	;# 
   319   000EC5                     LCDDATA55       equ	3781	;# 
   320   000EC6                     LCDDATA56       equ	3782	;# 
   321   000EC7                     LCDDATA57       equ	3783	;# 
   322   000EC8                     LCDDATA58       equ	3784	;# 
   323   000EC9                     LCDDATA59       equ	3785	;# 
   324   000ECA                     LCDDATA60       equ	3786	;# 
   325   000ECB                     LCDDATA61       equ	3787	;# 
   326   000ECC                     LCDDATA62       equ	3788	;# 
   327   000ECD                     LCDDATA63       equ	3789	;# 
   328   000ECE                     LCDSE0          equ	3790	;# 
   329   000ECF                     LCDSE1          equ	3791	;# 
   330   000ED0                     LCDSE2          equ	3792	;# 
   331   000ED1                     LCDSE3          equ	3793	;# 
   332   000ED2                     LCDSE4          equ	3794	;# 
   333   000ED3                     LCDSE5          equ	3795	;# 
   334   000ED4                     LCDSE6          equ	3796	;# 
   335   000ED5                     LCDSE7          equ	3797	;# 
   336   000ED6                     LCDRL           equ	3798	;# 
   337   000ED7                     LCDREF          equ	3799	;# 
   338   000ED8                     LCDREG          equ	3800	;# 
   339   000ED9                     LCDCON          equ	3801	;# 
   340   000EDA                     LCDPS           equ	3802	;# 
   341   000EDB                     REFO2CON3       equ	3803	;# 
   342   000EDC                     REFO2CON2       equ	3804	;# 
   343   000EDD                     REFO2CON1       equ	3805	;# 
   344   000EDE                     REFO2CON        equ	3806	;# 
   345   000EDF                     REFO1CON3       equ	3807	;# 
   346   000EE0                     REFO1CON2       equ	3808	;# 
   347   000EE1                     REFO1CON1       equ	3809	;# 
   348   000EE2                     REFO1CON        equ	3810	;# 
   349   000EE3                     MEMCON          equ	3811	;# 
   350   000EE4                     PORTL           equ	3812	;# 
   351   000EE5                     LATL            equ	3813	;# 
   352   000EE6                     TRISL           equ	3814	;# 
   353   000EE7                     PORTK           equ	3815	;# 
   354   000EE8                     LATK            equ	3816	;# 
   355   000EE9                     TRISK           equ	3817	;# 
   356   000EEA                     ODCON2          equ	3818	;# 
   357   000EEB                     ODCON1          equ	3819	;# 
   358   000EEC                     MDCARL          equ	3820	;# 
   359   000EED                     MDCARH          equ	3821	;# 
   360   000EEE                     MDSRC           equ	3822	;# 
   361   000EEF                     MDCON           equ	3823	;# 
   362   000EF0                     PMD4            equ	3824	;# 
   363   000EF1                     PMD3            equ	3825	;# 
   364   000EF2                     PMD2            equ	3826	;# 
   365   000EF3                     PMD1            equ	3827	;# 
   366   000EF4                     PMD0            equ	3828	;# 
   367   000EF5                     CTMUCON4        equ	3829	;# 
   368   000EF6                     CTMUCON3        equ	3830	;# 
   369   000EF7                     CTMUCON2        equ	3831	;# 
   370   000EF8                     CTMUCON1        equ	3832	;# 
   371   000EF9                     TXREG4          equ	3833	;# 
   372   000EFA                     RCREG4          equ	3834	;# 
   373   000EFB                     SPBRG4          equ	3835	;# 
   374   000EFC                     SPBRGH4         equ	3836	;# 
   375   000EFD                     BAUDCON4        equ	3837	;# 
   376   000EFE                     TXSTA4          equ	3838	;# 
   377   000EFF                     RCSTA4          equ	3839	;# 
   378   000F00                     DMACON2         equ	3840	;# 
   379   000F01                     ANCFG           equ	3841	;# 
   380   000F02                     SSP2ADD         equ	3842	;# 
   381   000F03                     SSP2BUF         equ	3843	;# 
   382   000F04                     T4CON           equ	3844	;# 
   383   000F05                     PR4             equ	3845	;# 
   384   000F06                     TMR4            equ	3846	;# 
   385   000F07                     CCP7CON         equ	3847	;# 
   386   000F08                     CCPR7           equ	3848	;# 
   387   000F08                     CCPR7L          equ	3848	;# 
   388   000F09                     CCPR7H          equ	3849	;# 
   389   000F0A                     CCP6CON         equ	3850	;# 
   390   000F0B                     CCPR6           equ	3851	;# 
   391   000F0B                     CCPR6L          equ	3851	;# 
   392   000F0C                     CCPR6H          equ	3852	;# 
   393   000F0D                     CCP5CON         equ	3853	;# 
   394   000F0E                     CCPR5           equ	3854	;# 
   395   000F0E                     CCPR5L          equ	3854	;# 
   396   000F0F                     CCPR5H          equ	3855	;# 
   397   000F10                     CCP4CON         equ	3856	;# 
   398   000F11                     CCPR4           equ	3857	;# 
   399   000F11                     CCPR4L          equ	3857	;# 
   400   000F12                     CCPR4H          equ	3858	;# 
   401   000F13                     T5GCON          equ	3859	;# 
   402   000F14                     T5CON           equ	3860	;# 
   403   000F15                     TMR5            equ	3861	;# 
   404   000F15                     TMR5L           equ	3861	;# 
   405   000F16                     TMR5H           equ	3862	;# 
   406   000F17                     SSP2MSK         equ	3863	;# 
   407   000F18                     SSP2CON2        equ	3864	;# 
   408   000F19                     SSP2CON1        equ	3865	;# 
   409   000F1A                     SSP2STAT        equ	3866	;# 
   410   000F1B                     PSTR3CON        equ	3867	;# 
   411   000F1C                     PSTR2CON        equ	3868	;# 
   412   000F1D                     TXREG2          equ	3869	;# 
   413   000F1E                     RCREG2          equ	3870	;# 
   414   000F1F                     SPBRG2          equ	3871	;# 
   415   000F20                     SPBRGH2         equ	3872	;# 
   416   000F21                     DSGPR3          equ	3873	;# 
   417   000F22                     DSGPR2          equ	3874	;# 
   418   000F23                     DSGPR1          equ	3875	;# 
   419   000F24                     DSGPR0          equ	3876	;# 
   420   000F25                     DSWAKEH         equ	3877	;# 
   421   000F26                     DSWAKEL         equ	3878	;# 
   422   000F27                     DSCONH          equ	3879	;# 
   423   000F28                     DSCONL          equ	3880	;# 
   424   000F29                     TXREG3          equ	3881	;# 
   425   000F2A                     RCREG3          equ	3882	;# 
   426   000F2B                     SPBRG3          equ	3883	;# 
   427   000F2C                     SPBRGH3         equ	3884	;# 
   428   000F2D                     BAUDCON3        equ	3885	;# 
   429   000F2E                     TXSTA3          equ	3886	;# 
   430   000F2F                     RCSTA3          equ	3887	;# 
   431   000F30                     SPBRGH1         equ	3888	;# 
   432   000F30                     SPBRGH          equ	3888	;# 
   433   000F31                     BAUDCON2        equ	3889	;# 
   434   000F32                     TXSTA2          equ	3890	;# 
   435   000F33                     RCSTA2          equ	3891	;# 
   436   000F34                     CCPTMRS2        equ	3892	;# 
   437   000F35                     CCPTMRS1        equ	3893	;# 
   438   000F36                     CCPTMRS0        equ	3894	;# 
   439   000F37                     CM3CON          equ	3895	;# 
   440   000F38                     CM2CON          equ	3896	;# 
   441   000F39                     SSP2CON3        equ	3897	;# 
   442   000F3A                     T8CON           equ	3898	;# 
   443   000F3B                     PR8             equ	3899	;# 
   444   000F3C                     TMR8            equ	3900	;# 
   445   000F3D                     T6CON           equ	3901	;# 
   446   000F3E                     PR6             equ	3902	;# 
   447   000F3F                     TMR6            equ	3903	;# 
   448   000F40                     CCP10CON        equ	3904	;# 
   449   000F41                     CCPR10          equ	3905	;# 
   450   000F41                     CCPR10L         equ	3905	;# 
   451   000F42                     CCPR10H         equ	3906	;# 
   452   000F43                     CCP9CON         equ	3907	;# 
   453   000F44                     CCPR9           equ	3908	;# 
   454   000F44                     CCPR9L          equ	3908	;# 
   455   000F45                     CCPR9H          equ	3909	;# 
   456   000F46                     CCP8CON         equ	3910	;# 
   457   000F47                     CCPR8           equ	3911	;# 
   458   000F47                     CCPR8L          equ	3911	;# 
   459   000F48                     CCPR8H          equ	3912	;# 
   460   000F49                     CCP3CON         equ	3913	;# 
   461   000F4A                     CCPR3           equ	3914	;# 
   462   000F4A                     CCPR3L          equ	3914	;# 
   463   000F4B                     CCPR3H          equ	3915	;# 
   464   000F4C                     ECCP3DEL        equ	3916	;# 
   465   000F4D                     ECCP3AS         equ	3917	;# 
   466   000F4E                     CCP2CON         equ	3918	;# 
   467   000F4F                     CCPR2           equ	3919	;# 
   468   000F4F                     CCPR2L          equ	3919	;# 
   469   000F50                     CCPR2H          equ	3920	;# 
   470   000F51                     ECCP2DEL        equ	3921	;# 
   471   000F52                     ECCP2AS         equ	3922	;# 
   472   000F53                     CM1CON          equ	3923	;# 
   473   000F54                     PADCFG1         equ	3924	;# 
   474   000F55                     IOCN            equ	3925	;# 
   475   000F56                     IOCP            equ	3926	;# 
   476   000F57                     RTCCON2         equ	3927	;# 
   477   000F58                     ALRMVALL        equ	3928	;# 
   478   000F59                     ALRMVALH        equ	3929	;# 
   479   000F5A                     ALRMRPT         equ	3930	;# 
   480   000F5B                     ALRMCFG         equ	3931	;# 
   481   000F5C                     RTCVALL         equ	3932	;# 
   482   000F5D                     RTCVALH         equ	3933	;# 
   483   000F5E                     RTCCAL          equ	3934	;# 
   484   000F5F                     RTCCON1         equ	3935	;# 
   485   000F60                     DMACON1         equ	3936	;# 
   486   000F61                     PIE6            equ	3937	;# 
   487   000F62                     WPUB            equ	3938	;# 
   488   000F63                     ACTCON          equ	3939	;# 
   489   000F64                     OSCCON4         equ	3940	;# 
   490   000F65                     OSCCON3         equ	3941	;# 
   491   000F66                     OSCCON2         equ	3942	;# 
   492   000F67                     BAUDCON1        equ	3943	;# 
   493   000F67                     BAUDCON         equ	3943	;# 
   494   000F68                     SSP1MSK         equ	3944	;# 
   495   000F69                     SSP1CON3        equ	3945	;# 
   496   000F6A                     TXBUF           equ	3946	;# 
   497   000F6B                     DMABCH          equ	3947	;# 
   498   000F6C                     DMABCL          equ	3948	;# 
   499   000F6D                     RXADDRH         equ	3949	;# 
   500   000F6E                     RXADDRL         equ	3950	;# 
   501   000F6F                     TXADDRH         equ	3951	;# 
   502   000F70                     TXADDRL         equ	3952	;# 
   503   000F71                     PORTVP          equ	3953	;# 
   504   000F72                     LATVP           equ	3954	;# 
   505   000F73                     TRISVP          equ	3955	;# 
   506   000F74                     UADDR           equ	3956	;# 
   507   000F75                     UCON            equ	3957	;# 
   508   000F76                     USTAT           equ	3958	;# 
   509   000F77                     UEIR            equ	3959	;# 
   510   000F78                     UIR             equ	3960	;# 
   511   000F79                     UFRM            equ	3961	;# 
   512   000F79                     UFRMH           equ	3961	;# 
   513   000F7A                     UFRML           equ	3962	;# 
   514   000F7B                     RCON4           equ	3963	;# 
   515   000F7C                     RCON3           equ	3964	;# 
   516   000F7D                     RCON2           equ	3965	;# 
   517   000F7E                     EECON2          equ	3966	;# 
   518   000F7F                     EECON1          equ	3967	;# 
   519   000F80                     PORTA           equ	3968	;# 
   520   000F81                     PORTB           equ	3969	;# 
   521   000F82                     PORTC           equ	3970	;# 
   522   000F83                     PORTD           equ	3971	;# 
   523   000F84                     PORTE           equ	3972	;# 
   524   000F85                     PORTF           equ	3973	;# 
   525   000F86                     PORTG           equ	3974	;# 
   526   000F87                     PORTH           equ	3975	;# 
   527   000F88                     PORTJ           equ	3976	;# 
   528   000F89                     LATA            equ	3977	;# 
   529   000F8A                     LATB            equ	3978	;# 
   530   000F8B                     LATC            equ	3979	;# 
   531   000F8C                     LATD            equ	3980	;# 
   532   000F8D                     LATE            equ	3981	;# 
   533   000F8E                     LATF            equ	3982	;# 
   534   000F8F                     LATG            equ	3983	;# 
   535   000F90                     LATH            equ	3984	;# 
   536   000F91                     LATJ            equ	3985	;# 
   537   000F92                     TRISA           equ	3986	;# 
   538   000F93                     TRISB           equ	3987	;# 
   539   000F94                     TRISC           equ	3988	;# 
   540   000F95                     TRISD           equ	3989	;# 
   541   000F96                     TRISE           equ	3990	;# 
   542   000F97                     TRISF           equ	3991	;# 
   543   000F98                     TRISG           equ	3992	;# 
   544   000F99                     TRISH           equ	3993	;# 
   545   000F9A                     TRISJ           equ	3994	;# 
   546   000F9B                     OSCTUNE         equ	3995	;# 
   547   000F9C                     PSTR1CON        equ	3996	;# 
   548   000F9D                     PIE1            equ	3997	;# 
   549   000F9E                     PIR1            equ	3998	;# 
   550   000F9F                     IPR1            equ	3999	;# 
   551   000FA0                     PIE2            equ	4000	;# 
   552   000FA1                     PIR2            equ	4001	;# 
   553   000FA2                     IPR2            equ	4002	;# 
   554   000FA3                     PIE3            equ	4003	;# 
   555   000FA4                     PIR3            equ	4004	;# 
   556   000FA5                     IPR3            equ	4005	;# 
   557   000FA6                     PIR6            equ	4006	;# 
   558   000FA7                     PSPCON          equ	4007	;# 
   559   000FA8                     HLVDCON         equ	4008	;# 
   560   000FA9                     IPR6            equ	4009	;# 
   561   000FAA                     T1GCON          equ	4010	;# 
   562   000FAB                     RCSTA1          equ	4011	;# 
   563   000FAB                     RCSTA           equ	4011	;# 
   564   000FAC                     TXSTA1          equ	4012	;# 
   565   000FAC                     TXSTA           equ	4012	;# 
   566   000FAD                     TXREG1          equ	4013	;# 
   567   000FAD                     TXREG           equ	4013	;# 
   568   000FAE                     RCREG1          equ	4014	;# 
   569   000FAE                     RCREG           equ	4014	;# 
   570   000FAF                     SPBRG1          equ	4015	;# 
   571   000FAF                     SPBRG           equ	4015	;# 
   572   000FB0                     T3GCON          equ	4016	;# 
   573   000FB1                     T3CON           equ	4017	;# 
   574   000FB2                     TMR3            equ	4018	;# 
   575   000FB2                     TMR3L           equ	4018	;# 
   576   000FB3                     TMR3H           equ	4019	;# 
   577   000FB4                     PIE4            equ	4020	;# 
   578   000FB5                     PIR4            equ	4021	;# 
   579   000FB6                     IPR4            equ	4022	;# 
   580   000FB7                     PIE5            equ	4023	;# 
   581   000FB8                     PIR5            equ	4024	;# 
   582   000FB9                     CCP1CON         equ	4025	;# 
   583   000FBA                     CCPR1           equ	4026	;# 
   584   000FBA                     CCPR1L          equ	4026	;# 
   585   000FBB                     CCPR1H          equ	4027	;# 
   586   000FBC                     ECCP1DEL        equ	4028	;# 
   587   000FBD                     ECCP1AS         equ	4029	;# 
   588   000FBE                     CVRCONL         equ	4030	;# 
   589   000FBF                     CVRCONH         equ	4031	;# 
   590   000FC0                     ADCON1L         equ	4032	;# 
   591   000FC1                     ADCON1H         equ	4033	;# 
   592   000FC2                     ADCBUF0         equ	4034	;# 
   593   000FC2                     ADCBUF0L        equ	4034	;# 
   594   000FC3                     ADCBUF0H        equ	4035	;# 
   595   000FC4                     CMSTAT          equ	4036	;# 
   596   000FC5                     SSP1CON2        equ	4037	;# 
   597   000FC6                     SSP1CON1        equ	4038	;# 
   598   000FC7                     SSP1STAT        equ	4039	;# 
   599   000FC8                     SSP1ADD         equ	4040	;# 
   600   000FC9                     SSP1BUF         equ	4041	;# 
   601   000FCA                     T2CON           equ	4042	;# 
   602   000FCB                     PR2             equ	4043	;# 
   603   000FCC                     TMR2            equ	4044	;# 
   604   000FCD                     T1CON           equ	4045	;# 
   605   000FCE                     TMR1            equ	4046	;# 
   606   000FCE                     TMR1L           equ	4046	;# 
   607   000FCF                     TMR1H           equ	4047	;# 
   608   000FD0                     RCON            equ	4048	;# 
   609   000FD1                     IOCF            equ	4049	;# 
   610   000FD2                     IPR5            equ	4050	;# 
   611   000FD3                     OSCCON          equ	4051	;# 
   612   000FD5                     T0CON           equ	4053	;# 
   613   000FD6                     TMR0            equ	4054	;# 
   614   000FD6                     TMR0L           equ	4054	;# 
   615   000FD7                     TMR0H           equ	4055	;# 
   616   000FD8                     STATUS          equ	4056	;# 
   617   000FD9                     FSR2            equ	4057	;# 
   618   000FD9                     FSR2L           equ	4057	;# 
   619   000FDA                     FSR2H           equ	4058	;# 
   620   000FDB                     PLUSW2          equ	4059	;# 
   621   000FDC                     PREINC2         equ	4060	;# 
   622   000FDD                     POSTDEC2        equ	4061	;# 
   623   000FDE                     POSTINC2        equ	4062	;# 
   624   000FDF                     INDF2           equ	4063	;# 
   625   000FE0                     BSR             equ	4064	;# 
   626   000FE1                     FSR1            equ	4065	;# 
   627   000FE1                     FSR1L           equ	4065	;# 
   628   000FE2                     FSR1H           equ	4066	;# 
   629   000FE3                     PLUSW1          equ	4067	;# 
   630   000FE4                     PREINC1         equ	4068	;# 
   631   000FE5                     POSTDEC1        equ	4069	;# 
   632   000FE6                     POSTINC1        equ	4070	;# 
   633   000FE7                     INDF1           equ	4071	;# 
   634   000FE8                     WREG            equ	4072	;# 
   635   000FE9                     FSR0            equ	4073	;# 
   636   000FE9                     FSR0L           equ	4073	;# 
   637   000FEA                     FSR0H           equ	4074	;# 
   638   000FEB                     PLUSW0          equ	4075	;# 
   639   000FEC                     PREINC0         equ	4076	;# 
   640   000FED                     POSTDEC0        equ	4077	;# 
   641   000FEE                     POSTINC0        equ	4078	;# 
   642   000FEF                     INDF0           equ	4079	;# 
   643   000FF0                     INTCON3         equ	4080	;# 
   644   000FF1                     INTCON2         equ	4081	;# 
   645   000FF2                     INTCON          equ	4082	;# 
   646   000FF3                     PROD            equ	4083	;# 
   647   000FF3                     PRODL           equ	4083	;# 
   648   000FF4                     PRODH           equ	4084	;# 
   649   000FF5                     TABLAT          equ	4085	;# 
   650   000FF6                     TBLPTR          equ	4086	;# 
   651   000FF6                     TBLPTRL         equ	4086	;# 
   652   000FF7                     TBLPTRH         equ	4087	;# 
   653   000FF8                     TBLPTRU         equ	4088	;# 
   654   000FF9                     PCLAT           equ	4089	;# 
   655   000FF9                     PC              equ	4089	;# 
   656   000FF9                     PCL             equ	4089	;# 
   657   000FFA                     PCLATH          equ	4090	;# 
   658   000FFB                     PCLATU          equ	4091	;# 
   659   000FFC                     STKPTR          equ	4092	;# 
   660   000FFD                     TOS             equ	4093	;# 
   661   000FFD                     TOSL            equ	4093	;# 
   662   000FFE                     TOSH            equ	4094	;# 
   663   000FFF                     TOSU            equ	4095	;# 
   664   000E87                     _ADCHS0Hbits    set	3719
   665   000E8A                     _ADCON3L        set	3722
   666   000E8B                     _ADCON3Hbits    set	3723
   667   000E8D                     _ADCON2Hbits    set	3725
   668   000E47                     _ANCON1bits     set	3655
   669   000FC2                     _ADCBUF0        set	4034
   670   000FC0                     _ADCON1Lbits    set	4032
   671   000FC1                     _ADCON1Hbits    set	4033
   672   000F92                     _TRISAbits      set	3986
   673                           
   674                           ; #config settings
   675                           
   676                           	psect	cinit
   677   001F60                     __pcinit:
   678                           	callstack 0
   679   001F60                     start_initialization:
   680                           	callstack 0
   681   001F60                     __initialization:
   682                           	callstack 0
   683                           
   684                           ; Clear objects allocated to COMRAM (10 bytes)
   685   001F60  EE00  F045         	lfsr	0,__pbssCOMRAM
   686   001F64  0E0A               	movlw	10
   687   001F66                     clear_0:
   688   001F66  6AEE               	clrf	postinc0,c
   689   001F68  06E8               	decf	wreg,f,c
   690   001F6A  E1FD               	bnz	clear_0
   691   001F6C                     end_of_initialization:
   692                           	callstack 0
   693   001F6C                     __end_of__initialization:
   694                           	callstack 0
   695   001F6C  0100               	movlb	0
   696   001F6E  EF79  F00F         	goto	_main	;jump to C main() function
   697                           
   698                           	psect	bssCOMRAM
   699   000045                     __pbssCOMRAM:
   700                           	callstack 0
   701   000045                     _current_mA:
   702                           	callstack 0
   703   000045                     	ds	4
   704   000049                     _vout_mV:
   705                           	callstack 0
   706   000049                     	ds	4
   707   00004D                     _adc_value:
   708                           	callstack 0
   709   00004D                     	ds	2
   710                           
   711                           	psect	cstackCOMRAM
   712   000001                     __pcstackCOMRAM:
   713                           	callstack 0
   714   000001                     ?_ADC_Read:
   715                           	callstack 0
   716   000001                     ?___fladd:
   717                           	callstack 0
   718   000001                     ?___xxtofl:
   719                           	callstack 0
   720   000001                     ___fladd@b:
   721                           	callstack 0
   722   000001                     ___xxtofl@val:
   723                           	callstack 0
   724   000001                     
   725                           ; 1 bytes @ 0x0
   726   000001                     	ds	2
   727   000003                     
   728                           ; 1 bytes @ 0x2
   729   000003                     	ds	2
   730   000005                     ___fladd@a:
   731                           	callstack 0
   732   000005                     ??___xxtofl:
   733                           
   734                           ; 1 bytes @ 0x4
   735   000005                     	ds	4
   736   000009                     ___xxtofl@sign:
   737                           	callstack 0
   738   000009                     ??___fladd:
   739                           
   740                           ; 1 bytes @ 0x8
   741   000009                     	ds	1
   742   00000A                     ___xxtofl@exp:
   743                           	callstack 0
   744                           
   745                           ; 1 bytes @ 0x9
   746   00000A                     	ds	1
   747   00000B                     ___xxtofl@arg:
   748                           	callstack 0
   749                           
   750                           ; 4 bytes @ 0xA
   751   00000B                     	ds	2
   752   00000D                     ___fladd@signs:
   753                           	callstack 0
   754                           
   755                           ; 1 bytes @ 0xC
   756   00000D                     	ds	1
   757   00000E                     ___fladd@aexp:
   758                           	callstack 0
   759                           
   760                           ; 1 bytes @ 0xD
   761   00000E                     	ds	1
   762   00000F                     ___fladd@bexp:
   763                           	callstack 0
   764                           
   765                           ; 1 bytes @ 0xE
   766   00000F                     	ds	1
   767   000010                     ___fladd@grs:
   768                           	callstack 0
   769                           
   770                           ; 1 bytes @ 0xF
   771   000010                     	ds	1
   772   000011                     ?___fldiv:
   773                           	callstack 0
   774   000011                     ___fldiv@b:
   775                           	callstack 0
   776                           
   777                           ; 4 bytes @ 0x10
   778   000011                     	ds	4
   779   000015                     ___fldiv@a:
   780                           	callstack 0
   781                           
   782                           ; 4 bytes @ 0x14
   783   000015                     	ds	4
   784   000019                     ??___fldiv:
   785                           
   786                           ; 1 bytes @ 0x18
   787   000019                     	ds	4
   788   00001D                     ___fldiv@rem:
   789                           	callstack 0
   790                           
   791                           ; 4 bytes @ 0x1C
   792   00001D                     	ds	4
   793   000021                     ___fldiv@sign:
   794                           	callstack 0
   795                           
   796                           ; 1 bytes @ 0x20
   797   000021                     	ds	1
   798   000022                     ___fldiv@new_exp:
   799                           	callstack 0
   800                           
   801                           ; 2 bytes @ 0x21
   802   000022                     	ds	2
   803   000024                     ___fldiv@grs:
   804                           	callstack 0
   805                           
   806                           ; 4 bytes @ 0x23
   807   000024                     	ds	4
   808   000028                     ___fldiv@bexp:
   809                           	callstack 0
   810                           
   811                           ; 1 bytes @ 0x27
   812   000028                     	ds	1
   813   000029                     ___fldiv@aexp:
   814                           	callstack 0
   815                           
   816                           ; 1 bytes @ 0x28
   817   000029                     	ds	1
   818   00002A                     ?___flmul:
   819                           	callstack 0
   820   00002A                     ___flmul@b:
   821                           	callstack 0
   822                           
   823                           ; 4 bytes @ 0x29
   824   00002A                     	ds	4
   825   00002E                     ___flmul@a:
   826                           	callstack 0
   827                           
   828                           ; 4 bytes @ 0x2D
   829   00002E                     	ds	4
   830   000032                     ??___flmul:
   831                           
   832                           ; 1 bytes @ 0x31
   833   000032                     	ds	4
   834   000036                     ___flmul@sign:
   835                           	callstack 0
   836                           
   837                           ; 1 bytes @ 0x35
   838   000036                     	ds	1
   839   000037                     ___flmul@grs:
   840                           	callstack 0
   841                           
   842                           ; 4 bytes @ 0x36
   843   000037                     	ds	4
   844   00003B                     ___flmul@aexp:
   845                           	callstack 0
   846                           
   847                           ; 1 bytes @ 0x3A
   848   00003B                     	ds	1
   849   00003C                     ___flmul@bexp:
   850                           	callstack 0
   851                           
   852                           ; 1 bytes @ 0x3B
   853   00003C                     	ds	1
   854   00003D                     ___flmul@prod:
   855                           	callstack 0
   856                           
   857                           ; 4 bytes @ 0x3C
   858   00003D                     	ds	4
   859   000041                     ___flmul@temp:
   860                           	callstack 0
   861                           
   862                           ; 2 bytes @ 0x40
   863   000041                     	ds	2
   864   000043                     ??_main:
   865                           
   866                           ; 1 bytes @ 0x42
   867   000043                     	ds	2
   868                           
   869 ;;
   870 ;;Main: autosize = 0, tempsize = 2, incstack = 0, save=0
   871 ;;
   872 ;; *************** function _main *****************
   873 ;; Defined at:
   874 ;;		line 189 in file "crrentsensor.c"
   875 ;; Parameters:    Size  Location     Type
   876 ;;		None
   877 ;; Auto vars:     Size  Location     Type
   878 ;;		None
   879 ;; Return value:  Size  Location     Type
   880 ;;                  2   42[None  ] int 
   881 ;; Registers used:
   882 ;;		wreg, status,2, status,0, prodl, prodh, cstack
   883 ;; Tracked objects:
   884 ;;		On entry : 0/0
   885 ;;		On exit  : 0/0
   886 ;;		Unchanged: 0/0
   887 ;; Data sizes:     COMRAM   BANK0   BANK1   BANK2   BANK3   BANK4   BANK5   BANK6   BANK7   BANK8   BANK9  BANK10  BANK1
      +1  BANK12  BANK13
   888 ;;      Params:         0       0       0       0       0       0       0       0       0       0       0       0       
      +0       0       0
   889 ;;      Locals:         0       0       0       0       0       0       0       0       0       0       0       0       
      +0       0       0
   890 ;;      Temps:          2       0       0       0       0       0       0       0       0       0       0       0       
      +0       0       0
   891 ;;      Totals:         2       0       0       0       0       0       0       0       0       0       0       0       
      +0       0       0
   892 ;;Total ram usage:        2 bytes
   893 ;; Hardware stack levels required when called: 2
   894 ;; This function calls:
   895 ;;		_ADC_Init
   896 ;;		_measure_once
   897 ;; This function is called by:
   898 ;;		Startup code after reset
   899 ;; This function uses a non-reentrant model
   900 ;;
   901                           
   902                           	psect	text0
   903   001EF2                     __ptext0:
   904                           	callstack 0
   905   001EF2                     _main:
   906                           	callstack 29
   907   001EF2                     
   908                           ;crrentsensor.c: 190:     ADC_Init();
   909   001EF2  EC9F  F00F         	call	_ADC_Init	;wreg free
   910   001EF6                     l1770:
   911                           
   912                           ;crrentsensor.c: 192:         measure_once();
   913   001EF6  EC11  F00F         	call	_measure_once	;wreg free
   914   001EFA                     
   915                           ;crrentsensor.c: 193:         _delay((unsigned long)((200)*(16000000UL/4000.0)));
   916   001EFA  0E05               	movlw	5
   917   001EFC  6E44               	movwf	(??_main+1)^0,c
   918   001EFE  0E0F               	movlw	15
   919   001F00  6E43               	movwf	??_main^0,c
   920   001F02  0EF1               	movlw	241
   921   001F04                     u1857:
   922   001F04  2EE8               	decfsz	wreg,f,c
   923   001F06  D7FE               	bra	u1857
   924   001F08  2E43               	decfsz	??_main^0,f,c
   925   001F0A  D7FC               	bra	u1857
   926   001F0C  2E44               	decfsz	(??_main+1)^0,f,c
   927   001F0E  D7FA               	bra	u1857
   928   001F10  0000               	nop	
   929   001F12  EF7B  F00F         	goto	l1770
   930   001F16  EFF6  F0FF         	goto	start
   931   001F1A                     __end_of_main:
   932                           	callstack 0
   933                           
   934 ;; *************** function _measure_once *****************
   935 ;; Defined at:
   936 ;;		line 181 in file "crrentsensor.c"
   937 ;; Parameters:    Size  Location     Type
   938 ;;		None
   939 ;; Auto vars:     Size  Location     Type
   940 ;;		None
   941 ;; Return value:  Size  Location     Type
   942 ;;                  1    wreg      void 
   943 ;; Registers used:
   944 ;;		wreg, status,2, status,0, prodl, prodh, cstack
   945 ;; Tracked objects:
   946 ;;		On entry : 0/0
   947 ;;		On exit  : 0/0
   948 ;;		Unchanged: 0/0
   949 ;; Data sizes:     COMRAM   BANK0   BANK1   BANK2   BANK3   BANK4   BANK5   BANK6   BANK7   BANK8   BANK9  BANK10  BANK1
      +1  BANK12  BANK13
   950 ;;      Params:         0       0       0       0       0       0       0       0       0       0       0       0       
      +0       0       0
   951 ;;      Locals:         0       0       0       0       0       0       0       0       0       0       0       0       
      +0       0       0
   952 ;;      Temps:          0       0       0       0       0       0       0       0       0       0       0       0       
      +0       0       0
   953 ;;      Totals:         0       0       0       0       0       0       0       0       0       0       0       0       
      +0       0       0
   954 ;;Total ram usage:        0 bytes
   955 ;; Hardware stack levels used: 1
   956 ;; Hardware stack levels required when called: 1
   957 ;; This function calls:
   958 ;;		_ADC_Read
   959 ;;		___fladd
   960 ;;		___fldiv
   961 ;;		___flmul
   962 ;;		___xxtofl
   963 ;; This function is called by:
   964 ;;		_main
   965 ;; This function uses a non-reentrant model
   966 ;;
   967                           
   968                           	psect	text1
   969   001E22                     __ptext1:
   970                           	callstack 0
   971   001E22                     _measure_once:
   972                           	callstack 29
   973   001E22                     
   974                           ;crrentsensor.c: 182:     adc_value = ADC_Read();
   975   001E22  EC8D  F00F         	call	_ADC_Read	;wreg free
   976   001E26  C001  F04D         	movff	?_ADC_Read,_adc_value	;volatile
   977   001E2A  C002  F04E         	movff	?_ADC_Read+1,_adc_value+1	;volatile
   978   001E2E                     
   979                           ;crrentsensor.c: 183:     vout_mV = ((float)adc_value / 1023.0f) * 3300.0f;
   980   001E2E  0E00               	movlw	0
   981   001E30  6E15               	movwf	___fldiv@a^0,c
   982   001E32  0EC0               	movlw	192
   983   001E34  6E16               	movwf	(___fldiv@a+1)^0,c
   984   001E36  0E7F               	movlw	127
   985   001E38  6E17               	movwf	(___fldiv@a+2)^0,c
   986   001E3A  0E44               	movlw	68
   987   001E3C  6E18               	movwf	(___fldiv@a+3)^0,c
   988   001E3E  C04D  F001         	movff	_adc_value,___xxtofl@val	;volatile
   989   001E42  C04E  F002         	movff	_adc_value+1,___xxtofl@val+1	;volatile
   990   001E46  6A03               	clrf	(___xxtofl@val+2)^0,c
   991   001E48  6A04               	clrf	(___xxtofl@val+3)^0,c
   992   001E4A  0E00               	movlw	0
   993   001E4C  EC37  F00E         	call	___xxtofl
   994   001E50  C001  F011         	movff	?___xxtofl,___fldiv@b
   995   001E54  C002  F012         	movff	?___xxtofl+1,___fldiv@b+1
   996   001E58  C003  F013         	movff	?___xxtofl+2,___fldiv@b+2
   997   001E5C  C004  F014         	movff	?___xxtofl+3,___fldiv@b+3
   998   001E60  EC6F  F00C         	call	___fldiv	;wreg free
   999   001E64  C011  F02A         	movff	?___fldiv,___flmul@b
  1000   001E68  C012  F02B         	movff	?___fldiv+1,___flmul@b+1
  1001   001E6C  C013  F02C         	movff	?___fldiv+2,___flmul@b+2
  1002   001E70  C014  F02D         	movff	?___fldiv+3,___flmul@b+3
  1003   001E74  0E00               	movlw	0
  1004   001E76  6E2E               	movwf	___flmul@a^0,c
  1005   001E78  0E40               	movlw	64
  1006   001E7A  6E2F               	movwf	(___flmul@a+1)^0,c
  1007   001E7C  0E4E               	movlw	78
  1008   001E7E  6E30               	movwf	(___flmul@a+2)^0,c
  1009   001E80  0E45               	movlw	69
  1010   001E82  6E31               	movwf	(___flmul@a+3)^0,c
  1011   001E84  EC5C  F00A         	call	___flmul	;wreg free
  1012   001E88  C02A  F049         	movff	?___flmul,_vout_mV	;volatile
  1013   001E8C  C02B  F04A         	movff	?___flmul+1,_vout_mV+1	;volatile
  1014   001E90  C02C  F04B         	movff	?___flmul+2,_vout_mV+2	;volatile
  1015   001E94  C02D  F04C         	movff	?___flmul+3,_vout_mV+3	;volatile
  1016   001E98                     
  1017                           ;crrentsensor.c: 185:     current_mA = ((vout_mV - 1070.97f) / (20.0f * 0.1f));
  1018   001E98  0E0A               	movlw	10
  1019   001E9A  6E05               	movwf	___fladd@a^0,c
  1020   001E9C  0EDF               	movlw	223
  1021   001E9E  6E06               	movwf	(___fladd@a+1)^0,c
  1022   001EA0  0E85               	movlw	133
  1023   001EA2  6E07               	movwf	(___fladd@a+2)^0,c
  1024   001EA4  0EC4               	movlw	196
  1025   001EA6  6E08               	movwf	(___fladd@a+3)^0,c
  1026   001EA8  C049  F001         	movff	_vout_mV,___fladd@b	;volatile
  1027   001EAC  C04A  F002         	movff	_vout_mV+1,___fladd@b+1	;volatile
  1028   001EB0  C04B  F003         	movff	_vout_mV+2,___fladd@b+2	;volatile
  1029   001EB4  C04C  F004         	movff	_vout_mV+3,___fladd@b+3	;volatile
  1030   001EB8  EC01  F008         	call	___fladd	;wreg free
  1031   001EBC  C001  F011         	movff	?___fladd,___fldiv@b
  1032   001EC0  C002  F012         	movff	?___fladd+1,___fldiv@b+1
  1033   001EC4  C003  F013         	movff	?___fladd+2,___fldiv@b+2
  1034   001EC8  C004  F014         	movff	?___fladd+3,___fldiv@b+3
  1035   001ECC  0E00               	movlw	0
  1036   001ECE  6E15               	movwf	___fldiv@a^0,c
  1037   001ED0  0E00               	movlw	0
  1038   001ED2  6E16               	movwf	(___fldiv@a+1)^0,c
  1039   001ED4  0E00               	movlw	0
  1040   001ED6  6E17               	movwf	(___fldiv@a+2)^0,c
  1041   001ED8  0E40               	movlw	64
  1042   001EDA  6E18               	movwf	(___fldiv@a+3)^0,c
  1043   001EDC  EC6F  F00C         	call	___fldiv	;wreg free
  1044   001EE0  C011  F045         	movff	?___fldiv,_current_mA	;volatile
  1045   001EE4  C012  F046         	movff	?___fldiv+1,_current_mA+1	;volatile
  1046   001EE8  C013  F047         	movff	?___fldiv+2,_current_mA+2	;volatile
  1047   001EEC  C014  F048         	movff	?___fldiv+3,_current_mA+3	;volatile
  1048   001EF0  0012               	return		;funcret
  1049   001EF2                     __end_of_measure_once:
  1050                           	callstack 0
  1051                           
  1052 ;; *************** function ___xxtofl *****************
  1053 ;; Defined at:
  1054 ;;		line 10 in file "C:\Program Files\Microchip\xc8\v3.00\pic\sources\c99\common\xxtofl.c"
  1055 ;; Parameters:    Size  Location     Type
  1056 ;;  sign            1    wreg     unsigned char 
  1057 ;;  val             4    0[COMRAM] long 
  1058 ;; Auto vars:     Size  Location     Type
  1059 ;;  sign            1    8[COMRAM] unsigned char 
  1060 ;;  arg             4   10[COMRAM] unsigned long 
  1061 ;;  exp             1    9[COMRAM] unsigned char 
  1062 ;; Return value:  Size  Location     Type
  1063 ;;                  4    0[COMRAM] unsigned char 
  1064 ;; Registers used:
  1065 ;;		wreg, status,2, status,0
  1066 ;; Tracked objects:
  1067 ;;		On entry : 0/0
  1068 ;;		On exit  : 0/0
  1069 ;;		Unchanged: 0/0
  1070 ;; Data sizes:     COMRAM   BANK0   BANK1   BANK2   BANK3   BANK4   BANK5   BANK6   BANK7   BANK8   BANK9  BANK10  BANK1
      +1  BANK12  BANK13
  1071 ;;      Params:         4       0       0       0       0       0       0       0       0       0       0       0       
      +0       0       0
  1072 ;;      Locals:         6       0       0       0       0       0       0       0       0       0       0       0       
      +0       0       0
  1073 ;;      Temps:          4       0       0       0       0       0       0       0       0       0       0       0       
      +0       0       0
  1074 ;;      Totals:        14       0       0       0       0       0       0       0       0       0       0       0       
      +0       0       0
  1075 ;;Total ram usage:       14 bytes
  1076 ;; Hardware stack levels used: 1
  1077 ;; This function calls:
  1078 ;;		Nothing
  1079 ;; This function is called by:
  1080 ;;		_measure_once
  1081 ;; This function uses a non-reentrant model
  1082 ;;
  1083                           
  1084                           	psect	text2
  1085   001C6E                     __ptext2:
  1086                           	callstack 0
  1087   001C6E                     ___xxtofl:
  1088                           	callstack 29
  1089                           
  1090                           ;incstack = 0
  1091                           ;___xxtofl@sign stored from wreg
  1092   001C6E  6E09               	movwf	___xxtofl@sign^0,c
  1093   001C70  5009               	movf	___xxtofl@sign^0,w,c
  1094   001C72  B4D8               	btfsc	status,2,c
  1095   001C74  EF3E  F00E         	goto	u1751
  1096   001C78  EF40  F00E         	goto	u1750
  1097   001C7C                     u1751:
  1098   001C7C  EF62  F00E         	goto	l704
  1099   001C80                     u1750:
  1100   001C80  BE04               	btfsc	(___xxtofl@val+3)^0,7,c
  1101   001C82  EF47  F00E         	goto	u1760
  1102   001C86  EF45  F00E         	goto	u1761
  1103   001C8A                     u1761:
  1104   001C8A  EF62  F00E         	goto	l704
  1105   001C8E                     u1760:
  1106   001C8E  C001  F005         	movff	___xxtofl@val,??___xxtofl
  1107   001C92  C002  F006         	movff	___xxtofl@val+1,??___xxtofl+1
  1108   001C96  C003  F007         	movff	___xxtofl@val+2,??___xxtofl+2
  1109   001C9A  C004  F008         	movff	___xxtofl@val+3,??___xxtofl+3
  1110   001C9E  1E05               	comf	??___xxtofl^0,f,c
  1111   001CA0  1E06               	comf	(??___xxtofl+1)^0,f,c
  1112   001CA2  1E07               	comf	(??___xxtofl+2)^0,f,c
  1113   001CA4  1E08               	comf	(??___xxtofl+3)^0,f,c
  1114   001CA6  2A05               	incf	??___xxtofl^0,f,c
  1115   001CA8  0E00               	movlw	0
  1116   001CAA  2206               	addwfc	(??___xxtofl+1)^0,f,c
  1117   001CAC  2207               	addwfc	(??___xxtofl+2)^0,f,c
  1118   001CAE  2208               	addwfc	(??___xxtofl+3)^0,f,c
  1119   001CB0  C005  F00B         	movff	??___xxtofl,___xxtofl@arg
  1120   001CB4  C006  F00C         	movff	??___xxtofl+1,___xxtofl@arg+1
  1121   001CB8  C007  F00D         	movff	??___xxtofl+2,___xxtofl@arg+2
  1122   001CBC  C008  F00E         	movff	??___xxtofl+3,___xxtofl@arg+3
  1123   001CC0  EF6A  F00E         	goto	l1722
  1124   001CC4                     l704:
  1125   001CC4  C001  F00B         	movff	___xxtofl@val,___xxtofl@arg
  1126   001CC8  C002  F00C         	movff	___xxtofl@val+1,___xxtofl@arg+1
  1127   001CCC  C003  F00D         	movff	___xxtofl@val+2,___xxtofl@arg+2
  1128   001CD0  C004  F00E         	movff	___xxtofl@val+3,___xxtofl@arg+3
  1129   001CD4                     l1722:
  1130   001CD4  5001               	movf	___xxtofl@val^0,w,c
  1131   001CD6  1002               	iorwf	(___xxtofl@val+1)^0,w,c
  1132   001CD8  1003               	iorwf	(___xxtofl@val+2)^0,w,c
  1133   001CDA  1004               	iorwf	(___xxtofl@val+3)^0,w,c
  1134   001CDC  A4D8               	btfss	status,2,c
  1135   001CDE  EF73  F00E         	goto	u1771
  1136   001CE2  EF75  F00E         	goto	u1770
  1137   001CE6                     u1771:
  1138   001CE6  EF7F  F00E         	goto	l1728
  1139   001CEA                     u1770:
  1140   001CEA  0E00               	movlw	0
  1141   001CEC  6E01               	movwf	?___xxtofl^0,c
  1142   001CEE  0E00               	movlw	0
  1143   001CF0  6E02               	movwf	(?___xxtofl+1)^0,c
  1144   001CF2  0E00               	movlw	0
  1145   001CF4  6E03               	movwf	(?___xxtofl+2)^0,c
  1146   001CF6  0E00               	movlw	0
  1147   001CF8  6E04               	movwf	(?___xxtofl+3)^0,c
  1148   001CFA  EF10  F00F         	goto	l707
  1149   001CFE                     l1728:
  1150   001CFE  0E96               	movlw	150
  1151   001D00  6E0A               	movwf	___xxtofl@exp^0,c
  1152   001D02  EF89  F00E         	goto	l1732
  1153   001D06                     l1730:
  1154   001D06  2A0A               	incf	___xxtofl@exp^0,f,c
  1155   001D08  90D8               	bcf	status,0,c
  1156   001D0A  320E               	rrcf	(___xxtofl@arg+3)^0,f,c
  1157   001D0C  320D               	rrcf	(___xxtofl@arg+2)^0,f,c
  1158   001D0E  320C               	rrcf	(___xxtofl@arg+1)^0,f,c
  1159   001D10  320B               	rrcf	___xxtofl@arg^0,f,c
  1160   001D12                     l1732:
  1161   001D12  0E00               	movlw	0
  1162   001D14  140B               	andwf	___xxtofl@arg^0,w,c
  1163   001D16  6E05               	movwf	??___xxtofl^0,c
  1164   001D18  0E00               	movlw	0
  1165   001D1A  140C               	andwf	(___xxtofl@arg+1)^0,w,c
  1166   001D1C  6E06               	movwf	(??___xxtofl+1)^0,c
  1167   001D1E  0E00               	movlw	0
  1168   001D20  140D               	andwf	(___xxtofl@arg+2)^0,w,c
  1169   001D22  6E07               	movwf	(??___xxtofl+2)^0,c
  1170   001D24  0EFE               	movlw	254
  1171   001D26  140E               	andwf	(___xxtofl@arg+3)^0,w,c
  1172   001D28  6E08               	movwf	(??___xxtofl+3)^0,c
  1173   001D2A  5005               	movf	??___xxtofl^0,w,c
  1174   001D2C  1006               	iorwf	(??___xxtofl+1)^0,w,c
  1175   001D2E  1007               	iorwf	(??___xxtofl+2)^0,w,c
  1176   001D30  1008               	iorwf	(??___xxtofl+3)^0,w,c
  1177   001D32  A4D8               	btfss	status,2,c
  1178   001D34  EF9E  F00E         	goto	u1781
  1179   001D38  EFA0  F00E         	goto	u1780
  1180   001D3C                     u1781:
  1181   001D3C  EF83  F00E         	goto	l1730
  1182   001D40                     u1780:
  1183   001D40  EFAE  F00E         	goto	l711
  1184   001D44                     l1734:
  1185   001D44  2A0A               	incf	___xxtofl@exp^0,f,c
  1186   001D46  0E01               	movlw	1
  1187   001D48  260B               	addwf	___xxtofl@arg^0,f,c
  1188   001D4A  0E00               	movlw	0
  1189   001D4C  220C               	addwfc	(___xxtofl@arg+1)^0,f,c
  1190   001D4E  220D               	addwfc	(___xxtofl@arg+2)^0,f,c
  1191   001D50  220E               	addwfc	(___xxtofl@arg+3)^0,f,c
  1192   001D52  90D8               	bcf	status,0,c
  1193   001D54  320E               	rrcf	(___xxtofl@arg+3)^0,f,c
  1194   001D56  320D               	rrcf	(___xxtofl@arg+2)^0,f,c
  1195   001D58  320C               	rrcf	(___xxtofl@arg+1)^0,f,c
  1196   001D5A  320B               	rrcf	___xxtofl@arg^0,f,c
  1197   001D5C                     l711:
  1198   001D5C  0E00               	movlw	0
  1199   001D5E  140B               	andwf	___xxtofl@arg^0,w,c
  1200   001D60  6E05               	movwf	??___xxtofl^0,c
  1201   001D62  0E00               	movlw	0
  1202   001D64  140C               	andwf	(___xxtofl@arg+1)^0,w,c
  1203   001D66  6E06               	movwf	(??___xxtofl+1)^0,c
  1204   001D68  0E00               	movlw	0
  1205   001D6A  140D               	andwf	(___xxtofl@arg+2)^0,w,c
  1206   001D6C  6E07               	movwf	(??___xxtofl+2)^0,c
  1207   001D6E  0EFF               	movlw	255
  1208   001D70  140E               	andwf	(___xxtofl@arg+3)^0,w,c
  1209   001D72  6E08               	movwf	(??___xxtofl+3)^0,c
  1210   001D74  5005               	movf	??___xxtofl^0,w,c
  1211   001D76  1006               	iorwf	(??___xxtofl+1)^0,w,c
  1212   001D78  1007               	iorwf	(??___xxtofl+2)^0,w,c
  1213   001D7A  1008               	iorwf	(??___xxtofl+3)^0,w,c
  1214   001D7C  A4D8               	btfss	status,2,c
  1215   001D7E  EFC3  F00E         	goto	u1791
  1216   001D82  EFC5  F00E         	goto	u1790
  1217   001D86                     u1791:
  1218   001D86  EFA2  F00E         	goto	l1734
  1219   001D8A                     u1790:
  1220   001D8A  EFCD  F00E         	goto	l1742
  1221   001D8E                     l1740:
  1222   001D8E  060A               	decf	___xxtofl@exp^0,f,c
  1223   001D90  90D8               	bcf	status,0,c
  1224   001D92  360B               	rlcf	___xxtofl@arg^0,f,c
  1225   001D94  360C               	rlcf	(___xxtofl@arg+1)^0,f,c
  1226   001D96  360D               	rlcf	(___xxtofl@arg+2)^0,f,c
  1227   001D98  360E               	rlcf	(___xxtofl@arg+3)^0,f,c
  1228   001D9A                     l1742:
  1229   001D9A  BE0D               	btfsc	(___xxtofl@arg+2)^0,7,c
  1230   001D9C  EFD2  F00E         	goto	u1801
  1231   001DA0  EFD4  F00E         	goto	u1800
  1232   001DA4                     u1801:
  1233   001DA4  EFDC  F00E         	goto	l718
  1234   001DA8                     u1800:
  1235   001DA8  0E02               	movlw	2
  1236   001DAA  600A               	cpfslt	___xxtofl@exp^0,c
  1237   001DAC  EFDA  F00E         	goto	u1811
  1238   001DB0  EFDC  F00E         	goto	u1810
  1239   001DB4                     u1811:
  1240   001DB4  EFC7  F00E         	goto	l1740
  1241   001DB8                     u1810:
  1242   001DB8                     l718:
  1243   001DB8  B00A               	btfsc	___xxtofl@exp^0,0,c
  1244   001DBA  EFE1  F00E         	goto	u1821
  1245   001DBE  EFE3  F00E         	goto	u1820
  1246   001DC2                     u1821:
  1247   001DC2  EFE4  F00E         	goto	l1748
  1248   001DC6                     u1820:
  1249   001DC6  9E0D               	bcf	(___xxtofl@arg+2)^0,7,c
  1250   001DC8                     l1748:
  1251   001DC8  90D8               	bcf	status,0,c
  1252   001DCA  320A               	rrcf	___xxtofl@exp^0,f,c
  1253   001DCC  C00A  F005         	movff	___xxtofl@exp,??___xxtofl
  1254   001DD0  6A06               	clrf	(??___xxtofl+1)^0,c
  1255   001DD2  6A07               	clrf	(??___xxtofl+2)^0,c
  1256   001DD4  6A08               	clrf	(??___xxtofl+3)^0,c
  1257   001DD6  C005  F008         	movff	??___xxtofl,??___xxtofl+3
  1258   001DDA  6A07               	clrf	(??___xxtofl+2)^0,c
  1259   001DDC  6A06               	clrf	(??___xxtofl+1)^0,c
  1260   001DDE  6A05               	clrf	??___xxtofl^0,c
  1261   001DE0  5005               	movf	??___xxtofl^0,w,c
  1262   001DE2  120B               	iorwf	___xxtofl@arg^0,f,c
  1263   001DE4  5006               	movf	(??___xxtofl+1)^0,w,c
  1264   001DE6  120C               	iorwf	(___xxtofl@arg+1)^0,f,c
  1265   001DE8  5007               	movf	(??___xxtofl+2)^0,w,c
  1266   001DEA  120D               	iorwf	(___xxtofl@arg+2)^0,f,c
  1267   001DEC  5008               	movf	(??___xxtofl+3)^0,w,c
  1268   001DEE  120E               	iorwf	(___xxtofl@arg+3)^0,f,c
  1269   001DF0  5009               	movf	___xxtofl@sign^0,w,c
  1270   001DF2  B4D8               	btfsc	status,2,c
  1271   001DF4  EFFE  F00E         	goto	u1831
  1272   001DF8  EF00  F00F         	goto	u1830
  1273   001DFC                     u1831:
  1274   001DFC  EF08  F00F         	goto	l1758
  1275   001E00                     u1830:
  1276   001E00  BE04               	btfsc	(___xxtofl@val+3)^0,7,c
  1277   001E02  EF07  F00F         	goto	u1840
  1278   001E06  EF05  F00F         	goto	u1841
  1279   001E0A                     u1841:
  1280   001E0A  EF08  F00F         	goto	l1758
  1281   001E0E                     u1840:
  1282   001E0E  8E0E               	bsf	(___xxtofl@arg+3)^0,7,c
  1283   001E10                     l1758:
  1284   001E10  C00B  F001         	movff	___xxtofl@arg,?___xxtofl
  1285   001E14  C00C  F002         	movff	___xxtofl@arg+1,?___xxtofl+1
  1286   001E18  C00D  F003         	movff	___xxtofl@arg+2,?___xxtofl+2
  1287   001E1C  C00E  F004         	movff	___xxtofl@arg+3,?___xxtofl+3
  1288   001E20                     l707:
  1289   001E20  0012               	return		;funcret
  1290   001E22                     __end_of___xxtofl:
  1291                           	callstack 0
  1292                           
  1293 ;; *************** function ___flmul *****************
  1294 ;; Defined at:
  1295 ;;		line 8 in file "C:\Program Files\Microchip\xc8\v3.00\pic\sources\c99\common\sprcmul.c"
  1296 ;; Parameters:    Size  Location     Type
  1297 ;;  b               4   41[COMRAM] unsigned char 
  1298 ;;  a               4   45[COMRAM] unsigned char 
  1299 ;; Auto vars:     Size  Location     Type
  1300 ;;  prod            4   60[COMRAM] struct .
  1301 ;;  grs             4   54[COMRAM] unsigned long 
  1302 ;;  temp            2   64[COMRAM] struct .
  1303 ;;  bexp            1   59[COMRAM] unsigned char 
  1304 ;;  aexp            1   58[COMRAM] unsigned char 
  1305 ;;  sign            1   53[COMRAM] unsigned char 
  1306 ;; Return value:  Size  Location     Type
  1307 ;;                  4   41[COMRAM] unsigned char 
  1308 ;; Registers used:
  1309 ;;		wreg, status,2, status,0, prodl, prodh
  1310 ;; Tracked objects:
  1311 ;;		On entry : 0/0
  1312 ;;		On exit  : 0/0
  1313 ;;		Unchanged: 0/0
  1314 ;; Data sizes:     COMRAM   BANK0   BANK1   BANK2   BANK3   BANK4   BANK5   BANK6   BANK7   BANK8   BANK9  BANK10  BANK1
      +1  BANK12  BANK13
  1315 ;;      Params:         8       0       0       0       0       0       0       0       0       0       0       0       
      +0       0       0
  1316 ;;      Locals:        13       0       0       0       0       0       0       0       0       0       0       0       
      +0       0       0
  1317 ;;      Temps:          4       0       0       0       0       0       0       0       0       0       0       0       
      +0       0       0
  1318 ;;      Totals:        25       0       0       0       0       0       0       0       0       0       0       0       
      +0       0       0
  1319 ;;Total ram usage:       25 bytes
  1320 ;; Hardware stack levels used: 1
  1321 ;; This function calls:
  1322 ;;		Nothing
  1323 ;; This function is called by:
  1324 ;;		_measure_once
  1325 ;; This function uses a non-reentrant model
  1326 ;;
  1327                           
  1328                           	psect	text3
  1329   0014B8                     __ptext3:
  1330                           	callstack 0
  1331   0014B8                     ___flmul:
  1332                           	callstack 29
  1333   0014B8  502D               	movf	(___flmul@b+3)^0,w,c
  1334   0014BA  0B80               	andlw	128
  1335   0014BC  6E36               	movwf	___flmul@sign^0,c
  1336   0014BE  502D               	movf	(___flmul@b+3)^0,w,c
  1337   0014C0  242D               	addwf	(___flmul@b+3)^0,w,c
  1338   0014C2  6E3C               	movwf	___flmul@bexp^0,c
  1339   0014C4  AE2C               	btfss	(___flmul@b+2)^0,7,c
  1340   0014C6  EF67  F00A         	goto	u1561
  1341   0014CA  EF69  F00A         	goto	u1560
  1342   0014CE                     u1561:
  1343   0014CE  EF6A  F00A         	goto	l1594
  1344   0014D2                     u1560:
  1345   0014D2  803C               	bsf	___flmul@bexp^0,0,c
  1346   0014D4                     l1594:
  1347   0014D4  503C               	movf	___flmul@bexp^0,w,c
  1348   0014D6  B4D8               	btfsc	status,2,c
  1349   0014D8  EF70  F00A         	goto	u1571
  1350   0014DC  EF72  F00A         	goto	u1570
  1351   0014E0                     u1571:
  1352   0014E0  EF85  F00A         	goto	l1602
  1353   0014E4                     u1570:
  1354   0014E4  283C               	incf	___flmul@bexp^0,w,c
  1355   0014E6  A4D8               	btfss	status,2,c
  1356   0014E8  EF78  F00A         	goto	u1581
  1357   0014EC  EF7A  F00A         	goto	u1580
  1358   0014F0                     u1581:
  1359   0014F0  EF82  F00A         	goto	l1600
  1360   0014F4                     u1580:
  1361   0014F4  0E00               	movlw	0
  1362   0014F6  6E2A               	movwf	___flmul@b^0,c
  1363   0014F8  0E00               	movlw	0
  1364   0014FA  6E2B               	movwf	(___flmul@b+1)^0,c
  1365   0014FC  0E00               	movlw	0
  1366   0014FE  6E2C               	movwf	(___flmul@b+2)^0,c
  1367   001500  0E00               	movlw	0
  1368   001502  6E2D               	movwf	(___flmul@b+3)^0,c
  1369   001504                     l1600:
  1370   001504  8E2C               	bsf	(___flmul@b+2)^0,7,c
  1371   001506  EF8D  F00A         	goto	l1604
  1372   00150A                     l1602:
  1373   00150A  0E00               	movlw	0
  1374   00150C  6E2A               	movwf	___flmul@b^0,c
  1375   00150E  0E00               	movlw	0
  1376   001510  6E2B               	movwf	(___flmul@b+1)^0,c
  1377   001512  0E00               	movlw	0
  1378   001514  6E2C               	movwf	(___flmul@b+2)^0,c
  1379   001516  0E00               	movlw	0
  1380   001518  6E2D               	movwf	(___flmul@b+3)^0,c
  1381   00151A                     l1604:
  1382   00151A  5031               	movf	(___flmul@a+3)^0,w,c
  1383   00151C  0B80               	andlw	128
  1384   00151E  1A36               	xorwf	___flmul@sign^0,f,c
  1385   001520  5031               	movf	(___flmul@a+3)^0,w,c
  1386   001522  2431               	addwf	(___flmul@a+3)^0,w,c
  1387   001524  6E3B               	movwf	___flmul@aexp^0,c
  1388   001526  AE30               	btfss	(___flmul@a+2)^0,7,c
  1389   001528  EF98  F00A         	goto	u1591
  1390   00152C  EF9A  F00A         	goto	u1590
  1391   001530                     u1591:
  1392   001530  EF9B  F00A         	goto	l1612
  1393   001534                     u1590:
  1394   001534  803B               	bsf	___flmul@aexp^0,0,c
  1395   001536                     l1612:
  1396   001536  503B               	movf	___flmul@aexp^0,w,c
  1397   001538  B4D8               	btfsc	status,2,c
  1398   00153A  EFA1  F00A         	goto	u1601
  1399   00153E  EFA3  F00A         	goto	u1600
  1400   001542                     u1601:
  1401   001542  EFB6  F00A         	goto	l1620
  1402   001546                     u1600:
  1403   001546  283B               	incf	___flmul@aexp^0,w,c
  1404   001548  A4D8               	btfss	status,2,c
  1405   00154A  EFA9  F00A         	goto	u1611
  1406   00154E  EFAB  F00A         	goto	u1610
  1407   001552                     u1611:
  1408   001552  EFB3  F00A         	goto	l1618
  1409   001556                     u1610:
  1410   001556  0E00               	movlw	0
  1411   001558  6E2E               	movwf	___flmul@a^0,c
  1412   00155A  0E00               	movlw	0
  1413   00155C  6E2F               	movwf	(___flmul@a+1)^0,c
  1414   00155E  0E00               	movlw	0
  1415   001560  6E30               	movwf	(___flmul@a+2)^0,c
  1416   001562  0E00               	movlw	0
  1417   001564  6E31               	movwf	(___flmul@a+3)^0,c
  1418   001566                     l1618:
  1419   001566  8E30               	bsf	(___flmul@a+2)^0,7,c
  1420   001568  EFBE  F00A         	goto	l663
  1421   00156C                     l1620:
  1422   00156C  0E00               	movlw	0
  1423   00156E  6E2E               	movwf	___flmul@a^0,c
  1424   001570  0E00               	movlw	0
  1425   001572  6E2F               	movwf	(___flmul@a+1)^0,c
  1426   001574  0E00               	movlw	0
  1427   001576  6E30               	movwf	(___flmul@a+2)^0,c
  1428   001578  0E00               	movlw	0
  1429   00157A  6E31               	movwf	(___flmul@a+3)^0,c
  1430   00157C                     l663:
  1431   00157C  503B               	movf	___flmul@aexp^0,w,c
  1432   00157E  B4D8               	btfsc	status,2,c
  1433   001580  EFC4  F00A         	goto	u1621
  1434   001584  EFC6  F00A         	goto	u1620
  1435   001588                     u1621:
  1436   001588  EFCE  F00A         	goto	l1624
  1437   00158C                     u1620:
  1438   00158C  503C               	movf	___flmul@bexp^0,w,c
  1439   00158E  A4D8               	btfss	status,2,c
  1440   001590  EFCC  F00A         	goto	u1631
  1441   001594  EFCE  F00A         	goto	u1630
  1442   001598                     u1631:
  1443   001598  EFD8  F00A         	goto	l1628
  1444   00159C                     u1630:
  1445   00159C                     l1624:
  1446   00159C  0E00               	movlw	0
  1447   00159E  6E2A               	movwf	?___flmul^0,c
  1448   0015A0  0E00               	movlw	0
  1449   0015A2  6E2B               	movwf	(?___flmul+1)^0,c
  1450   0015A4  0E00               	movlw	0
  1451   0015A6  6E2C               	movwf	(?___flmul+2)^0,c
  1452   0015A8  0E00               	movlw	0
  1453   0015AA  6E2D               	movwf	(?___flmul+3)^0,c
  1454   0015AC  EF6E  F00C         	goto	l667
  1455   0015B0                     l1628:
  1456   0015B0  5030               	movf	(___flmul@a+2)^0,w,c
  1457   0015B2  022A               	mulwf	___flmul@b^0,c
  1458   0015B4  CFF3 F041          	movff	prodl,___flmul@temp
  1459   0015B8  CFF4 F042          	movff	prodh,___flmul@temp+1
  1460   0015BC  5041               	movf	___flmul@temp^0,w,c
  1461   0015BE  6E37               	movwf	___flmul@grs^0,c
  1462   0015C0  6A38               	clrf	(___flmul@grs+1)^0,c
  1463   0015C2  6A39               	clrf	(___flmul@grs+2)^0,c
  1464   0015C4  6A3A               	clrf	(___flmul@grs+3)^0,c
  1465   0015C6  5042               	movf	(___flmul@temp+1)^0,w,c
  1466   0015C8  6E3D               	movwf	___flmul@prod^0,c
  1467   0015CA  6A3E               	clrf	(___flmul@prod+1)^0,c
  1468   0015CC  6A3F               	clrf	(___flmul@prod+2)^0,c
  1469   0015CE  6A40               	clrf	(___flmul@prod+3)^0,c
  1470   0015D0  502F               	movf	(___flmul@a+1)^0,w,c
  1471   0015D2  022B               	mulwf	(___flmul@b+1)^0,c
  1472   0015D4  CFF3 F041          	movff	prodl,___flmul@temp
  1473   0015D8  CFF4 F042          	movff	prodh,___flmul@temp+1
  1474   0015DC  5041               	movf	___flmul@temp^0,w,c
  1475   0015DE  2637               	addwf	___flmul@grs^0,f,c
  1476   0015E0  0E00               	movlw	0
  1477   0015E2  2238               	addwfc	(___flmul@grs+1)^0,f,c
  1478   0015E4  2239               	addwfc	(___flmul@grs+2)^0,f,c
  1479   0015E6  223A               	addwfc	(___flmul@grs+3)^0,f,c
  1480   0015E8  5042               	movf	(___flmul@temp+1)^0,w,c
  1481   0015EA  263D               	addwf	___flmul@prod^0,f,c
  1482   0015EC  0E00               	movlw	0
  1483   0015EE  223E               	addwfc	(___flmul@prod+1)^0,f,c
  1484   0015F0  223F               	addwfc	(___flmul@prod+2)^0,f,c
  1485   0015F2  2240               	addwfc	(___flmul@prod+3)^0,f,c
  1486   0015F4  502E               	movf	___flmul@a^0,w,c
  1487   0015F6  022C               	mulwf	(___flmul@b+2)^0,c
  1488   0015F8  CFF3 F041          	movff	prodl,___flmul@temp
  1489   0015FC  CFF4 F042          	movff	prodh,___flmul@temp+1
  1490   001600  5041               	movf	___flmul@temp^0,w,c
  1491   001602  2637               	addwf	___flmul@grs^0,f,c
  1492   001604  0E00               	movlw	0
  1493   001606  2238               	addwfc	(___flmul@grs+1)^0,f,c
  1494   001608  2239               	addwfc	(___flmul@grs+2)^0,f,c
  1495   00160A  223A               	addwfc	(___flmul@grs+3)^0,f,c
  1496   00160C  5042               	movf	(___flmul@temp+1)^0,w,c
  1497   00160E  263D               	addwf	___flmul@prod^0,f,c
  1498   001610  0E00               	movlw	0
  1499   001612  223E               	addwfc	(___flmul@prod+1)^0,f,c
  1500   001614  223F               	addwfc	(___flmul@prod+2)^0,f,c
  1501   001616  2240               	addwfc	(___flmul@prod+3)^0,f,c
  1502   001618  C039  F03A         	movff	___flmul@grs+2,___flmul@grs+3
  1503   00161C  C038  F039         	movff	___flmul@grs+1,___flmul@grs+2
  1504   001620  C037  F038         	movff	___flmul@grs,___flmul@grs+1
  1505   001624  6A37               	clrf	___flmul@grs^0,c
  1506   001626  502E               	movf	___flmul@a^0,w,c
  1507   001628  022B               	mulwf	(___flmul@b+1)^0,c
  1508   00162A  CFF3 F041          	movff	prodl,___flmul@temp
  1509   00162E  CFF4 F042          	movff	prodh,___flmul@temp+1
  1510   001632  5041               	movf	___flmul@temp^0,w,c
  1511   001634  2637               	addwf	___flmul@grs^0,f,c
  1512   001636  5042               	movf	(___flmul@temp+1)^0,w,c
  1513   001638  2238               	addwfc	(___flmul@grs+1)^0,f,c
  1514   00163A  0E00               	movlw	0
  1515   00163C  2239               	addwfc	(___flmul@grs+2)^0,f,c
  1516   00163E  0E00               	movlw	0
  1517   001640  223A               	addwfc	(___flmul@grs+3)^0,f,c
  1518   001642  502F               	movf	(___flmul@a+1)^0,w,c
  1519   001644  022A               	mulwf	___flmul@b^0,c
  1520   001646  CFF3 F041          	movff	prodl,___flmul@temp
  1521   00164A  CFF4 F042          	movff	prodh,___flmul@temp+1
  1522   00164E  5041               	movf	___flmul@temp^0,w,c
  1523   001650  2637               	addwf	___flmul@grs^0,f,c
  1524   001652  5042               	movf	(___flmul@temp+1)^0,w,c
  1525   001654  2238               	addwfc	(___flmul@grs+1)^0,f,c
  1526   001656  0E00               	movlw	0
  1527   001658  2239               	addwfc	(___flmul@grs+2)^0,f,c
  1528   00165A  0E00               	movlw	0
  1529   00165C  223A               	addwfc	(___flmul@grs+3)^0,f,c
  1530   00165E  C039  F03A         	movff	___flmul@grs+2,___flmul@grs+3
  1531   001662  C038  F039         	movff	___flmul@grs+1,___flmul@grs+2
  1532   001666  C037  F038         	movff	___flmul@grs,___flmul@grs+1
  1533   00166A  6A37               	clrf	___flmul@grs^0,c
  1534   00166C  502E               	movf	___flmul@a^0,w,c
  1535   00166E  022A               	mulwf	___flmul@b^0,c
  1536   001670  CFF3 F041          	movff	prodl,___flmul@temp
  1537   001674  CFF4 F042          	movff	prodh,___flmul@temp+1
  1538   001678  5041               	movf	___flmul@temp^0,w,c
  1539   00167A  2637               	addwf	___flmul@grs^0,f,c
  1540   00167C  5042               	movf	(___flmul@temp+1)^0,w,c
  1541   00167E  2238               	addwfc	(___flmul@grs+1)^0,f,c
  1542   001680  0E00               	movlw	0
  1543   001682  2239               	addwfc	(___flmul@grs+2)^0,f,c
  1544   001684  0E00               	movlw	0
  1545   001686  223A               	addwfc	(___flmul@grs+3)^0,f,c
  1546   001688  5030               	movf	(___flmul@a+2)^0,w,c
  1547   00168A  022B               	mulwf	(___flmul@b+1)^0,c
  1548   00168C  CFF3 F041          	movff	prodl,___flmul@temp
  1549   001690  CFF4 F042          	movff	prodh,___flmul@temp+1
  1550   001694  5041               	movf	___flmul@temp^0,w,c
  1551   001696  263D               	addwf	___flmul@prod^0,f,c
  1552   001698  5042               	movf	(___flmul@temp+1)^0,w,c
  1553   00169A  223E               	addwfc	(___flmul@prod+1)^0,f,c
  1554   00169C  0E00               	movlw	0
  1555   00169E  223F               	addwfc	(___flmul@prod+2)^0,f,c
  1556   0016A0  0E00               	movlw	0
  1557   0016A2  2240               	addwfc	(___flmul@prod+3)^0,f,c
  1558   0016A4  502F               	movf	(___flmul@a+1)^0,w,c
  1559   0016A6  022C               	mulwf	(___flmul@b+2)^0,c
  1560   0016A8  CFF3 F041          	movff	prodl,___flmul@temp
  1561   0016AC  CFF4 F042          	movff	prodh,___flmul@temp+1
  1562   0016B0  5041               	movf	___flmul@temp^0,w,c
  1563   0016B2  263D               	addwf	___flmul@prod^0,f,c
  1564   0016B4  5042               	movf	(___flmul@temp+1)^0,w,c
  1565   0016B6  223E               	addwfc	(___flmul@prod+1)^0,f,c
  1566   0016B8  0E00               	movlw	0
  1567   0016BA  223F               	addwfc	(___flmul@prod+2)^0,f,c
  1568   0016BC  0E00               	movlw	0
  1569   0016BE  2240               	addwfc	(___flmul@prod+3)^0,f,c
  1570   0016C0  5030               	movf	(___flmul@a+2)^0,w,c
  1571   0016C2  022C               	mulwf	(___flmul@b+2)^0,c
  1572   0016C4  CFF3 F041          	movff	prodl,___flmul@temp
  1573   0016C8  CFF4 F042          	movff	prodh,___flmul@temp+1
  1574   0016CC  5041               	movf	___flmul@temp^0,w,c
  1575   0016CE  6E32               	movwf	??___flmul^0,c
  1576   0016D0  5042               	movf	(___flmul@temp+1)^0,w,c
  1577   0016D2  6E33               	movwf	(??___flmul+1)^0,c
  1578   0016D4  6A34               	clrf	(??___flmul+2)^0,c
  1579   0016D6  6A35               	clrf	(??___flmul+3)^0,c
  1580   0016D8  C034  F035         	movff	??___flmul+2,??___flmul+3
  1581   0016DC  C033  F034         	movff	??___flmul+1,??___flmul+2
  1582   0016E0  C032  F033         	movff	??___flmul,??___flmul+1
  1583   0016E4  6A32               	clrf	??___flmul^0,c
  1584   0016E6  5032               	movf	??___flmul^0,w,c
  1585   0016E8  263D               	addwf	___flmul@prod^0,f,c
  1586   0016EA  5033               	movf	(??___flmul+1)^0,w,c
  1587   0016EC  223E               	addwfc	(___flmul@prod+1)^0,f,c
  1588   0016EE  5034               	movf	(??___flmul+2)^0,w,c
  1589   0016F0  223F               	addwfc	(___flmul@prod+2)^0,f,c
  1590   0016F2  5035               	movf	(??___flmul+3)^0,w,c
  1591   0016F4  2240               	addwfc	(___flmul@prod+3)^0,f,c
  1592   0016F6  C037  F032         	movff	___flmul@grs,??___flmul
  1593   0016FA  C038  F033         	movff	___flmul@grs+1,??___flmul+1
  1594   0016FE  C039  F034         	movff	___flmul@grs+2,??___flmul+2
  1595   001702  C03A  F035         	movff	___flmul@grs+3,??___flmul+3
  1596   001706  0E19               	movlw	25
  1597   001708  EF8B  F00B         	goto	u1640
  1598   00170C                     u1645:
  1599   00170C  90D8               	bcf	status,0,c
  1600   00170E  3235               	rrcf	(??___flmul+3)^0,f,c
  1601   001710  3234               	rrcf	(??___flmul+2)^0,f,c
  1602   001712  3233               	rrcf	(??___flmul+1)^0,f,c
  1603   001714  3232               	rrcf	??___flmul^0,f,c
  1604   001716                     u1640:
  1605   001716  2EE8               	decfsz	wreg,f,c
  1606   001718  EF86  F00B         	goto	u1645
  1607   00171C  5032               	movf	??___flmul^0,w,c
  1608   00171E  263D               	addwf	___flmul@prod^0,f,c
  1609   001720  5033               	movf	(??___flmul+1)^0,w,c
  1610   001722  223E               	addwfc	(___flmul@prod+1)^0,f,c
  1611   001724  5034               	movf	(??___flmul+2)^0,w,c
  1612   001726  223F               	addwfc	(___flmul@prod+2)^0,f,c
  1613   001728  5035               	movf	(??___flmul+3)^0,w,c
  1614   00172A  2240               	addwfc	(___flmul@prod+3)^0,f,c
  1615   00172C  C039  F03A         	movff	___flmul@grs+2,___flmul@grs+3
  1616   001730  C038  F039         	movff	___flmul@grs+1,___flmul@grs+2
  1617   001734  C037  F038         	movff	___flmul@grs,___flmul@grs+1
  1618   001738  6A37               	clrf	___flmul@grs^0,c
  1619   00173A  503B               	movf	___flmul@aexp^0,w,c
  1620   00173C  C03C  F032         	movff	___flmul@bexp,??___flmul
  1621   001740  6A33               	clrf	(??___flmul+1)^0,c
  1622   001742  2632               	addwf	??___flmul^0,f,c
  1623   001744  0E00               	movlw	0
  1624   001746  2233               	addwfc	(??___flmul+1)^0,f,c
  1625   001748  0E82               	movlw	130
  1626   00174A  2432               	addwf	??___flmul^0,w,c
  1627   00174C  6E41               	movwf	___flmul@temp^0,c
  1628   00174E  0EFF               	movlw	255
  1629   001750  2033               	addwfc	(??___flmul+1)^0,w,c
  1630   001752  6E42               	movwf	(___flmul@temp+1)^0,c
  1631   001754  EFC1  F00B         	goto	l1676
  1632   001758                     l1670:
  1633   001758  90D8               	bcf	status,0,c
  1634   00175A  363D               	rlcf	___flmul@prod^0,f,c
  1635   00175C  363E               	rlcf	(___flmul@prod+1)^0,f,c
  1636   00175E  363F               	rlcf	(___flmul@prod+2)^0,f,c
  1637   001760  3640               	rlcf	(___flmul@prod+3)^0,f,c
  1638   001762  AE3A               	btfss	(___flmul@grs+3)^0,7,c
  1639   001764  EFB6  F00B         	goto	u1651
  1640   001768  EFB8  F00B         	goto	u1650
  1641   00176C                     u1651:
  1642   00176C  EFB9  F00B         	goto	l670
  1643   001770                     u1650:
  1644   001770  803D               	bsf	___flmul@prod^0,0,c
  1645   001772                     l670:
  1646   001772  90D8               	bcf	status,0,c
  1647   001774  3637               	rlcf	___flmul@grs^0,f,c
  1648   001776  3638               	rlcf	(___flmul@grs+1)^0,f,c
  1649   001778  3639               	rlcf	(___flmul@grs+2)^0,f,c
  1650   00177A  363A               	rlcf	(___flmul@grs+3)^0,f,c
  1651   00177C  0641               	decf	___flmul@temp^0,f,c
  1652   00177E  A0D8               	btfss	status,0,c
  1653   001780  0642               	decf	(___flmul@temp+1)^0,f,c
  1654   001782                     l1676:
  1655   001782  AE3F               	btfss	(___flmul@prod+2)^0,7,c
  1656   001784  EFC6  F00B         	goto	u1661
  1657   001788  EFC8  F00B         	goto	u1660
  1658   00178C                     u1661:
  1659   00178C  EFAC  F00B         	goto	l1670
  1660   001790                     u1660:
  1661   001790  6A3B               	clrf	___flmul@aexp^0,c
  1662   001792  AE3A               	btfss	(___flmul@grs+3)^0,7,c
  1663   001794  EFCE  F00B         	goto	u1671
  1664   001798  EFD0  F00B         	goto	u1670
  1665   00179C                     u1671:
  1666   00179C  EFF4  F00B         	goto	l672
  1667   0017A0                     u1670:
  1668   0017A0  0EFF               	movlw	255
  1669   0017A2  1437               	andwf	___flmul@grs^0,w,c
  1670   0017A4  6E32               	movwf	??___flmul^0,c
  1671   0017A6  0EFF               	movlw	255
  1672   0017A8  1438               	andwf	(___flmul@grs+1)^0,w,c
  1673   0017AA  6E33               	movwf	(??___flmul+1)^0,c
  1674   0017AC  0EFF               	movlw	255
  1675   0017AE  1439               	andwf	(___flmul@grs+2)^0,w,c
  1676   0017B0  6E34               	movwf	(??___flmul+2)^0,c
  1677   0017B2  0E7F               	movlw	127
  1678   0017B4  143A               	andwf	(___flmul@grs+3)^0,w,c
  1679   0017B6  6E35               	movwf	(??___flmul+3)^0,c
  1680   0017B8  5032               	movf	??___flmul^0,w,c
  1681   0017BA  1033               	iorwf	(??___flmul+1)^0,w,c
  1682   0017BC  1034               	iorwf	(??___flmul+2)^0,w,c
  1683   0017BE  1035               	iorwf	(??___flmul+3)^0,w,c
  1684   0017C0  B4D8               	btfsc	status,2,c
  1685   0017C2  EFE5  F00B         	goto	u1681
  1686   0017C6  EFE7  F00B         	goto	u1680
  1687   0017CA                     u1681:
  1688   0017CA  EFEB  F00B         	goto	l673
  1689   0017CE                     u1680:
  1690   0017CE                     l1680:
  1691   0017CE  0E01               	movlw	1
  1692   0017D0  6E3B               	movwf	___flmul@aexp^0,c
  1693   0017D2  EFF4  F00B         	goto	l672
  1694   0017D6                     l673:
  1695   0017D6  A03D               	btfss	___flmul@prod^0,0,c
  1696   0017D8  EFF0  F00B         	goto	u1691
  1697   0017DC  EFF2  F00B         	goto	u1690
  1698   0017E0                     u1691:
  1699   0017E0  EFF4  F00B         	goto	l672
  1700   0017E4                     u1690:
  1701   0017E4  EFE7  F00B         	goto	l1680
  1702   0017E8                     l672:
  1703   0017E8  503B               	movf	___flmul@aexp^0,w,c
  1704   0017EA  B4D8               	btfsc	status,2,c
  1705   0017EC  EFFA  F00B         	goto	u1701
  1706   0017F0  EFFC  F00B         	goto	u1700
  1707   0017F4                     u1701:
  1708   0017F4  EF20  F00C         	goto	l1692
  1709   0017F8                     u1700:
  1710   0017F8  0E01               	movlw	1
  1711   0017FA  263D               	addwf	___flmul@prod^0,f,c
  1712   0017FC  0E00               	movlw	0
  1713   0017FE  223E               	addwfc	(___flmul@prod+1)^0,f,c
  1714   001800  223F               	addwfc	(___flmul@prod+2)^0,f,c
  1715   001802  2240               	addwfc	(___flmul@prod+3)^0,f,c
  1716   001804  A040               	btfss	(___flmul@prod+3)^0,0,c
  1717   001806  EF07  F00C         	goto	u1711
  1718   00180A  EF09  F00C         	goto	u1710
  1719   00180E                     u1711:
  1720   00180E  EF20  F00C         	goto	l1692
  1721   001812                     u1710:
  1722   001812  C03D  F032         	movff	___flmul@prod,??___flmul
  1723   001816  C03E  F033         	movff	___flmul@prod+1,??___flmul+1
  1724   00181A  C03F  F034         	movff	___flmul@prod+2,??___flmul+2
  1725   00181E  C040  F035         	movff	___flmul@prod+3,??___flmul+3
  1726   001822  3435               	rlcf	(??___flmul+3)^0,w,c
  1727   001824  3235               	rrcf	(??___flmul+3)^0,f,c
  1728   001826  3234               	rrcf	(??___flmul+2)^0,f,c
  1729   001828  3233               	rrcf	(??___flmul+1)^0,f,c
  1730   00182A  3232               	rrcf	??___flmul^0,f,c
  1731   00182C  C032  F03D         	movff	??___flmul,___flmul@prod
  1732   001830  C033  F03E         	movff	??___flmul+1,___flmul@prod+1
  1733   001834  C034  F03F         	movff	??___flmul+2,___flmul@prod+2
  1734   001838  C035  F040         	movff	??___flmul+3,___flmul@prod+3
  1735   00183C  4A41               	infsnz	___flmul@temp^0,f,c
  1736   00183E  2A42               	incf	(___flmul@temp+1)^0,f,c
  1737   001840                     l1692:
  1738   001840  BE42               	btfsc	(___flmul@temp+1)^0,7,c
  1739   001842  EF2B  F00C         	goto	u1721
  1740   001846  5042               	movf	(___flmul@temp+1)^0,w,c
  1741   001848  E108               	bnz	u1720
  1742   00184A  2841               	incf	___flmul@temp^0,w,c
  1743   00184C  A0D8               	btfss	status,0,c
  1744   00184E  EF2B  F00C         	goto	u1721
  1745   001852  EF2D  F00C         	goto	u1720
  1746   001856                     u1721:
  1747   001856  EF37  F00C         	goto	l1696
  1748   00185A                     u1720:
  1749   00185A  0E00               	movlw	0
  1750   00185C  6E3D               	movwf	___flmul@prod^0,c
  1751   00185E  0E00               	movlw	0
  1752   001860  6E3E               	movwf	(___flmul@prod+1)^0,c
  1753   001862  0E80               	movlw	128
  1754   001864  6E3F               	movwf	(___flmul@prod+2)^0,c
  1755   001866  0E7F               	movlw	127
  1756   001868  6E40               	movwf	(___flmul@prod+3)^0,c
  1757   00186A  EF64  F00C         	goto	l1710
  1758   00186E                     l1696:
  1759   00186E  BE42               	btfsc	(___flmul@temp+1)^0,7,c
  1760   001870  EF44  F00C         	goto	u1730
  1761   001874  5042               	movf	(___flmul@temp+1)^0,w,c
  1762   001876  E106               	bnz	u1731
  1763   001878  0441               	decf	___flmul@temp^0,w,c
  1764   00187A  B0D8               	btfsc	status,0,c
  1765   00187C  EF42  F00C         	goto	u1731
  1766   001880  EF44  F00C         	goto	u1730
  1767   001884                     u1731:
  1768   001884  EF4F  F00C         	goto	l680
  1769   001888                     u1730:
  1770   001888  0E00               	movlw	0
  1771   00188A  6E3D               	movwf	___flmul@prod^0,c
  1772   00188C  0E00               	movlw	0
  1773   00188E  6E3E               	movwf	(___flmul@prod+1)^0,c
  1774   001890  0E00               	movlw	0
  1775   001892  6E3F               	movwf	(___flmul@prod+2)^0,c
  1776   001894  0E00               	movlw	0
  1777   001896  6E40               	movwf	(___flmul@prod+3)^0,c
  1778   001898  6A36               	clrf	___flmul@sign^0,c
  1779   00189A  EF64  F00C         	goto	l1710
  1780   00189E                     l680:
  1781   00189E  C041  F03C         	movff	___flmul@temp,___flmul@bexp
  1782   0018A2  0EFF               	movlw	255
  1783   0018A4  163D               	andwf	___flmul@prod^0,f,c
  1784   0018A6  0EFF               	movlw	255
  1785   0018A8  163E               	andwf	(___flmul@prod+1)^0,f,c
  1786   0018AA  0E7F               	movlw	127
  1787   0018AC  163F               	andwf	(___flmul@prod+2)^0,f,c
  1788   0018AE  0E00               	movlw	0
  1789   0018B0  1640               	andwf	(___flmul@prod+3)^0,f,c
  1790   0018B2  A03C               	btfss	___flmul@bexp^0,0,c
  1791   0018B4  EF5E  F00C         	goto	u1741
  1792   0018B8  EF60  F00C         	goto	u1740
  1793   0018BC                     u1741:
  1794   0018BC  EF61  F00C         	goto	l1708
  1795   0018C0                     u1740:
  1796   0018C0  8E3F               	bsf	(___flmul@prod+2)^0,7,c
  1797   0018C2                     l1708:
  1798   0018C2  90D8               	bcf	status,0,c
  1799   0018C4  303C               	rrcf	___flmul@bexp^0,w,c
  1800   0018C6  6E40               	movwf	(___flmul@prod+3)^0,c
  1801   0018C8                     l1710:
  1802   0018C8  5036               	movf	___flmul@sign^0,w,c
  1803   0018CA  1240               	iorwf	(___flmul@prod+3)^0,f,c
  1804   0018CC  C03D  F02A         	movff	___flmul@prod,?___flmul
  1805   0018D0  C03E  F02B         	movff	___flmul@prod+1,?___flmul+1
  1806   0018D4  C03F  F02C         	movff	___flmul@prod+2,?___flmul+2
  1807   0018D8  C040  F02D         	movff	___flmul@prod+3,?___flmul+3
  1808   0018DC                     l667:
  1809   0018DC  0012               	return		;funcret
  1810   0018DE                     __end_of___flmul:
  1811                           	callstack 0
  1812                           
  1813 ;; *************** function ___fldiv *****************
  1814 ;; Defined at:
  1815 ;;		line 11 in file "C:\Program Files\Microchip\xc8\v3.00\pic\sources\c99\common\sprcdiv.c"
  1816 ;; Parameters:    Size  Location     Type
  1817 ;;  b               4   16[COMRAM] unsigned char 
  1818 ;;  a               4   20[COMRAM] unsigned char 
  1819 ;; Auto vars:     Size  Location     Type
  1820 ;;  grs             4   35[COMRAM] unsigned long 
  1821 ;;  rem             4   28[COMRAM] unsigned long 
  1822 ;;  new_exp         2   33[COMRAM] short 
  1823 ;;  aexp            1   40[COMRAM] unsigned char 
  1824 ;;  bexp            1   39[COMRAM] unsigned char 
  1825 ;;  sign            1   32[COMRAM] unsigned char 
  1826 ;; Return value:  Size  Location     Type
  1827 ;;                  4   16[COMRAM] unsigned char 
  1828 ;; Registers used:
  1829 ;;		wreg, status,2, status,0
  1830 ;; Tracked objects:
  1831 ;;		On entry : 0/0
  1832 ;;		On exit  : 0/0
  1833 ;;		Unchanged: 0/0
  1834 ;; Data sizes:     COMRAM   BANK0   BANK1   BANK2   BANK3   BANK4   BANK5   BANK6   BANK7   BANK8   BANK9  BANK10  BANK1
      +1  BANK12  BANK13
  1835 ;;      Params:         8       0       0       0       0       0       0       0       0       0       0       0       
      +0       0       0
  1836 ;;      Locals:        13       0       0       0       0       0       0       0       0       0       0       0       
      +0       0       0
  1837 ;;      Temps:          4       0       0       0       0       0       0       0       0       0       0       0       
      +0       0       0
  1838 ;;      Totals:        25       0       0       0       0       0       0       0       0       0       0       0       
      +0       0       0
  1839 ;;Total ram usage:       25 bytes
  1840 ;; Hardware stack levels used: 1
  1841 ;; This function calls:
  1842 ;;		Nothing
  1843 ;; This function is called by:
  1844 ;;		_measure_once
  1845 ;; This function uses a non-reentrant model
  1846 ;;
  1847                           
  1848                           	psect	text4
  1849   0018DE                     __ptext4:
  1850                           	callstack 0
  1851   0018DE                     ___fldiv:
  1852                           	callstack 29
  1853   0018DE  5014               	movf	(___fldiv@b+3)^0,w,c
  1854   0018E0  0B80               	andlw	128
  1855   0018E2  6E21               	movwf	___fldiv@sign^0,c
  1856   0018E4  5014               	movf	(___fldiv@b+3)^0,w,c
  1857   0018E6  2414               	addwf	(___fldiv@b+3)^0,w,c
  1858   0018E8  6E28               	movwf	___fldiv@bexp^0,c
  1859   0018EA  AE13               	btfss	(___fldiv@b+2)^0,7,c
  1860   0018EC  EF7A  F00C         	goto	u1331
  1861   0018F0  EF7C  F00C         	goto	u1330
  1862   0018F4                     u1331:
  1863   0018F4  EF7D  F00C         	goto	l1458
  1864   0018F8                     u1330:
  1865   0018F8  8028               	bsf	___fldiv@bexp^0,0,c
  1866   0018FA                     l1458:
  1867   0018FA  5028               	movf	___fldiv@bexp^0,w,c
  1868   0018FC  B4D8               	btfsc	status,2,c
  1869   0018FE  EF83  F00C         	goto	u1341
  1870   001902  EF85  F00C         	goto	u1340
  1871   001906                     u1341:
  1872   001906  EF99  F00C         	goto	l1468
  1873   00190A                     u1340:
  1874   00190A  2828               	incf	___fldiv@bexp^0,w,c
  1875   00190C  A4D8               	btfss	status,2,c
  1876   00190E  EF8B  F00C         	goto	u1351
  1877   001912  EF8D  F00C         	goto	u1350
  1878   001916                     u1351:
  1879   001916  EF95  F00C         	goto	l1464
  1880   00191A                     u1350:
  1881   00191A  0E00               	movlw	0
  1882   00191C  6E11               	movwf	___fldiv@b^0,c
  1883   00191E  0E00               	movlw	0
  1884   001920  6E12               	movwf	(___fldiv@b+1)^0,c
  1885   001922  0E00               	movlw	0
  1886   001924  6E13               	movwf	(___fldiv@b+2)^0,c
  1887   001926  0E00               	movlw	0
  1888   001928  6E14               	movwf	(___fldiv@b+3)^0,c
  1889   00192A                     l1464:
  1890   00192A  8E13               	bsf	(___fldiv@b+2)^0,7,c
  1891   00192C  6A14               	clrf	(___fldiv@b+3)^0,c
  1892   00192E  EFA1  F00C         	goto	l1470
  1893   001932                     l1468:
  1894   001932  0E00               	movlw	0
  1895   001934  6E11               	movwf	___fldiv@b^0,c
  1896   001936  0E00               	movlw	0
  1897   001938  6E12               	movwf	(___fldiv@b+1)^0,c
  1898   00193A  0E00               	movlw	0
  1899   00193C  6E13               	movwf	(___fldiv@b+2)^0,c
  1900   00193E  0E00               	movlw	0
  1901   001940  6E14               	movwf	(___fldiv@b+3)^0,c
  1902   001942                     l1470:
  1903   001942  5018               	movf	(___fldiv@a+3)^0,w,c
  1904   001944  0B80               	andlw	128
  1905   001946  1A21               	xorwf	___fldiv@sign^0,f,c
  1906   001948  5018               	movf	(___fldiv@a+3)^0,w,c
  1907   00194A  2418               	addwf	(___fldiv@a+3)^0,w,c
  1908   00194C  6E29               	movwf	___fldiv@aexp^0,c
  1909   00194E  AE17               	btfss	(___fldiv@a+2)^0,7,c
  1910   001950  EFAC  F00C         	goto	u1361
  1911   001954  EFAE  F00C         	goto	u1360
  1912   001958                     u1361:
  1913   001958  EFAF  F00C         	goto	l1478
  1914   00195C                     u1360:
  1915   00195C  8029               	bsf	___fldiv@aexp^0,0,c
  1916   00195E                     l1478:
  1917   00195E  5029               	movf	___fldiv@aexp^0,w,c
  1918   001960  B4D8               	btfsc	status,2,c
  1919   001962  EFB5  F00C         	goto	u1371
  1920   001966  EFB7  F00C         	goto	u1370
  1921   00196A                     u1371:
  1922   00196A  EFCB  F00C         	goto	l1488
  1923   00196E                     u1370:
  1924   00196E  2829               	incf	___fldiv@aexp^0,w,c
  1925   001970  A4D8               	btfss	status,2,c
  1926   001972  EFBD  F00C         	goto	u1381
  1927   001976  EFBF  F00C         	goto	u1380
  1928   00197A                     u1381:
  1929   00197A  EFC7  F00C         	goto	l1484
  1930   00197E                     u1380:
  1931   00197E  0E00               	movlw	0
  1932   001980  6E15               	movwf	___fldiv@a^0,c
  1933   001982  0E00               	movlw	0
  1934   001984  6E16               	movwf	(___fldiv@a+1)^0,c
  1935   001986  0E00               	movlw	0
  1936   001988  6E17               	movwf	(___fldiv@a+2)^0,c
  1937   00198A  0E00               	movlw	0
  1938   00198C  6E18               	movwf	(___fldiv@a+3)^0,c
  1939   00198E                     l1484:
  1940   00198E  8E17               	bsf	(___fldiv@a+2)^0,7,c
  1941   001990  6A18               	clrf	(___fldiv@a+3)^0,c
  1942   001992  EFD3  F00C         	goto	l1490
  1943   001996                     l1488:
  1944   001996  0E00               	movlw	0
  1945   001998  6E15               	movwf	___fldiv@a^0,c
  1946   00199A  0E00               	movlw	0
  1947   00199C  6E16               	movwf	(___fldiv@a+1)^0,c
  1948   00199E  0E00               	movlw	0
  1949   0019A0  6E17               	movwf	(___fldiv@a+2)^0,c
  1950   0019A2  0E00               	movlw	0
  1951   0019A4  6E18               	movwf	(___fldiv@a+3)^0,c
  1952   0019A6                     l1490:
  1953   0019A6  5015               	movf	___fldiv@a^0,w,c
  1954   0019A8  1016               	iorwf	(___fldiv@a+1)^0,w,c
  1955   0019AA  1017               	iorwf	(___fldiv@a+2)^0,w,c
  1956   0019AC  1018               	iorwf	(___fldiv@a+3)^0,w,c
  1957   0019AE  A4D8               	btfss	status,2,c
  1958   0019B0  EFDC  F00C         	goto	u1391
  1959   0019B4  EFDE  F00C         	goto	u1390
  1960   0019B8                     u1391:
  1961   0019B8  EFF6  F00C         	goto	l1502
  1962   0019BC                     u1390:
  1963   0019BC  0E00               	movlw	0
  1964   0019BE  6E11               	movwf	___fldiv@b^0,c
  1965   0019C0  0E00               	movlw	0
  1966   0019C2  6E12               	movwf	(___fldiv@b+1)^0,c
  1967   0019C4  0E00               	movlw	0
  1968   0019C6  6E13               	movwf	(___fldiv@b+2)^0,c
  1969   0019C8  0E00               	movlw	0
  1970   0019CA  6E14               	movwf	(___fldiv@b+3)^0,c
  1971   0019CC  0E80               	movlw	128
  1972   0019CE  1213               	iorwf	(___fldiv@b+2)^0,f,c
  1973   0019D0  0E7F               	movlw	127
  1974   0019D2  1214               	iorwf	(___fldiv@b+3)^0,f,c
  1975   0019D4                     l1496:
  1976   0019D4  5021               	movf	___fldiv@sign^0,w,c
  1977   0019D6  1214               	iorwf	(___fldiv@b+3)^0,f,c
  1978   0019D8  C011  F011         	movff	___fldiv@b,?___fldiv
  1979   0019DC  C012  F012         	movff	___fldiv@b+1,?___fldiv+1
  1980   0019E0  C013  F013         	movff	___fldiv@b+2,?___fldiv+2
  1981   0019E4  C014  F014         	movff	___fldiv@b+3,?___fldiv+3
  1982   0019E8  EF36  F00E         	goto	l631
  1983   0019EC                     l1502:
  1984   0019EC  5028               	movf	___fldiv@bexp^0,w,c
  1985   0019EE  A4D8               	btfss	status,2,c
  1986   0019F0  EFFC  F00C         	goto	u1401
  1987   0019F4  EFFE  F00C         	goto	u1400
  1988   0019F8                     u1401:
  1989   0019F8  EF08  F00D         	goto	l1510
  1990   0019FC                     u1400:
  1991   0019FC  0E00               	movlw	0
  1992   0019FE  6E11               	movwf	?___fldiv^0,c
  1993   001A00  0E00               	movlw	0
  1994   001A02  6E12               	movwf	(?___fldiv+1)^0,c
  1995   001A04  0E00               	movlw	0
  1996   001A06  6E13               	movwf	(?___fldiv+2)^0,c
  1997   001A08  0E00               	movlw	0
  1998   001A0A  6E14               	movwf	(?___fldiv+3)^0,c
  1999   001A0C  EF36  F00E         	goto	l631
  2000   001A10                     l1510:
  2001   001A10  5029               	movf	___fldiv@aexp^0,w,c
  2002   001A12  C028  F019         	movff	___fldiv@bexp,??___fldiv
  2003   001A16  6A1A               	clrf	(??___fldiv+1)^0,c
  2004   001A18  5E19               	subwf	??___fldiv^0,f,c
  2005   001A1A  0E00               	movlw	0
  2006   001A1C  5A1A               	subwfb	(??___fldiv+1)^0,f,c
  2007   001A1E  0E7F               	movlw	127
  2008   001A20  2419               	addwf	??___fldiv^0,w,c
  2009   001A22  6E22               	movwf	___fldiv@new_exp^0,c
  2010   001A24  0E00               	movlw	0
  2011   001A26  201A               	addwfc	(??___fldiv+1)^0,w,c
  2012   001A28  6E23               	movwf	(___fldiv@new_exp+1)^0,c
  2013   001A2A  C011  F01D         	movff	___fldiv@b,___fldiv@rem
  2014   001A2E  C012  F01E         	movff	___fldiv@b+1,___fldiv@rem+1
  2015   001A32  C013  F01F         	movff	___fldiv@b+2,___fldiv@rem+2
  2016   001A36  C014  F020         	movff	___fldiv@b+3,___fldiv@rem+3
  2017   001A3A  0E00               	movlw	0
  2018   001A3C  6E11               	movwf	___fldiv@b^0,c
  2019   001A3E  0E00               	movlw	0
  2020   001A40  6E12               	movwf	(___fldiv@b+1)^0,c
  2021   001A42  0E00               	movlw	0
  2022   001A44  6E13               	movwf	(___fldiv@b+2)^0,c
  2023   001A46  0E00               	movlw	0
  2024   001A48  6E14               	movwf	(___fldiv@b+3)^0,c
  2025   001A4A  0E00               	movlw	0
  2026   001A4C  6E24               	movwf	___fldiv@grs^0,c
  2027   001A4E  0E00               	movlw	0
  2028   001A50  6E25               	movwf	(___fldiv@grs+1)^0,c
  2029   001A52  0E00               	movlw	0
  2030   001A54  6E26               	movwf	(___fldiv@grs+2)^0,c
  2031   001A56  0E00               	movlw	0
  2032   001A58  6E27               	movwf	(___fldiv@grs+3)^0,c
  2033   001A5A  6A29               	clrf	___fldiv@aexp^0,c
  2034   001A5C  EF68  F00D         	goto	l633
  2035   001A60                     l1520:
  2036   001A60  5029               	movf	___fldiv@aexp^0,w,c
  2037   001A62  B4D8               	btfsc	status,2,c
  2038   001A64  EF36  F00D         	goto	u1411
  2039   001A68  EF38  F00D         	goto	u1410
  2040   001A6C                     u1411:
  2041   001A6C  EF4F  F00D         	goto	l1528
  2042   001A70                     u1410:
  2043   001A70  90D8               	bcf	status,0,c
  2044   001A72  361D               	rlcf	___fldiv@rem^0,f,c
  2045   001A74  361E               	rlcf	(___fldiv@rem+1)^0,f,c
  2046   001A76  361F               	rlcf	(___fldiv@rem+2)^0,f,c
  2047   001A78  3620               	rlcf	(___fldiv@rem+3)^0,f,c
  2048   001A7A  90D8               	bcf	status,0,c
  2049   001A7C  3611               	rlcf	___fldiv@b^0,f,c
  2050   001A7E  3612               	rlcf	(___fldiv@b+1)^0,f,c
  2051   001A80  3613               	rlcf	(___fldiv@b+2)^0,f,c
  2052   001A82  3614               	rlcf	(___fldiv@b+3)^0,f,c
  2053   001A84  AE27               	btfss	(___fldiv@grs+3)^0,7,c
  2054   001A86  EF47  F00D         	goto	u1421
  2055   001A8A  EF49  F00D         	goto	u1420
  2056   001A8E                     u1421:
  2057   001A8E  EF4A  F00D         	goto	l636
  2058   001A92                     u1420:
  2059   001A92  8011               	bsf	___fldiv@b^0,0,c
  2060   001A94                     l636:
  2061   001A94  90D8               	bcf	status,0,c
  2062   001A96  3624               	rlcf	___fldiv@grs^0,f,c
  2063   001A98  3625               	rlcf	(___fldiv@grs+1)^0,f,c
  2064   001A9A  3626               	rlcf	(___fldiv@grs+2)^0,f,c
  2065   001A9C  3627               	rlcf	(___fldiv@grs+3)^0,f,c
  2066   001A9E                     l1528:
  2067   001A9E  5015               	movf	___fldiv@a^0,w,c
  2068   001AA0  5C1D               	subwf	___fldiv@rem^0,w,c
  2069   001AA2  5016               	movf	(___fldiv@a+1)^0,w,c
  2070   001AA4  581E               	subwfb	(___fldiv@rem+1)^0,w,c
  2071   001AA6  5017               	movf	(___fldiv@a+2)^0,w,c
  2072   001AA8  581F               	subwfb	(___fldiv@rem+2)^0,w,c
  2073   001AAA  5018               	movf	(___fldiv@a+3)^0,w,c
  2074   001AAC  5820               	subwfb	(___fldiv@rem+3)^0,w,c
  2075   001AAE  A0D8               	btfss	status,0,c
  2076   001AB0  EF5C  F00D         	goto	u1431
  2077   001AB4  EF5E  F00D         	goto	u1430
  2078   001AB8                     u1431:
  2079   001AB8  EF67  F00D         	goto	l1534
  2080   001ABC                     u1430:
  2081   001ABC  8C27               	bsf	(___fldiv@grs+3)^0,6,c
  2082   001ABE  5015               	movf	___fldiv@a^0,w,c
  2083   001AC0  5E1D               	subwf	___fldiv@rem^0,f,c
  2084   001AC2  5016               	movf	(___fldiv@a+1)^0,w,c
  2085   001AC4  5A1E               	subwfb	(___fldiv@rem+1)^0,f,c
  2086   001AC6  5017               	movf	(___fldiv@a+2)^0,w,c
  2087   001AC8  5A1F               	subwfb	(___fldiv@rem+2)^0,f,c
  2088   001ACA  5018               	movf	(___fldiv@a+3)^0,w,c
  2089   001ACC  5A20               	subwfb	(___fldiv@rem+3)^0,f,c
  2090   001ACE                     l1534:
  2091   001ACE  2A29               	incf	___fldiv@aexp^0,f,c
  2092   001AD0                     l633:
  2093   001AD0  0E19               	movlw	25
  2094   001AD2  6429               	cpfsgt	___fldiv@aexp^0,c
  2095   001AD4  EF6E  F00D         	goto	u1441
  2096   001AD8  EF70  F00D         	goto	u1440
  2097   001ADC                     u1441:
  2098   001ADC  EF30  F00D         	goto	l1520
  2099   001AE0                     u1440:
  2100   001AE0  501D               	movf	___fldiv@rem^0,w,c
  2101   001AE2  101E               	iorwf	(___fldiv@rem+1)^0,w,c
  2102   001AE4  101F               	iorwf	(___fldiv@rem+2)^0,w,c
  2103   001AE6  1020               	iorwf	(___fldiv@rem+3)^0,w,c
  2104   001AE8  B4D8               	btfsc	status,2,c
  2105   001AEA  EF79  F00D         	goto	u1451
  2106   001AEE  EF7B  F00D         	goto	u1450
  2107   001AF2                     u1451:
  2108   001AF2  EF93  F00D         	goto	l1546
  2109   001AF6                     u1450:
  2110   001AF6  8024               	bsf	___fldiv@grs^0,0,c
  2111   001AF8  EF93  F00D         	goto	l1546
  2112   001AFC                     l1540:
  2113   001AFC  90D8               	bcf	status,0,c
  2114   001AFE  3611               	rlcf	___fldiv@b^0,f,c
  2115   001B00  3612               	rlcf	(___fldiv@b+1)^0,f,c
  2116   001B02  3613               	rlcf	(___fldiv@b+2)^0,f,c
  2117   001B04  3614               	rlcf	(___fldiv@b+3)^0,f,c
  2118   001B06  AE27               	btfss	(___fldiv@grs+3)^0,7,c
  2119   001B08  EF88  F00D         	goto	u1461
  2120   001B0C  EF8A  F00D         	goto	u1460
  2121   001B10                     u1461:
  2122   001B10  EF8B  F00D         	goto	l642
  2123   001B14                     u1460:
  2124   001B14  8011               	bsf	___fldiv@b^0,0,c
  2125   001B16                     l642:
  2126   001B16  90D8               	bcf	status,0,c
  2127   001B18  3624               	rlcf	___fldiv@grs^0,f,c
  2128   001B1A  3625               	rlcf	(___fldiv@grs+1)^0,f,c
  2129   001B1C  3626               	rlcf	(___fldiv@grs+2)^0,f,c
  2130   001B1E  3627               	rlcf	(___fldiv@grs+3)^0,f,c
  2131   001B20  0622               	decf	___fldiv@new_exp^0,f,c
  2132   001B22  A0D8               	btfss	status,0,c
  2133   001B24  0623               	decf	(___fldiv@new_exp+1)^0,f,c
  2134   001B26                     l1546:
  2135   001B26  AE13               	btfss	(___fldiv@b+2)^0,7,c
  2136   001B28  EF98  F00D         	goto	u1471
  2137   001B2C  EF9A  F00D         	goto	u1470
  2138   001B30                     u1471:
  2139   001B30  EF7E  F00D         	goto	l1540
  2140   001B34                     u1470:
  2141   001B34  6A29               	clrf	___fldiv@aexp^0,c
  2142   001B36  AE27               	btfss	(___fldiv@grs+3)^0,7,c
  2143   001B38  EFA0  F00D         	goto	u1481
  2144   001B3C  EFA2  F00D         	goto	u1480
  2145   001B40                     u1481:
  2146   001B40  EFC6  F00D         	goto	l644
  2147   001B44                     u1480:
  2148   001B44  0EFF               	movlw	255
  2149   001B46  1424               	andwf	___fldiv@grs^0,w,c
  2150   001B48  6E19               	movwf	??___fldiv^0,c
  2151   001B4A  0EFF               	movlw	255
  2152   001B4C  1425               	andwf	(___fldiv@grs+1)^0,w,c
  2153   001B4E  6E1A               	movwf	(??___fldiv+1)^0,c
  2154   001B50  0EFF               	movlw	255
  2155   001B52  1426               	andwf	(___fldiv@grs+2)^0,w,c
  2156   001B54  6E1B               	movwf	(??___fldiv+2)^0,c
  2157   001B56  0E7F               	movlw	127
  2158   001B58  1427               	andwf	(___fldiv@grs+3)^0,w,c
  2159   001B5A  6E1C               	movwf	(??___fldiv+3)^0,c
  2160   001B5C  5019               	movf	??___fldiv^0,w,c
  2161   001B5E  101A               	iorwf	(??___fldiv+1)^0,w,c
  2162   001B60  101B               	iorwf	(??___fldiv+2)^0,w,c
  2163   001B62  101C               	iorwf	(??___fldiv+3)^0,w,c
  2164   001B64  B4D8               	btfsc	status,2,c
  2165   001B66  EFB7  F00D         	goto	u1491
  2166   001B6A  EFB9  F00D         	goto	u1490
  2167   001B6E                     u1491:
  2168   001B6E  EFBD  F00D         	goto	l645
  2169   001B72                     u1490:
  2170   001B72                     l1550:
  2171   001B72  0E01               	movlw	1
  2172   001B74  6E29               	movwf	___fldiv@aexp^0,c
  2173   001B76  EFC6  F00D         	goto	l644
  2174   001B7A                     l645:
  2175   001B7A  A011               	btfss	___fldiv@b^0,0,c
  2176   001B7C  EFC2  F00D         	goto	u1501
  2177   001B80  EFC4  F00D         	goto	u1500
  2178   001B84                     u1501:
  2179   001B84  EFC6  F00D         	goto	l644
  2180   001B88                     u1500:
  2181   001B88  EFB9  F00D         	goto	l1550
  2182   001B8C                     l644:
  2183   001B8C  5029               	movf	___fldiv@aexp^0,w,c
  2184   001B8E  B4D8               	btfsc	status,2,c
  2185   001B90  EFCC  F00D         	goto	u1511
  2186   001B94  EFCE  F00D         	goto	u1510
  2187   001B98                     u1511:
  2188   001B98  EFF2  F00D         	goto	l1562
  2189   001B9C                     u1510:
  2190   001B9C  0E01               	movlw	1
  2191   001B9E  2611               	addwf	___fldiv@b^0,f,c
  2192   001BA0  0E00               	movlw	0
  2193   001BA2  2212               	addwfc	(___fldiv@b+1)^0,f,c
  2194   001BA4  2213               	addwfc	(___fldiv@b+2)^0,f,c
  2195   001BA6  2214               	addwfc	(___fldiv@b+3)^0,f,c
  2196   001BA8  A014               	btfss	(___fldiv@b+3)^0,0,c
  2197   001BAA  EFD9  F00D         	goto	u1521
  2198   001BAE  EFDB  F00D         	goto	u1520
  2199   001BB2                     u1521:
  2200   001BB2  EFF2  F00D         	goto	l1562
  2201   001BB6                     u1520:
  2202   001BB6  C011  F019         	movff	___fldiv@b,??___fldiv
  2203   001BBA  C012  F01A         	movff	___fldiv@b+1,??___fldiv+1
  2204   001BBE  C013  F01B         	movff	___fldiv@b+2,??___fldiv+2
  2205   001BC2  C014  F01C         	movff	___fldiv@b+3,??___fldiv+3
  2206   001BC6  341C               	rlcf	(??___fldiv+3)^0,w,c
  2207   001BC8  321C               	rrcf	(??___fldiv+3)^0,f,c
  2208   001BCA  321B               	rrcf	(??___fldiv+2)^0,f,c
  2209   001BCC  321A               	rrcf	(??___fldiv+1)^0,f,c
  2210   001BCE  3219               	rrcf	??___fldiv^0,f,c
  2211   001BD0  C019  F011         	movff	??___fldiv,___fldiv@b
  2212   001BD4  C01A  F012         	movff	??___fldiv+1,___fldiv@b+1
  2213   001BD8  C01B  F013         	movff	??___fldiv+2,___fldiv@b+2
  2214   001BDC  C01C  F014         	movff	??___fldiv+3,___fldiv@b+3
  2215   001BE0  4A22               	infsnz	___fldiv@new_exp^0,f,c
  2216   001BE2  2A23               	incf	(___fldiv@new_exp+1)^0,f,c
  2217   001BE4                     l1562:
  2218   001BE4  BE23               	btfsc	(___fldiv@new_exp+1)^0,7,c
  2219   001BE6  EFFD  F00D         	goto	u1531
  2220   001BEA  5023               	movf	(___fldiv@new_exp+1)^0,w,c
  2221   001BEC  E108               	bnz	u1530
  2222   001BEE  2822               	incf	___fldiv@new_exp^0,w,c
  2223   001BF0  A0D8               	btfss	status,0,c
  2224   001BF2  EFFD  F00D         	goto	u1531
  2225   001BF6  EFFF  F00D         	goto	u1530
  2226   001BFA                     u1531:
  2227   001BFA  EF0A  F00E         	goto	l1566
  2228   001BFE                     u1530:
  2229   001BFE  0E00               	movlw	0
  2230   001C00  6E23               	movwf	(___fldiv@new_exp+1)^0,c
  2231   001C02  6822               	setf	___fldiv@new_exp^0,c
  2232   001C04  0E00               	movlw	0
  2233   001C06  6E11               	movwf	___fldiv@b^0,c
  2234   001C08  0E00               	movlw	0
  2235   001C0A  6E12               	movwf	(___fldiv@b+1)^0,c
  2236   001C0C  0E00               	movlw	0
  2237   001C0E  6E13               	movwf	(___fldiv@b+2)^0,c
  2238   001C10  0E00               	movlw	0
  2239   001C12  6E14               	movwf	(___fldiv@b+3)^0,c
  2240   001C14                     l1566:
  2241   001C14  BE23               	btfsc	(___fldiv@new_exp+1)^0,7,c
  2242   001C16  EF17  F00E         	goto	u1540
  2243   001C1A  5023               	movf	(___fldiv@new_exp+1)^0,w,c
  2244   001C1C  E106               	bnz	u1541
  2245   001C1E  0422               	decf	___fldiv@new_exp^0,w,c
  2246   001C20  B0D8               	btfsc	status,0,c
  2247   001C22  EF15  F00E         	goto	u1541
  2248   001C26  EF17  F00E         	goto	u1540
  2249   001C2A                     u1541:
  2250   001C2A  EF24  F00E         	goto	l1572
  2251   001C2E                     u1540:
  2252   001C2E  0E00               	movlw	0
  2253   001C30  6E23               	movwf	(___fldiv@new_exp+1)^0,c
  2254   001C32  0E00               	movlw	0
  2255   001C34  6E22               	movwf	___fldiv@new_exp^0,c
  2256   001C36  0E00               	movlw	0
  2257   001C38  6E11               	movwf	___fldiv@b^0,c
  2258   001C3A  0E00               	movlw	0
  2259   001C3C  6E12               	movwf	(___fldiv@b+1)^0,c
  2260   001C3E  0E00               	movlw	0
  2261   001C40  6E13               	movwf	(___fldiv@b+2)^0,c
  2262   001C42  0E00               	movlw	0
  2263   001C44  6E14               	movwf	(___fldiv@b+3)^0,c
  2264   001C46  6A21               	clrf	___fldiv@sign^0,c
  2265   001C48                     l1572:
  2266   001C48  C022  F028         	movff	___fldiv@new_exp,___fldiv@bexp
  2267   001C4C  A028               	btfss	___fldiv@bexp^0,0,c
  2268   001C4E  EF2B  F00E         	goto	u1551
  2269   001C52  EF2D  F00E         	goto	u1550
  2270   001C56                     u1551:
  2271   001C56  EF30  F00E         	goto	l1578
  2272   001C5A                     u1550:
  2273   001C5A  8E13               	bsf	(___fldiv@b+2)^0,7,c
  2274   001C5C  EF31  F00E         	goto	l1580
  2275   001C60                     l1578:
  2276   001C60  9E13               	bcf	(___fldiv@b+2)^0,7,c
  2277   001C62                     l1580:
  2278   001C62  90D8               	bcf	status,0,c
  2279   001C64  3028               	rrcf	___fldiv@bexp^0,w,c
  2280   001C66  6E14               	movwf	(___fldiv@b+3)^0,c
  2281   001C68  EFEA  F00C         	goto	l1496
  2282   001C6C                     l631:
  2283   001C6C  0012               	return		;funcret
  2284   001C6E                     __end_of___fldiv:
  2285                           	callstack 0
  2286                           
  2287 ;; *************** function ___fladd *****************
  2288 ;; Defined at:
  2289 ;;		line 10 in file "C:\Program Files\Microchip\xc8\v3.00\pic\sources\c99\common\sprcadd.c"
  2290 ;; Parameters:    Size  Location     Type
  2291 ;;  b               4    0[COMRAM] unsigned char 
  2292 ;;  a               4    4[COMRAM] unsigned char 
  2293 ;; Auto vars:     Size  Location     Type
  2294 ;;  grs             1   15[COMRAM] unsigned char 
  2295 ;;  bexp            1   14[COMRAM] unsigned char 
  2296 ;;  aexp            1   13[COMRAM] unsigned char 
  2297 ;;  signs           1   12[COMRAM] unsigned char 
  2298 ;; Return value:  Size  Location     Type
  2299 ;;                  4    0[COMRAM] unsigned char 
  2300 ;; Registers used:
  2301 ;;		wreg, status,2, status,0
  2302 ;; Tracked objects:
  2303 ;;		On entry : 0/0
  2304 ;;		On exit  : 0/0
  2305 ;;		Unchanged: 0/0
  2306 ;; Data sizes:     COMRAM   BANK0   BANK1   BANK2   BANK3   BANK4   BANK5   BANK6   BANK7   BANK8   BANK9  BANK10  BANK1
      +1  BANK12  BANK13
  2307 ;;      Params:         8       0       0       0       0       0       0       0       0       0       0       0       
      +0       0       0
  2308 ;;      Locals:         4       0       0       0       0       0       0       0       0       0       0       0       
      +0       0       0
  2309 ;;      Temps:          4       0       0       0       0       0       0       0       0       0       0       0       
      +0       0       0
  2310 ;;      Totals:        16       0       0       0       0       0       0       0       0       0       0       0       
      +0       0       0
  2311 ;;Total ram usage:       16 bytes
  2312 ;; Hardware stack levels used: 1
  2313 ;; This function calls:
  2314 ;;		Nothing
  2315 ;; This function is called by:
  2316 ;;		_measure_once
  2317 ;; This function uses a non-reentrant model
  2318 ;;
  2319                           
  2320                           	psect	text5
  2321   001002                     __ptext5:
  2322                           	callstack 0
  2323   001002                     ___fladd:
  2324                           	callstack 29
  2325   001002  5004               	movf	(___fladd@b+3)^0,w,c
  2326   001004  0B80               	andlw	128
  2327   001006  6E0D               	movwf	___fladd@signs^0,c
  2328   001008  5004               	movf	(___fladd@b+3)^0,w,c
  2329   00100A  2404               	addwf	(___fladd@b+3)^0,w,c
  2330   00100C  6E0F               	movwf	___fladd@bexp^0,c
  2331   00100E  AE03               	btfss	(___fladd@b+2)^0,7,c
  2332   001010  EF0C  F008         	goto	u941
  2333   001014  EF0E  F008         	goto	u940
  2334   001018                     u941:
  2335   001018  EF0F  F008         	goto	l1264
  2336   00101C                     u940:
  2337   00101C  800F               	bsf	___fladd@bexp^0,0,c
  2338   00101E                     l1264:
  2339   00101E  500F               	movf	___fladd@bexp^0,w,c
  2340   001020  B4D8               	btfsc	status,2,c
  2341   001022  EF15  F008         	goto	u951
  2342   001026  EF17  F008         	goto	u950
  2343   00102A                     u951:
  2344   00102A  EF2B  F008         	goto	l1274
  2345   00102E                     u950:
  2346   00102E  280F               	incf	___fladd@bexp^0,w,c
  2347   001030  A4D8               	btfss	status,2,c
  2348   001032  EF1D  F008         	goto	u961
  2349   001036  EF1F  F008         	goto	u960
  2350   00103A                     u961:
  2351   00103A  EF27  F008         	goto	l1270
  2352   00103E                     u960:
  2353   00103E  0E00               	movlw	0
  2354   001040  6E01               	movwf	___fladd@b^0,c
  2355   001042  0E00               	movlw	0
  2356   001044  6E02               	movwf	(___fladd@b+1)^0,c
  2357   001046  0E00               	movlw	0
  2358   001048  6E03               	movwf	(___fladd@b+2)^0,c
  2359   00104A  0E00               	movlw	0
  2360   00104C  6E04               	movwf	(___fladd@b+3)^0,c
  2361   00104E                     l1270:
  2362   00104E  8E03               	bsf	(___fladd@b+2)^0,7,c
  2363   001050  6A04               	clrf	(___fladd@b+3)^0,c
  2364   001052  EF33  F008         	goto	l1276
  2365   001056                     l1274:
  2366   001056  0E00               	movlw	0
  2367   001058  6E01               	movwf	___fladd@b^0,c
  2368   00105A  0E00               	movlw	0
  2369   00105C  6E02               	movwf	(___fladd@b+1)^0,c
  2370   00105E  0E00               	movlw	0
  2371   001060  6E03               	movwf	(___fladd@b+2)^0,c
  2372   001062  0E00               	movlw	0
  2373   001064  6E04               	movwf	(___fladd@b+3)^0,c
  2374   001066                     l1276:
  2375   001066  5008               	movf	(___fladd@a+3)^0,w,c
  2376   001068  0B80               	andlw	128
  2377   00106A  6E0E               	movwf	___fladd@aexp^0,c
  2378   00106C  500D               	movf	___fladd@signs^0,w,c
  2379   00106E  180E               	xorwf	___fladd@aexp^0,w,c
  2380   001070  B4D8               	btfsc	status,2,c
  2381   001072  EF3D  F008         	goto	u971
  2382   001076  EF3F  F008         	goto	u970
  2383   00107A                     u971:
  2384   00107A  EF40  F008         	goto	l1282
  2385   00107E                     u970:
  2386   00107E  8C0D               	bsf	___fladd@signs^0,6,c
  2387   001080                     l1282:
  2388   001080  5008               	movf	(___fladd@a+3)^0,w,c
  2389   001082  2408               	addwf	(___fladd@a+3)^0,w,c
  2390   001084  6E0E               	movwf	___fladd@aexp^0,c
  2391   001086  AE07               	btfss	(___fladd@a+2)^0,7,c
  2392   001088  EF48  F008         	goto	u981
  2393   00108C  EF4A  F008         	goto	u980
  2394   001090                     u981:
  2395   001090  EF4B  F008         	goto	l1288
  2396   001094                     u980:
  2397   001094  800E               	bsf	___fladd@aexp^0,0,c
  2398   001096                     l1288:
  2399   001096  500E               	movf	___fladd@aexp^0,w,c
  2400   001098  B4D8               	btfsc	status,2,c
  2401   00109A  EF51  F008         	goto	u991
  2402   00109E  EF53  F008         	goto	u990
  2403   0010A2                     u991:
  2404   0010A2  EF67  F008         	goto	l1298
  2405   0010A6                     u990:
  2406   0010A6  280E               	incf	___fladd@aexp^0,w,c
  2407   0010A8  A4D8               	btfss	status,2,c
  2408   0010AA  EF59  F008         	goto	u1001
  2409   0010AE  EF5B  F008         	goto	u1000
  2410   0010B2                     u1001:
  2411   0010B2  EF63  F008         	goto	l1294
  2412   0010B6                     u1000:
  2413   0010B6  0E00               	movlw	0
  2414   0010B8  6E05               	movwf	___fladd@a^0,c
  2415   0010BA  0E00               	movlw	0
  2416   0010BC  6E06               	movwf	(___fladd@a+1)^0,c
  2417   0010BE  0E00               	movlw	0
  2418   0010C0  6E07               	movwf	(___fladd@a+2)^0,c
  2419   0010C2  0E00               	movlw	0
  2420   0010C4  6E08               	movwf	(___fladd@a+3)^0,c
  2421   0010C6                     l1294:
  2422   0010C6  8E07               	bsf	(___fladd@a+2)^0,7,c
  2423   0010C8  6A08               	clrf	(___fladd@a+3)^0,c
  2424   0010CA  EF6F  F008         	goto	l1300
  2425   0010CE                     l1298:
  2426   0010CE  0E00               	movlw	0
  2427   0010D0  6E05               	movwf	___fladd@a^0,c
  2428   0010D2  0E00               	movlw	0
  2429   0010D4  6E06               	movwf	(___fladd@a+1)^0,c
  2430   0010D6  0E00               	movlw	0
  2431   0010D8  6E07               	movwf	(___fladd@a+2)^0,c
  2432   0010DA  0E00               	movlw	0
  2433   0010DC  6E08               	movwf	(___fladd@a+3)^0,c
  2434   0010DE                     l1300:
  2435   0010DE  500F               	movf	___fladd@bexp^0,w,c
  2436   0010E0  5C0E               	subwf	___fladd@aexp^0,w,c
  2437   0010E2  B0D8               	btfsc	status,0,c
  2438   0010E4  EF76  F008         	goto	u1011
  2439   0010E8  EF78  F008         	goto	u1010
  2440   0010EC                     u1011:
  2441   0010EC  EF9F  F008         	goto	l1336
  2442   0010F0                     u1010:
  2443   0010F0  AC0D               	btfss	___fladd@signs^0,6,c
  2444   0010F2  EF7D  F008         	goto	u1021
  2445   0010F6  EF7F  F008         	goto	u1020
  2446   0010FA                     u1021:
  2447   0010FA  EF81  F008         	goto	l1306
  2448   0010FE                     u1020:
  2449   0010FE  0E80               	movlw	128
  2450   001100  1A0D               	xorwf	___fladd@signs^0,f,c
  2451   001102                     l1306:
  2452   001102  C00F  F010         	movff	___fladd@bexp,___fladd@grs
  2453   001106  C00E  F00F         	movff	___fladd@aexp,___fladd@bexp
  2454   00110A  C010  F00E         	movff	___fladd@grs,___fladd@aexp
  2455   00110E  C001  F010         	movff	___fladd@b,___fladd@grs
  2456   001112  C005  F001         	movff	___fladd@a,___fladd@b
  2457   001116  C010  F005         	movff	___fladd@grs,___fladd@a
  2458   00111A  C002  F010         	movff	___fladd@b+1,___fladd@grs
  2459   00111E  C006  F002         	movff	___fladd@a+1,___fladd@b+1
  2460   001122  C010  F006         	movff	___fladd@grs,___fladd@a+1
  2461   001126  C003  F010         	movff	___fladd@b+2,___fladd@grs
  2462   00112A  C007  F003         	movff	___fladd@a+2,___fladd@b+2
  2463   00112E  C010  F007         	movff	___fladd@grs,___fladd@a+2
  2464   001132  C004  F010         	movff	___fladd@b+3,___fladd@grs
  2465   001136  C008  F004         	movff	___fladd@a+3,___fladd@b+3
  2466   00113A  C010  F008         	movff	___fladd@grs,___fladd@a+3
  2467   00113E                     l1336:
  2468   00113E  6A10               	clrf	___fladd@grs^0,c
  2469   001140  500F               	movf	___fladd@bexp^0,w,c
  2470   001142  C00E  F009         	movff	___fladd@aexp,??___fladd
  2471   001146  6A0A               	clrf	(??___fladd+1)^0,c
  2472   001148  5E09               	subwf	??___fladd^0,f,c
  2473   00114A  0E00               	movlw	0
  2474   00114C  5A0A               	subwfb	(??___fladd+1)^0,f,c
  2475   00114E  BE0A               	btfsc	(??___fladd+1)^0,7,c
  2476   001150  EFB3  F008         	goto	u1031
  2477   001154  500A               	movf	(??___fladd+1)^0,w,c
  2478   001156  E109               	bnz	u1030
  2479   001158  0E1A               	movlw	26
  2480   00115A  5C09               	subwf	??___fladd^0,w,c
  2481   00115C  A0D8               	btfss	status,0,c
  2482   00115E  EFB3  F008         	goto	u1031
  2483   001162  EFB5  F008         	goto	u1030
  2484   001166                     u1031:
  2485   001166  EFEC  F008         	goto	l578
  2486   00116A                     u1030:
  2487   00116A  5001               	movf	___fladd@b^0,w,c
  2488   00116C  1002               	iorwf	(___fladd@b+1)^0,w,c
  2489   00116E  1003               	iorwf	(___fladd@b+2)^0,w,c
  2490   001170  1004               	iorwf	(___fladd@b+3)^0,w,c
  2491   001172  A4D8               	btfss	status,2,c
  2492   001174  EFBE  F008         	goto	u1041
  2493   001178  EFC1  F008         	goto	u1040
  2494   00117C                     u1041:
  2495   00117C  0E01               	movlw	1
  2496   00117E  EFC2  F008         	goto	u1050
  2497   001182                     u1040:
  2498   001182  0E00               	movlw	0
  2499   001184                     u1050:
  2500   001184  6E10               	movwf	___fladd@grs^0,c
  2501   001186  0E00               	movlw	0
  2502   001188  6E01               	movwf	___fladd@b^0,c
  2503   00118A  0E00               	movlw	0
  2504   00118C  6E02               	movwf	(___fladd@b+1)^0,c
  2505   00118E  0E00               	movlw	0
  2506   001190  6E03               	movwf	(___fladd@b+2)^0,c
  2507   001192  0E00               	movlw	0
  2508   001194  6E04               	movwf	(___fladd@b+3)^0,c
  2509   001196  C00E  F00F         	movff	___fladd@aexp,___fladd@bexp
  2510   00119A  EFF5  F008         	goto	l577
  2511   00119E                     l579:
  2512   00119E  A010               	btfss	___fladd@grs^0,0,c
  2513   0011A0  EFD4  F008         	goto	u1061
  2514   0011A4  EFD6  F008         	goto	u1060
  2515   0011A8                     u1061:
  2516   0011A8  EFDC  F008         	goto	l1346
  2517   0011AC                     u1060:
  2518   0011AC  90D8               	bcf	status,0,c
  2519   0011AE  3010               	rrcf	___fladd@grs^0,w,c
  2520   0011B0  0901               	iorlw	1
  2521   0011B2  6E10               	movwf	___fladd@grs^0,c
  2522   0011B4  EFDE  F008         	goto	l1348
  2523   0011B8                     l1346:
  2524   0011B8  90D8               	bcf	status,0,c
  2525   0011BA  3210               	rrcf	___fladd@grs^0,f,c
  2526   0011BC                     l1348:
  2527   0011BC  A001               	btfss	___fladd@b^0,0,c
  2528   0011BE  EFE3  F008         	goto	u1071
  2529   0011C2  EFE5  F008         	goto	u1070
  2530   0011C6                     u1071:
  2531   0011C6  EFE6  F008         	goto	l1352
  2532   0011CA                     u1070:
  2533   0011CA  8E10               	bsf	___fladd@grs^0,7,c
  2534   0011CC                     l1352:
  2535   0011CC  3404               	rlcf	(___fladd@b+3)^0,w,c
  2536   0011CE  3204               	rrcf	(___fladd@b+3)^0,f,c
  2537   0011D0  3203               	rrcf	(___fladd@b+2)^0,f,c
  2538   0011D2  3202               	rrcf	(___fladd@b+1)^0,f,c
  2539   0011D4  3201               	rrcf	___fladd@b^0,f,c
  2540   0011D6  2A0F               	incf	___fladd@bexp^0,f,c
  2541   0011D8                     l578:
  2542   0011D8  500E               	movf	___fladd@aexp^0,w,c
  2543   0011DA  5C0F               	subwf	___fladd@bexp^0,w,c
  2544   0011DC  A0D8               	btfss	status,0,c
  2545   0011DE  EFF3  F008         	goto	u1081
  2546   0011E2  EFF5  F008         	goto	u1080
  2547   0011E6                     u1081:
  2548   0011E6  EFCF  F008         	goto	l579
  2549   0011EA                     u1080:
  2550   0011EA                     l577:
  2551   0011EA  BC0D               	btfsc	___fladd@signs^0,6,c
  2552   0011EC  EFFA  F008         	goto	u1091
  2553   0011F0  EFFC  F008         	goto	u1090
  2554   0011F4                     u1091:
  2555   0011F4  EF3C  F009         	goto	l1380
  2556   0011F8                     u1090:
  2557   0011F8  500F               	movf	___fladd@bexp^0,w,c
  2558   0011FA  A4D8               	btfss	status,2,c
  2559   0011FC  EF02  F009         	goto	u1101
  2560   001200  EF04  F009         	goto	u1100
  2561   001204                     u1101:
  2562   001204  EF0E  F009         	goto	l1362
  2563   001208                     u1100:
  2564   001208  0E00               	movlw	0
  2565   00120A  6E01               	movwf	?___fladd^0,c
  2566   00120C  0E00               	movlw	0
  2567   00120E  6E02               	movwf	(?___fladd+1)^0,c
  2568   001210  0E00               	movlw	0
  2569   001212  6E03               	movwf	(?___fladd+2)^0,c
  2570   001214  0E00               	movlw	0
  2571   001216  6E04               	movwf	(?___fladd+3)^0,c
  2572   001218  EF5B  F00A         	goto	l586
  2573   00121C                     l1362:
  2574   00121C  5005               	movf	___fladd@a^0,w,c
  2575   00121E  2601               	addwf	___fladd@b^0,f,c
  2576   001220  5006               	movf	(___fladd@a+1)^0,w,c
  2577   001222  2202               	addwfc	(___fladd@b+1)^0,f,c
  2578   001224  5007               	movf	(___fladd@a+2)^0,w,c
  2579   001226  2203               	addwfc	(___fladd@b+2)^0,f,c
  2580   001228  5008               	movf	(___fladd@a+3)^0,w,c
  2581   00122A  2204               	addwfc	(___fladd@b+3)^0,f,c
  2582   00122C  A004               	btfss	(___fladd@b+3)^0,0,c
  2583   00122E  EF1B  F009         	goto	u1111
  2584   001232  EF1D  F009         	goto	u1110
  2585   001236                     u1111:
  2586   001236  EFC9  F009         	goto	l591
  2587   00123A                     u1110:
  2588   00123A  A010               	btfss	___fladd@grs^0,0,c
  2589   00123C  EF22  F009         	goto	u1121
  2590   001240  EF24  F009         	goto	u1120
  2591   001244                     u1121:
  2592   001244  EF2A  F009         	goto	l1370
  2593   001248                     u1120:
  2594   001248  90D8               	bcf	status,0,c
  2595   00124A  3010               	rrcf	___fladd@grs^0,w,c
  2596   00124C  0901               	iorlw	1
  2597   00124E  6E10               	movwf	___fladd@grs^0,c
  2598   001250  EF2C  F009         	goto	l1372
  2599   001254                     l1370:
  2600   001254  90D8               	bcf	status,0,c
  2601   001256  3210               	rrcf	___fladd@grs^0,f,c
  2602   001258                     l1372:
  2603   001258  A001               	btfss	___fladd@b^0,0,c
  2604   00125A  EF31  F009         	goto	u1131
  2605   00125E  EF33  F009         	goto	u1130
  2606   001262                     u1131:
  2607   001262  EF34  F009         	goto	l1376
  2608   001266                     u1130:
  2609   001266  8E10               	bsf	___fladd@grs^0,7,c
  2610   001268                     l1376:
  2611   001268  3404               	rlcf	(___fladd@b+3)^0,w,c
  2612   00126A  3204               	rrcf	(___fladd@b+3)^0,f,c
  2613   00126C  3203               	rrcf	(___fladd@b+2)^0,f,c
  2614   00126E  3202               	rrcf	(___fladd@b+1)^0,f,c
  2615   001270  3201               	rrcf	___fladd@b^0,f,c
  2616   001272  2A0F               	incf	___fladd@bexp^0,f,c
  2617   001274  EFC9  F009         	goto	l591
  2618   001278                     l1380:
  2619   001278  5005               	movf	___fladd@a^0,w,c
  2620   00127A  5C01               	subwf	___fladd@b^0,w,c
  2621   00127C  5006               	movf	(___fladd@a+1)^0,w,c
  2622   00127E  5802               	subwfb	(___fladd@b+1)^0,w,c
  2623   001280  5007               	movf	(___fladd@a+2)^0,w,c
  2624   001282  5803               	subwfb	(___fladd@b+2)^0,w,c
  2625   001284  5004               	movf	(___fladd@b+3)^0,w,c
  2626   001286  0A80               	xorlw	128
  2627   001288  6E09               	movwf	??___fladd^0,c
  2628   00128A  5008               	movf	(___fladd@a+3)^0,w,c
  2629   00128C  0A80               	xorlw	128
  2630   00128E  5809               	subwfb	??___fladd^0,w,c
  2631   001290  B0D8               	btfsc	status,0,c
  2632   001292  EF4D  F009         	goto	u1141
  2633   001296  EF4F  F009         	goto	u1140
  2634   00129A                     u1141:
  2635   00129A  EF7A  F009         	goto	l1390
  2636   00129E                     u1140:
  2637   00129E  5001               	movf	___fladd@b^0,w,c
  2638   0012A0  5C05               	subwf	___fladd@a^0,w,c
  2639   0012A2  6E09               	movwf	??___fladd^0,c
  2640   0012A4  5002               	movf	(___fladd@b+1)^0,w,c
  2641   0012A6  5806               	subwfb	(___fladd@a+1)^0,w,c
  2642   0012A8  6E0A               	movwf	(??___fladd+1)^0,c
  2643   0012AA  5003               	movf	(___fladd@b+2)^0,w,c
  2644   0012AC  5807               	subwfb	(___fladd@a+2)^0,w,c
  2645   0012AE  6E0B               	movwf	(??___fladd+2)^0,c
  2646   0012B0  5004               	movf	(___fladd@b+3)^0,w,c
  2647   0012B2  5808               	subwfb	(___fladd@a+3)^0,w,c
  2648   0012B4  6E0C               	movwf	(??___fladd+3)^0,c
  2649   0012B6  0EFF               	movlw	255
  2650   0012B8  2409               	addwf	??___fladd^0,w,c
  2651   0012BA  6E01               	movwf	___fladd@b^0,c
  2652   0012BC  0EFF               	movlw	255
  2653   0012BE  200A               	addwfc	(??___fladd+1)^0,w,c
  2654   0012C0  6E02               	movwf	(___fladd@b+1)^0,c
  2655   0012C2  0EFF               	movlw	255
  2656   0012C4  200B               	addwfc	(??___fladd+2)^0,w,c
  2657   0012C6  6E03               	movwf	(___fladd@b+2)^0,c
  2658   0012C8  0EFF               	movlw	255
  2659   0012CA  200C               	addwfc	(??___fladd+3)^0,w,c
  2660   0012CC  6E04               	movwf	(___fladd@b+3)^0,c
  2661   0012CE  0E80               	movlw	128
  2662   0012D0  1A0D               	xorwf	___fladd@signs^0,f,c
  2663   0012D2  6C10               	negf	___fladd@grs^0,c
  2664   0012D4  5010               	movf	___fladd@grs^0,w,c
  2665   0012D6  A4D8               	btfss	status,2,c
  2666   0012D8  EF70  F009         	goto	u1151
  2667   0012DC  EF72  F009         	goto	u1150
  2668   0012E0                     u1151:
  2669   0012E0  EF82  F009         	goto	l594
  2670   0012E4                     u1150:
  2671   0012E4  0E01               	movlw	1
  2672   0012E6  2601               	addwf	___fladd@b^0,f,c
  2673   0012E8  0E00               	movlw	0
  2674   0012EA  2202               	addwfc	(___fladd@b+1)^0,f,c
  2675   0012EC  2203               	addwfc	(___fladd@b+2)^0,f,c
  2676   0012EE  2204               	addwfc	(___fladd@b+3)^0,f,c
  2677   0012F0  EF82  F009         	goto	l594
  2678   0012F4                     l1390:
  2679   0012F4  5005               	movf	___fladd@a^0,w,c
  2680   0012F6  5E01               	subwf	___fladd@b^0,f,c
  2681   0012F8  5006               	movf	(___fladd@a+1)^0,w,c
  2682   0012FA  5A02               	subwfb	(___fladd@b+1)^0,f,c
  2683   0012FC  5007               	movf	(___fladd@a+2)^0,w,c
  2684   0012FE  5A03               	subwfb	(___fladd@b+2)^0,f,c
  2685   001300  5008               	movf	(___fladd@a+3)^0,w,c
  2686   001302  5A04               	subwfb	(___fladd@b+3)^0,f,c
  2687   001304                     l594:
  2688   001304  5001               	movf	___fladd@b^0,w,c
  2689   001306  1002               	iorwf	(___fladd@b+1)^0,w,c
  2690   001308  1003               	iorwf	(___fladd@b+2)^0,w,c
  2691   00130A  1004               	iorwf	(___fladd@b+3)^0,w,c
  2692   00130C  A4D8               	btfss	status,2,c
  2693   00130E  EF8B  F009         	goto	u1161
  2694   001312  EF8D  F009         	goto	u1160
  2695   001316                     u1161:
  2696   001316  EFC2  F009         	goto	l1414
  2697   00131A                     u1160:
  2698   00131A  5010               	movf	___fladd@grs^0,w,c
  2699   00131C  A4D8               	btfss	status,2,c
  2700   00131E  EF93  F009         	goto	u1171
  2701   001322  EF95  F009         	goto	u1170
  2702   001326                     u1171:
  2703   001326  EFC2  F009         	goto	l1414
  2704   00132A                     u1170:
  2705   00132A  0E00               	movlw	0
  2706   00132C  6E01               	movwf	?___fladd^0,c
  2707   00132E  0E00               	movlw	0
  2708   001330  6E02               	movwf	(?___fladd+1)^0,c
  2709   001332  0E00               	movlw	0
  2710   001334  6E03               	movwf	(?___fladd+2)^0,c
  2711   001336  0E00               	movlw	0
  2712   001338  6E04               	movwf	(?___fladd+3)^0,c
  2713   00133A  EF5B  F00A         	goto	l586
  2714   00133E                     l1398:
  2715   00133E  90D8               	bcf	status,0,c
  2716   001340  3601               	rlcf	___fladd@b^0,f,c
  2717   001342  3602               	rlcf	(___fladd@b+1)^0,f,c
  2718   001344  3603               	rlcf	(___fladd@b+2)^0,f,c
  2719   001346  3604               	rlcf	(___fladd@b+3)^0,f,c
  2720   001348  AE10               	btfss	___fladd@grs^0,7,c
  2721   00134A  EFA9  F009         	goto	u1181
  2722   00134E  EFAB  F009         	goto	u1180
  2723   001352                     u1181:
  2724   001352  EFAC  F009         	goto	l1404
  2725   001356                     u1180:
  2726   001356  8001               	bsf	___fladd@b^0,0,c
  2727   001358                     l1404:
  2728   001358  A010               	btfss	___fladd@grs^0,0,c
  2729   00135A  EFB1  F009         	goto	u1191
  2730   00135E  EFB3  F009         	goto	u1190
  2731   001362                     u1191:
  2732   001362  EFB7  F009         	goto	l1408
  2733   001366                     u1190:
  2734   001366  80D8               	bsf	status,0,c
  2735   001368  3610               	rlcf	___fladd@grs^0,f,c
  2736   00136A  EFB9  F009         	goto	l1410
  2737   00136E                     l1408:
  2738   00136E  90D8               	bcf	status,0,c
  2739   001370  3610               	rlcf	___fladd@grs^0,f,c
  2740   001372                     l1410:
  2741   001372  500F               	movf	___fladd@bexp^0,w,c
  2742   001374  B4D8               	btfsc	status,2,c
  2743   001376  EFBF  F009         	goto	u1201
  2744   00137A  EFC1  F009         	goto	u1200
  2745   00137E                     u1201:
  2746   00137E  EFC2  F009         	goto	l1414
  2747   001382                     u1200:
  2748   001382  060F               	decf	___fladd@bexp^0,f,c
  2749   001384                     l1414:
  2750   001384  AE03               	btfss	(___fladd@b+2)^0,7,c
  2751   001386  EFC7  F009         	goto	u1211
  2752   00138A  EFC9  F009         	goto	u1210
  2753   00138E                     u1211:
  2754   00138E  EF9F  F009         	goto	l1398
  2755   001392                     u1210:
  2756   001392                     l591:
  2757   001392  6A0E               	clrf	___fladd@aexp^0,c
  2758   001394  AE10               	btfss	___fladd@grs^0,7,c
  2759   001396  EFCF  F009         	goto	u1221
  2760   00139A  EFD1  F009         	goto	u1220
  2761   00139E                     u1221:
  2762   00139E  EFE9  F009         	goto	l603
  2763   0013A2                     u1220:
  2764   0013A2  C010  F009         	movff	___fladd@grs,??___fladd
  2765   0013A6  0E7F               	movlw	127
  2766   0013A8  1609               	andwf	??___fladd^0,f,c
  2767   0013AA  B4D8               	btfsc	status,2,c
  2768   0013AC  EFDA  F009         	goto	u1231
  2769   0013B0  EFDC  F009         	goto	u1230
  2770   0013B4                     u1231:
  2771   0013B4  EFE0  F009         	goto	l604
  2772   0013B8                     u1230:
  2773   0013B8                     l1418:
  2774   0013B8  0E01               	movlw	1
  2775   0013BA  6E0E               	movwf	___fladd@aexp^0,c
  2776   0013BC  EFE9  F009         	goto	l603
  2777   0013C0                     l604:
  2778   0013C0  A001               	btfss	___fladd@b^0,0,c
  2779   0013C2  EFE5  F009         	goto	u1241
  2780   0013C6  EFE7  F009         	goto	u1240
  2781   0013CA                     u1241:
  2782   0013CA  EFE9  F009         	goto	l603
  2783   0013CE                     u1240:
  2784   0013CE  EFDC  F009         	goto	l1418
  2785   0013D2                     l603:
  2786   0013D2  500E               	movf	___fladd@aexp^0,w,c
  2787   0013D4  B4D8               	btfsc	status,2,c
  2788   0013D6  EFEF  F009         	goto	u1251
  2789   0013DA  EFF1  F009         	goto	u1250
  2790   0013DE                     u1251:
  2791   0013DE  EF1C  F00A         	goto	l1430
  2792   0013E2                     u1250:
  2793   0013E2  0E01               	movlw	1
  2794   0013E4  2601               	addwf	___fladd@b^0,f,c
  2795   0013E6  0E00               	movlw	0
  2796   0013E8  2202               	addwfc	(___fladd@b+1)^0,f,c
  2797   0013EA  2203               	addwfc	(___fladd@b+2)^0,f,c
  2798   0013EC  2204               	addwfc	(___fladd@b+3)^0,f,c
  2799   0013EE  A004               	btfss	(___fladd@b+3)^0,0,c
  2800   0013F0  EFFC  F009         	goto	u1261
  2801   0013F4  EFFE  F009         	goto	u1260
  2802   0013F8                     u1261:
  2803   0013F8  EF1C  F00A         	goto	l1430
  2804   0013FC                     u1260:
  2805   0013FC  C001  F009         	movff	___fladd@b,??___fladd
  2806   001400  C002  F00A         	movff	___fladd@b+1,??___fladd+1
  2807   001404  C003  F00B         	movff	___fladd@b+2,??___fladd+2
  2808   001408  C004  F00C         	movff	___fladd@b+3,??___fladd+3
  2809   00140C  340C               	rlcf	(??___fladd+3)^0,w,c
  2810   00140E  320C               	rrcf	(??___fladd+3)^0,f,c
  2811   001410  320B               	rrcf	(??___fladd+2)^0,f,c
  2812   001412  320A               	rrcf	(??___fladd+1)^0,f,c
  2813   001414  3209               	rrcf	??___fladd^0,f,c
  2814   001416  C009  F001         	movff	??___fladd,___fladd@b
  2815   00141A  C00A  F002         	movff	??___fladd+1,___fladd@b+1
  2816   00141E  C00B  F003         	movff	??___fladd+2,___fladd@b+2
  2817   001422  C00C  F004         	movff	??___fladd+3,___fladd@b+3
  2818   001426  280F               	incf	___fladd@bexp^0,w,c
  2819   001428  B4D8               	btfsc	status,2,c
  2820   00142A  EF19  F00A         	goto	u1271
  2821   00142E  EF1B  F00A         	goto	u1270
  2822   001432                     u1271:
  2823   001432  EF1C  F00A         	goto	l1430
  2824   001436                     u1270:
  2825   001436  2A0F               	incf	___fladd@bexp^0,f,c
  2826   001438                     l1430:
  2827   001438  280F               	incf	___fladd@bexp^0,w,c
  2828   00143A  B4D8               	btfsc	status,2,c
  2829   00143C  EF22  F00A         	goto	u1281
  2830   001440  EF24  F00A         	goto	u1280
  2831   001444                     u1281:
  2832   001444  EF2C  F00A         	goto	l1434
  2833   001448                     u1280:
  2834   001448  500F               	movf	___fladd@bexp^0,w,c
  2835   00144A  A4D8               	btfss	status,2,c
  2836   00144C  EF2A  F00A         	goto	u1291
  2837   001450  EF2C  F00A         	goto	u1290
  2838   001454                     u1291:
  2839   001454  EF3D  F00A         	goto	l610
  2840   001458                     u1290:
  2841   001458                     l1434:
  2842   001458  0E00               	movlw	0
  2843   00145A  6E01               	movwf	___fladd@b^0,c
  2844   00145C  0E00               	movlw	0
  2845   00145E  6E02               	movwf	(___fladd@b+1)^0,c
  2846   001460  0E00               	movlw	0
  2847   001462  6E03               	movwf	(___fladd@b+2)^0,c
  2848   001464  0E00               	movlw	0
  2849   001466  6E04               	movwf	(___fladd@b+3)^0,c
  2850   001468  500F               	movf	___fladd@bexp^0,w,c
  2851   00146A  A4D8               	btfss	status,2,c
  2852   00146C  EF3A  F00A         	goto	u1301
  2853   001470  EF3C  F00A         	goto	u1300
  2854   001474                     u1301:
  2855   001474  EF3D  F00A         	goto	l610
  2856   001478                     u1300:
  2857   001478  6A0D               	clrf	___fladd@signs^0,c
  2858   00147A                     l610:
  2859   00147A  A00F               	btfss	___fladd@bexp^0,0,c
  2860   00147C  EF42  F00A         	goto	u1311
  2861   001480  EF44  F00A         	goto	u1310
  2862   001484                     u1311:
  2863   001484  EF47  F00A         	goto	l1440
  2864   001488                     u1310:
  2865   001488  8E03               	bsf	(___fladd@b+2)^0,7,c
  2866   00148A  EF48  F00A         	goto	l1442
  2867   00148E                     l1440:
  2868   00148E  9E03               	bcf	(___fladd@b+2)^0,7,c
  2869   001490                     l1442:
  2870   001490  90D8               	bcf	status,0,c
  2871   001492  300F               	rrcf	___fladd@bexp^0,w,c
  2872   001494  6E04               	movwf	(___fladd@b+3)^0,c
  2873   001496  AE0D               	btfss	___fladd@signs^0,7,c
  2874   001498  EF50  F00A         	goto	u1321
  2875   00149C  EF52  F00A         	goto	u1320
  2876   0014A0                     u1321:
  2877   0014A0  EF53  F00A         	goto	l1448
  2878   0014A4                     u1320:
  2879   0014A4  8E04               	bsf	(___fladd@b+3)^0,7,c
  2880   0014A6                     l1448:
  2881   0014A6  C001  F001         	movff	___fladd@b,?___fladd
  2882   0014AA  C002  F002         	movff	___fladd@b+1,?___fladd+1
  2883   0014AE  C003  F003         	movff	___fladd@b+2,?___fladd+2
  2884   0014B2  C004  F004         	movff	___fladd@b+3,?___fladd+3
  2885   0014B6                     l586:
  2886   0014B6  0012               	return		;funcret
  2887   0014B8                     __end_of___fladd:
  2888                           	callstack 0
  2889                           
  2890 ;; *************** function _ADC_Read *****************
  2891 ;; Defined at:
  2892 ;;		line 173 in file "crrentsensor.c"
  2893 ;; Parameters:    Size  Location     Type
  2894 ;;		None
  2895 ;; Auto vars:     Size  Location     Type
  2896 ;;		None
  2897 ;; Return value:  Size  Location     Type
  2898 ;;                  2    0[COMRAM] unsigned short 
  2899 ;; Registers used:
  2900 ;;		wreg
  2901 ;; Tracked objects:
  2902 ;;		On entry : 0/0
  2903 ;;		On exit  : 0/0
  2904 ;;		Unchanged: 0/0
  2905 ;; Data sizes:     COMRAM   BANK0   BANK1   BANK2   BANK3   BANK4   BANK5   BANK6   BANK7   BANK8   BANK9  BANK10  BANK1
      +1  BANK12  BANK13
  2906 ;;      Params:         2       0       0       0       0       0       0       0       0       0       0       0       
      +0       0       0
  2907 ;;      Locals:         0       0       0       0       0       0       0       0       0       0       0       0       
      +0       0       0
  2908 ;;      Temps:          0       0       0       0       0       0       0       0       0       0       0       0       
      +0       0       0
  2909 ;;      Totals:         2       0       0       0       0       0       0       0       0       0       0       0       
      +0       0       0
  2910 ;;Total ram usage:        2 bytes
  2911 ;; Hardware stack levels used: 1
  2912 ;; This function calls:
  2913 ;;		Nothing
  2914 ;; This function is called by:
  2915 ;;		_measure_once
  2916 ;; This function uses a non-reentrant model
  2917 ;;
  2918                           
  2919                           	psect	text6
  2920   001F1A                     __ptext6:
  2921                           	callstack 0
  2922   001F1A                     _ADC_Read:
  2923                           	callstack 29
  2924   001F1A                     
  2925                           ;crrentsensor.c: 174:     ADCON1Lbits.SAMP = 1;
  2926   001F1A  82C0               	bsf	192,1,c	;volatile
  2927   001F1C                     
  2928                           ;crrentsensor.c: 175:     _delay((unsigned long)((10)*(16000000UL/4000000.0)));
  2929   001F1C  0E0D               	movlw	13
  2930   001F1E                     u1867:
  2931   001F1E  2EE8               	decfsz	wreg,f,c
  2932   001F20  D7FE               	bra	u1867
  2933   001F22  0000               	nop	
  2934   001F24                     
  2935                           ;crrentsensor.c: 176:     ADCON1Lbits.SAMP = 0;
  2936   001F24  92C0               	bcf	192,1,c	;volatile
  2937   001F26                     l32:
  2938   001F26  A0C0               	btfss	192,0,c	;volatile
  2939   001F28  EF98  F00F         	goto	u931
  2940   001F2C  EF9A  F00F         	goto	u930
  2941   001F30                     u931:
  2942   001F30  EF93  F00F         	goto	l32
  2943   001F34                     u930:
  2944   001F34                     
  2945                           ;crrentsensor.c: 178:     return ADCBUF0;
  2946   001F34  CFC2 F001          	movff	4034,?_ADC_Read	;volatile
  2947   001F38  CFC3 F002          	movff	4035,?_ADC_Read+1	;volatile
  2948   001F3C  0012               	return		;funcret
  2949   001F3E                     __end_of_ADC_Read:
  2950                           	callstack 0
  2951                           
  2952 ;; *************** function _ADC_Init *****************
  2953 ;; Defined at:
  2954 ;;		line 160 in file "crrentsensor.c"
  2955 ;; Parameters:    Size  Location     Type
  2956 ;;		None
  2957 ;; Auto vars:     Size  Location     Type
  2958 ;;		None
  2959 ;; Return value:  Size  Location     Type
  2960 ;;                  1    wreg      void 
  2961 ;; Registers used:
  2962 ;;		wreg, status,2
  2963 ;; Tracked objects:
  2964 ;;		On entry : 0/0
  2965 ;;		On exit  : 0/0
  2966 ;;		Unchanged: 0/0
  2967 ;; Data sizes:     COMRAM   BANK0   BANK1   BANK2   BANK3   BANK4   BANK5   BANK6   BANK7   BANK8   BANK9  BANK10  BANK1
      +1  BANK12  BANK13
  2968 ;;      Params:         0       0       0       0       0       0       0       0       0       0       0       0       
      +0       0       0
  2969 ;;      Locals:         0       0       0       0       0       0       0       0       0       0       0       0       
      +0       0       0
  2970 ;;      Temps:          0       0       0       0       0       0       0       0       0       0       0       0       
      +0       0       0
  2971 ;;      Totals:         0       0       0       0       0       0       0       0       0       0       0       0       
      +0       0       0
  2972 ;;Total ram usage:        0 bytes
  2973 ;; Hardware stack levels used: 1
  2974 ;; This function calls:
  2975 ;;		Nothing
  2976 ;; This function is called by:
  2977 ;;		_main
  2978 ;; This function uses a non-reentrant model
  2979 ;;
  2980                           
  2981                           	psect	text7
  2982   001F3E                     __ptext7:
  2983                           	callstack 0
  2984   001F3E                     _ADC_Init:
  2985                           	callstack 30
  2986   001F3E                     
  2987                           ;crrentsensor.c: 161:     ANCON1bits.ANSEL0 = 1;
  2988   001F3E  010E               	movlb	14	; () banked
  2989   001F40  8147               	bsf	71,0,b	;volatile
  2990                           
  2991                           ;crrentsensor.c: 162:     TRISAbits.TRISA0 = 1;
  2992   001F42  8092               	bsf	146,0,c	;volatile
  2993                           
  2994                           ;crrentsensor.c: 164:     ADCON1Hbits.ADON = 1;
  2995   001F44  8EC1               	bsf	193,7,c	;volatile
  2996   001F46                     
  2997                           ; BSR set to: 14
  2998                           ;crrentsensor.c: 165:     ADCON1Hbits.FORM = 0b000;
  2999   001F46  0EFC               	movlw	-4
  3000   001F48  16C1               	andwf	193,f,c	;volatile
  3001   001F4A                     
  3002                           ; BSR set to: 14
  3003                           ;crrentsensor.c: 166:     ADCON2Hbits.NVCFG0 = 1;
  3004   001F4A  8B8D               	bsf	141,5,b	;volatile
  3005   001F4C                     
  3006                           ; BSR set to: 14
  3007                           ;crrentsensor.c: 167:     ADCON3Hbits.ADRC = 0;
  3008   001F4C  9F8B               	bcf	139,7,b	;volatile
  3009                           
  3010                           ;crrentsensor.c: 168:     ADCON3Hbits.SAMC = 0b01100;
  3011   001F4E  518B               	movf	139,w,b	;volatile
  3012   001F50  0BE0               	andlw	-32
  3013   001F52  090C               	iorlw	12
  3014   001F54  6F8B               	movwf	139,b	;volatile
  3015                           
  3016                           ;crrentsensor.c: 169:     ADCON3L = 0x03;
  3017   001F56  0E03               	movlw	3
  3018   001F58  6F8A               	movwf	138,b	;volatile
  3019                           
  3020                           ;crrentsensor.c: 170:     ADCHS0Hbits.CH0SB = 0b000;
  3021   001F5A  0EE0               	movlw	-32
  3022   001F5C  1787               	andwf	135,f,b	;volatile
  3023   001F5E                     
  3024                           ; BSR set to: 14
  3025   001F5E  0012               	return		;funcret
  3026   001F60                     __end_of_ADC_Init:
  3027                           	callstack 0
  3028                           
  3029                           	psect	smallconst
  3030   001000                     __psmallconst:
  3031                           	callstack 0
  3032   001000  00                 	db	0
  3033   001001  00                 	db	0	; dummy byte at the end
  3034   001000                     __smallconst    set	__psmallconst
  3035   001000                     __mediumconst   set	__psmallconst
  3036   000000                     __activetblptr  equ	0
  3037                           
  3038                           	psect	rparam
  3039   000001                     ___rparam_used  equ	1
  3040   000000                     ___param_bank   equ	0
  3041   000000                     __Lparam        equ	__Lrparam
  3042   000000                     __Hparam        equ	__Hrparam
  3043                           
  3044                           	psect	config
  3045                           
  3046                           ;Config register CONFIG1L @ 0x1FFF0
  3047                           ;	Stack Overflow/Underflow Reset
  3048                           ;	STVREN = OFF, Disabled
  3049                           ;	Extended Instruction Set
  3050                           ;	XINST = OFF, Disabled
  3051   01FFF0                     	org	131056
  3052   01FFF0  80                 	db	128
  3053                           
  3054                           ;Config register CONFIG1H @ 0x1FFF1
  3055                           ;	Brown-Out Reset Enable
  3056                           ;	BOREN = OFF, Disabled in hardware
  3057                           ;	Brown-out Reset Voltage
  3058                           ;	BORV = 0, 2.0V
  3059                           ;	Code Protect
  3060                           ;	CP0 = OFF, Program memory is not code-protected
  3061   01FFF1                     	org	131057
  3062   01FFF1  F4                 	db	244
  3063                           
  3064                           ;Config register CONFIG2L @ 0x1FFF2
  3065                           ;	Oscillator
  3066                           ;	FOSC = FRCDIV, Fast RC Oscillator with Postscaler (FRCDIV)
  3067                           ;	T1OSC/SOSC Power Selection Bits
  3068                           ;	SOSCSEL = LOW, Low Power T1OSC/SOSC circuit selected
  3069                           ;	Clock Out Enable Bit
  3070                           ;	CLKOEN = ON, CLKO output enabled on the RA6 pin
  3071                           ;	Internal External Oscillator Switch Over Mode
  3072                           ;	IESO = ON, Enabled
  3073   01FFF2                     	org	131058
  3074   01FFF2  AF                 	db	175
  3075                           
  3076                           ;Config register CONFIG2H @ 0x1FFF3
  3077                           ;	PLL Frequency Multiplier Select bits
  3078                           ;	PLLDIV = NODIV, 96 MHz PLL selected; No divide - Oscillator used directly (4 MHz input
      +                          )
  3079   01FFF3                     	org	131059
  3080   01FFF3  F0                 	db	240
  3081                           
  3082                           ;Config register CONFIG3L @ 0x1FFF4
  3083                           ;	Primary Oscillator Select
  3084                           ;	POSCMD = HS, HS oscillator mode selected(10 MHz - 40 MHz)
  3085                           ;	Clock Switching and Monitor Selection Configuration bits
  3086                           ;	FSCM = CSECMD, Clock switching is enabled, fail safe clock monitor is disabled
  3087   01FFF4                     	org	131060
  3088   01FFF4  12                 	db	18
  3089                           
  3090                           ;Config register CONFIG3H @ 0x1FFF5
  3091                           ;	unspecified, using default values
  3092   01FFF5                     	org	131061
  3093   01FFF5  F0                 	db	240
  3094                           
  3095                           ;Config register CONFIG4L @ 0x1FFF6
  3096                           ;	Write/Erase Protect Page Start/End Boundary
  3097                           ;	WPFP = WPFP255, Write Protect Program Flash Page 255
  3098   01FFF6                     	org	131062
  3099   01FFF6  FF                 	db	255
  3100                           
  3101                           ;Config register CONFIG4H @ 0x1FFF7
  3102                           ;	Segment Write Protection Disable
  3103                           ;	WPDIS = WPDIS, Disabled
  3104                           ;	Segment Write Protection End Page Select
  3105                           ;	WPEND = WPENDMEM, Write Protect from WPFP to the last page of memory
  3106                           ;	Write Protect Configuration Page Select
  3107                           ;	WPCFG = WPCFGDIS, Disabled
  3108   01FFF7                     	org	131063
  3109   01FFF7  F7                 	db	247
  3110                           
  3111                           ;Config register CONFIG5L @ 0x1FFF8
  3112                           ;	TMR5 Gate Select bit
  3113                           ;	T5GSEL = T5G, TMR5 Gate is driven by the T5G input
  3114                           ;	CxINA Gate Select bit
  3115                           ;	CINASEL = DEFAULT, C1INA and C3INA are on their default pin locations
  3116                           ;	External Address Shift bit
  3117                           ;	EASHFT = ON, Address Shifting enabled
  3118                           ;	Address Bus Width Select bits
  3119                           ;	ABW = MM, 8-bit address bus
  3120                           ;	Data Bus Width
  3121                           ;	BW = 16, 16-bit external bus mode
  3122                           ;	External Bus Wait
  3123                           ;	WAIT = OFF, Disabled
  3124   01FFF8                     	org	131064
  3125   01FFF8  FB                 	db	251
  3126                           
  3127                           ;Config register CONFIG5H @ 0x1FFF9
  3128                           ;	IOLOCK One-Way Set Enable bit
  3129                           ;	IOL1WAY = ON, Once set, the IOLOCK bit cannot be cleared
  3130                           ;	USB Low Speed Clock Select bit
  3131                           ;	LS48MHZ = SYSX2, Divide-by-2 (System clock must be 12 MHz)
  3132                           ;	MSSP2 7-Bit Address Masking Mode Enable bit
  3133                           ;	MSSPMSK2 = MSK7, 7 Bit address masking mode
  3134                           ;	MSSP1 7-Bit Address Masking Mode Enable bit
  3135                           ;	MSSPMSK1 = MSK7, 7 Bit address masking mode
  3136   01FFF9                     	org	131065
  3137   01FFF9  FF                 	db	255
  3138                           
  3139                           ;Config register CONFIG6L @ 0x1FFFA
  3140                           ;	Watch Dog Timer Window
  3141                           ;	WDTWIN = PS25_0, Watch Dog Timer Window Width is 25 percent
  3142                           ;	Watch Dog Timer Clock Source
  3143                           ;	WDTCLK = LPRC, Always use INTOSC/LPRC
  3144                           ;	Watchdog Timer Postscale
  3145                           ;	WDTPS = 32768, 1:32768
  3146   01FFFA                     	org	131066
  3147   01FFFA  FB                 	db	251
  3148                           
  3149                           ;Config register CONFIG6H @ 0x1FFFB
  3150                           ;	Watchdog Timer Enable
  3151                           ;	WDTEN = OFF, WDT disabled in hardware; SWDTEN bit disabled
  3152                           ;	Windowed Watchdog Timer Disable
  3153                           ;	WINDIS = WDTSTD, Standard WDT selected; windowed WDT disabled
  3154                           ;	WDT Prescaler
  3155                           ;	WPSA = 128, WDT prescaler ratio of 1:128
  3156   01FFFB                     	org	131067
  3157   01FFFB  FC                 	db	252
  3158                           
  3159                           ;Config register CONFIG7L @ 0x1FFFC
  3160                           ;	Retention Voltage Regulator Control Enable
  3161                           ;	RETEN = OFF, Retention not available
  3162                           ;	VBAT BOR Enable
  3163                           ;	VBTBOR = OFF, VBAT BOR is disabled
  3164                           ;	Deep Sleep BOR Enable
  3165                           ;	DSBOREN = ON, BOR enabled in Deep Sleep
  3166                           ;	DSEN Bit Enable bit
  3167                           ;	DSBITEN = ON, Deep Sleep is controlled by the register bit DSEN
  3168   01FFFC                     	org	131068
  3169   01FFFC  19                 	db	25
  3170                           
  3171                           ;Config register CONFIG7H @ 0x1FFFD
  3172                           ;	unspecified, using default values
  3173   01FFFD                     	org	131069
  3174   01FFFD  F0                 	db	240
  3175                           
  3176                           ;Config register CONFIG8L @ 0x1FFFE
  3177                           ;	Deep Sleep Watchdog Timer Postscale Select
  3178                           ;	DSWDTPS = DSWDTPS1F, 1:68719476736 (25.7 Days)
  3179   01FFFE                     	org	131070
  3180   01FFFE  F8                 	db	248
  3181                           
  3182                           ;Config register CONFIG8H @ 0x1FFFF
  3183                           ;	Deep Sleep Watchdog Timer Enable
  3184                           ;	DSWDTEN = ON, DSWDT Enabled
  3185                           ;	DSWDT Reference Clock Select
  3186                           ;	DSWDTOSC = LPRC, DSWDT uses LPRC as reference clock
  3187   01FFFF                     	org	131071
  3188   01FFFF  F3                 	db	243
  3189                           tosu	equ	0xFFF
  3190                           tosh	equ	0xFFE
  3191                           tosl	equ	0xFFD
  3192                           stkptr	equ	0xFFC
  3193                           pclatu	equ	0xFFB
  3194                           pclath	equ	0xFFA
  3195                           pcl	equ	0xFF9
  3196                           tblptru	equ	0xFF8
  3197                           tblptrh	equ	0xFF7
  3198                           tblptrl	equ	0xFF6
  3199                           tablat	equ	0xFF5
  3200                           prodh	equ	0xFF4
  3201                           prodl	equ	0xFF3
  3202                           indf0	equ	0xFEF
  3203                           postinc0	equ	0xFEE
  3204                           postdec0	equ	0xFED
  3205                           preinc0	equ	0xFEC
  3206                           plusw0	equ	0xFEB
  3207                           fsr0h	equ	0xFEA
  3208                           fsr0l	equ	0xFE9
  3209                           wreg	equ	0xFE8
  3210                           indf1	equ	0xFE7
  3211                           postinc1	equ	0xFE6
  3212                           postdec1	equ	0xFE5
  3213                           preinc1	equ	0xFE4
  3214                           plusw1	equ	0xFE3
  3215                           fsr1h	equ	0xFE2
  3216                           fsr1l	equ	0xFE1
  3217                           bsr	equ	0xFE0
  3218                           indf2	equ	0xFDF
  3219                           postinc2	equ	0xFDE
  3220                           postdec2	equ	0xFDD
  3221                           preinc2	equ	0xFDC
  3222                           plusw2	equ	0xFDB
  3223                           fsr2h	equ	0xFDA
  3224                           fsr2l	equ	0xFD9
  3225                           status	equ	0xFD8

Data Sizes:
    Strings     0
    Constant    0
    Data        0
    BSS         10
    Persistent  0
    Stack       0

Auto Spaces:
    Space          Size  Autos    Used
    COMRAM           95     68      78
    BANK0           160      0       0
    BANK1           256      0       0
    BANK2           256      0       0
    BANK3           256      0       0
    BANK4           256      0       0
    BANK5           256      0       0
    BANK6           256      0       0
    BANK7           256      0       0
    BANK8           256      0       0
    BANK9           256      0       0
    BANK10          256      0       0
    BANK11          256      0       0
    BANK12          256      0       0
    BANK13          250      0       0

Pointer List with Targets:

    None.

Critical Paths under _main in COMRAM

    _measure_once->___flmul
    ___flmul->___fldiv
    ___fldiv->___fladd

Critical Paths under _main in BANK0

    None.

Critical Paths under _main in BANK1

    None.

Critical Paths under _main in BANK2

    None.

Critical Paths under _main in BANK3

    None.

Critical Paths under _main in BANK4

    None.

Critical Paths under _main in BANK5

    None.

Critical Paths under _main in BANK6

    None.

Critical Paths under _main in BANK7

    None.

Critical Paths under _main in BANK8

    None.

Critical Paths under _main in BANK9

    None.

Critical Paths under _main in BANK10

    None.

Critical Paths under _main in BANK11

    None.

Critical Paths under _main in BANK12

    None.

Critical Paths under _main in BANK13

    None.

Call Graph Tables:

 ---------------------------------------------------------------------------------
 (Depth) Function   	        Calls       Base Space   Used Autos Params    Refs
 ---------------------------------------------------------------------------------
 (0) _main                                                 2     2      0    4916
                                             66 COMRAM     2     2      0
                           _ADC_Init
                       _measure_once
 ---------------------------------------------------------------------------------
 (1) _measure_once                                         0     0      0    4916
                           _ADC_Read
                            ___fladd
                            ___fldiv
                            ___flmul
                           ___xxtofl
 ---------------------------------------------------------------------------------
 (2) ___xxtofl                                            14    10      4     337
                                              0 COMRAM    14    10      4
 ---------------------------------------------------------------------------------
 (2) ___flmul                                             25    17      8    1468
                                             41 COMRAM    25    17      8
                            ___fldiv (ARG)
                           ___xxtofl (ARG)
 ---------------------------------------------------------------------------------
 (2) ___fldiv                                             25    17      8    1125
                                             16 COMRAM    25    17      8
                            ___fladd (ARG)
                           ___xxtofl (ARG)
 ---------------------------------------------------------------------------------
 (2) ___fladd                                             16     8      8    1986
                                              0 COMRAM    16     8      8
 ---------------------------------------------------------------------------------
 (2) _ADC_Read                                             2     0      2       0
                                              0 COMRAM     2     0      2
 ---------------------------------------------------------------------------------
 (1) _ADC_Init                                             0     0      0       0
 ---------------------------------------------------------------------------------
 Estimated maximum stack depth 2
 ---------------------------------------------------------------------------------

 Call Graph Graphs:

 _main (ROOT)
   _ADC_Init
   _measure_once
     _ADC_Read
     ___fladd
     ___fldiv
       ___fladd (ARG)
       ___xxtofl (ARG)
     ___flmul
       ___fldiv (ARG)
       ___xxtofl (ARG)
     ___xxtofl

Address spaces:
Name               Size   Autos  Total    Usage
BIGRAM            3577      0       0      0.0%
BITBIGSFRh         373      0       0      0.0%
BITBANK12          256      0       0      0.0%
BANK12             256      0       0      0.0%
BITBANK11          256      0       0      0.0%
BANK11             256      0       0      0.0%
BITBANK10          256      0       0      0.0%
BANK10             256      0       0      0.0%
BITBANK9           256      0       0      0.0%
BANK9              256      0       0      0.0%
BITBANK8           256      0       0      0.0%
BANK8              256      0       0      0.0%
BITBANK7           256      0       0      0.0%
BANK7              256      0       0      0.0%
BITBANK6           256      0       0      0.0%
BANK6              256      0       0      0.0%
BITBANK5           256      0       0      0.0%
BANK5              256      0       0      0.0%
BITBANK4           256      0       0      0.0%
BANK4              256      0       0      0.0%
BITBANK3           256      0       0      0.0%
BANK3              256      0       0      0.0%
BITBANK2           256      0       0      0.0%
BANK2              256      0       0      0.0%
BITBANK1           256      0       0      0.0%
BANK1              256      0       0      0.0%
BITBANK13          250      0       0      0.0%
BANK13             250      0       0      0.0%
BITBANK0           160      0       0      0.0%
BANK0              160      0       0      0.0%
BITCOMRAM           95      0       0      0.0%
COMRAM              95     68      78     82.1%
BITBIGSFRlll        77      0       0      0.0%
BITBIGSFRllh        63      0       0      0.0%
BITBIGSFRlh          2      0       0      0.0%
STACK                0      0       0      0.0%
DATA                 0      0      78      0.0%


Microchip Technology PIC18 Macro Assembler V3.00 build 20241204225717 
Symbol Table                                                                                   Mon Aug 11 21:38:40 2025

           ___fldiv@aexp 0029             ___fldiv@bexp 0028             ___fldiv@sign 0021  
                     l32 1F26                       l34 1F34                       l35 1F3C  
                     l29 1F5E                       l38 1EF0                      l610 147A  
                    l603 13D2                      l604 13C0                      l631 1C6C  
                    l711 1D5C                      l704 1CC4                      l633 1AD0  
                    l642 1B16                      l643 1B34                      l707 1E20  
                    l644 1B8C                      l636 1A94                      l645 1B7A  
                    l670 1772                      l718 1DB8                      l591 1392  
                    l671 1790                      l663 157C                      l680 189E  
                    l672 17E8                      l577 11EA                      l673 17D6  
                    l594 1304                      l586 14B6                      l578 11D8  
                    l579 119E                      l667 18DC                      u930 1F34  
                    u931 1F30                      u940 101C                      u941 1018  
                    u950 102E                      u951 102A                      u960 103E  
                    u961 103A                      u970 107E                      u971 107A  
                    u980 1094                      u981 1090                      u990 10A6  
                    u991 10A2                      wreg 0FE8             ___flmul@aexp 003B  
           ___flmul@bexp 003C             ___flmul@sign 0036             ___flmul@temp 0041  
           ___flmul@prod 003D                     l1300 10DE                     l1310 110A  
                   l1302 10F0                     l1232 1F3E                     l1400 1348  
                   l1320 111E                     l1312 110E                     l1304 10FE  
                   l1234 1F46                     l1410 1372                     l1402 1356  
                   l1330 1132                     l1322 1122                     l1314 1112  
                   l1306 1102                     l1236 1F4A                     l1252 1F1A  
                   l1412 1382                     l1404 1358                     l1340 1186  
                   l1332 1136                     l1324 1126                     l1316 1116  
                   l1308 1106                     l1260 100E                     l1238 1F4C  
                   l1254 1F1C                     l1422 13E2                     l1430 1438  
                   l1406 1366                     l1414 1384                     l1350 11CA  
                   l1342 1196                     l1334 113A                     l1326 112A  
                   l1318 111A                     l1270 104E                     l1262 101C  
                   l1510 1A10                     l1502 19EC                     l1256 1F24  
                   l1440 148E                     l1432 1448                     l1424 13EE  
                   l1416 13A2                     l1408 136E                     l1352 11CC  
                   l1344 11AC                     l1328 112E                     l1336 113E  
                   l1280 107E                     l1272 1050                     l1264 101E  
                   l1520 1A60                     l1512 1A2A                     l1504 19FC  
                   l1600 1504                     l1442 1490                     l1434 1458  
                   l1426 13FC                     l1418 13B8                     l1370 1254  
                   l1362 121C                     l1354 11D6                     l1346 11B8  
                   l1338 116A                     l1290 10A6                     l1282 1080  
                   l1266 102E                     l1274 1056                     l1258 1002  
                   l1530 1ABC                     l1522 1A70                     l1514 1A3A  
                   l1506 19FC                     l1610 1534                     l1602 150A  
                   l1444 1496                     l1436 1478                     l1428 1436  
                   l1372 1258                     l1364 122C                     l1356 11F8  
                   l1380 1278                     l1348 11BC                     l1292 10B6  
                   l1284 1086                     l1276 1066                     l1268 103E  
                   l1540 1AFC                     l1532 1ABE                     l1524 1A84  
                   l1516 1A4A                     l1460 190A                     l1452 18DE  
                   l1700 1898                     l1620 156C                     l1612 1536  
                   l1604 151A                     l1446 14A4                     l1438 1488  
                   l1382 129E                     l1390 12F4                     l1374 1266  
                   l1366 123A                     l1358 1208                     l1294 10C6  
                   l1286 1094                     l1278 106C                     l1550 1B72  
                   l1542 1B06                     l1534 1ACE                     l1526 1A92  
                   l1518 1A5A                     l1470 1942                     l1462 191A  
                   l1454 18EA                     l1702 18A2                     l1710 18C8  
                   l1630 15BC                     l1622 158C                     l1614 1546  
                   l1606 1520                     l1448 14A6                     l1392 131A  
                   l1384 12D2                     l1376 1268                     l1368 1248  
                   l1296 10C8                     l1288 1096                     l1560 1BE0  
                   l1544 1B14                     l1536 1AE0                     l1528 1A9E  
                   l1480 196E                     l1472 1948                     l1464 192A  
                   l1456 18F8                     l1712 18CC                     l1704 18B2  
                   l1640 160C                     l1632 15C6                     l1624 159C  
                   l1616 1556                     l1608 1526                     l1720 1C8E  
                   l1394 132A                     l1386 12D4                     l1378 1272  
                   l1298 10CE                     l1570 1C46                     l1554 1B9C  
                   l1562 1BE4                     l1538 1AF6                     l1546 1B26  
                   l1490 19A6                     l1482 197E                     l1474 194E  
                   l1466 192C                     l1458 18FA                     l1706 18C0  
                   l1650 164E                     l1642 1618                     l1634 15DC  
                   l1618 1566                     l1730 1D06                     l1722 1CD4  
                   l1388 12E4                     l1580 1C62                     l1572 1C48  
                   l1564 1BFE                     l1556 1BA8                     l1548 1B44  
                   l1492 19BC                     l1484 198E                     l1476 195C  
                   l1468 1932                     l1708 18C2                     l1660 16B0  
                   l1652 165E                     l1644 1626                     l1636 15E8  
                   l1628 15B0                     l1740 1D8E                     l1732 1D12  
                   l1724 1CEA                     l1716 1C70                     l1398 133E  
                   l1574 1C4C                     l1566 1C14                     l1558 1BB6  
                   l1494 19CC                     l1486 1990                     l1478 195E  
                   l1670 1758                     l1662 16CC                     l1654 1678  
                   l1646 1632                     l1638 1600                     l1590 14C4  
                   l1750 1DCC                     l1742 1D9A                     l1734 1D44  
                   l1718 1C80                     l1576 1C5A                     l1568 1C2E  
                   l1496 19D4                     l1488 1996                     l1680 17CE  
                   l1672 1762                     l1664 16F6                     l1656 1688  
                   l1648 1642                     l1592 14D2                     l1752 1DF0  
                   l1744 1DA8                     l1736 1D46                     l1728 1CFE  
                   l1578 1C60                     l1498 19D8                     l1690 183C  
                   l1674 1770                     l1666 172C                     l1658 16A4  
                   l1594 14D4                     l1754 1E00                     l1746 1DC6  
                   l1738 1D52                     l1762 1E22                     l1770 1EF6  
                   l1684 17F8                     l1692 1840                     l1676 1782  
                   l1668 173A                     l1596 14E4                     l1588 14B8  
                   l1756 1E0E                     l1748 1DC8                     l1764 1E2E  
                   l1772 1EFA                     l1694 185A                     l1686 1804  
                   l1678 17A0                     l1598 14F4                     l1758 1E10  
                   l1766 1E98                     l1696 186E                     l1688 1812  
                   l1768 1EF2                     l1698 1888                     u1000 10B6  
                   u1001 10B2                     u1010 10F0                     u1011 10EC  
                   u1100 1208                     u1020 10FE                     u1101 1204  
                   u1021 10FA                     u1110 123A                     u1030 116A  
                   u1111 1236                     u1031 1166                     u1200 1382  
                   u1120 1248                     u1040 1182                     u1201 137E  
                   u1121 1244                     u1041 117C                     u1210 1392  
                   u1130 1266                     u1050 1184                     u1211 138E  
                   u1131 1262                     u1300 1478                     u1220 13A2  
                   u1140 129E                     u1060 11AC                     u1301 1474  
                   u1221 139E                     u1141 129A                     u1061 11A8  
                   u1310 1488                     u1230 13B8                     u1150 12E4  
                   u1070 11CA                     u1311 1484                     u1231 13B4  
                   u1151 12E0                     u1071 11C6                     u1320 14A4  
                   u1240 13CE                     u1160 131A                     u1080 11EA  
                   u1400 19FC                     u1321 14A0                     u1241 13CA  
                   u1161 1316                     u1081 11E6                     u1401 19F8  
                   u1250 13E2                     u1170 132A                     u1090 11F8  
                   u1410 1A70                     u1330 18F8                     u1251 13DE  
                   u1171 1326                     u1091 11F4                     u1411 1A6C  
                   u1331 18F4                     u1260 13FC                     u1180 1356  
                   u1500 1B88                     u1420 1A92                     u1340 190A  
                   u1261 13F8                     u1181 1352                     u1501 1B84  
                   u1421 1A8E                     u1341 1906                     u1270 1436  
                   u1190 1366                     u1510 1B9C                     u1430 1ABC  
                   u1350 191A                     u1271 1432                     u1191 1362  
                   u1511 1B98                     u1431 1AB8                     u1351 1916  
                   u1280 1448                     u1520 1BB6                     u1440 1AE0  
                   u1360 195C                     u1600 1546                     u1281 1444  
                   u1521 1BB2                     u1441 1ADC                     u1361 1958  
                   u1601 1542                     u1290 1458                     u1530 1BFE  
                   u1450 1AF6                     u1370 196E                     u1610 1556  
                   u1291 1454                     u1531 1BFA                     u1451 1AF2  
                   u1371 196A                     u1611 1552                     u1540 1C2E  
                   u1460 1B14                     u1380 197E                     u1700 17F8  
                   u1620 158C                     u1541 1C2A                     u1461 1B10  
                   u1381 197A                     u1701 17F4                     u1621 1588  
                   u1550 1C5A                     u1470 1B34                     u1390 19BC  
                   u1710 1812                     u1630 159C                     u1551 1C56  
                   u1471 1B30                     u1391 19B8                     u1711 180E  
                   u1631 1598                     u1480 1B44                     u1720 185A  
                   u1640 1716                     u1560 14D2                     u1800 1DA8  
                   u1481 1B40                     u1721 1856                     u1561 14CE  
                   u1801 1DA4                     u1490 1B72                     u1730 1888  
                   u1650 1770                     u1570 14E4                     u1810 1DB8  
                   u1491 1B6E                     u1731 1884                     u1651 176C  
                   u1571 14E0                     u1811 1DB4                     u1740 18C0  
                   u1660 1790                     u1580 14F4                     u1820 1DC6  
                   u1741 18BC                     u1661 178C                     u1645 170C  
                   u1581 14F0                     u1821 1DC2                     u1670 17A0  
                   u1590 1534                     u1830 1E00                     u1750 1C80  
                   u1671 179C                     u1591 1530                     u1831 1DFC  
                   u1751 1C7C                     u1680 17CE                     u1840 1E0E  
                   u1760 1C8E                     u1681 17CA                     u1841 1E0A  
                   u1761 1C8A                     u1690 17E4                     u1770 1CEA  
                   u1691 17E0                     u1771 1CE6                     u1780 1D40  
                   u1781 1D3C                     u1790 1D8A                     u1791 1D86  
                   u1857 1F04                     u1867 1F1E                     _main 1EF2  
       __end_of_ADC_Init 1F60         __end_of_ADC_Read 1F3E                     prodh 0FF4  
                   prodl 0FF3                     start FFEC          ___fldiv@new_exp 0022  
           ___param_bank 0000          __end_of___fladd 14B8                    ?_main 0001  
        __end_of___fldiv 1C6E          __end_of___flmul 18DE                    status 0FD8  
        __initialization 1F60             __end_of_main 1F1A            ?_measure_once 0001  
                 ??_main 0043            __activetblptr 0000         __end_of___xxtofl 1E22  
              ??___fladd 0009                ??___fldiv 0019                ??___flmul 0032  
         ??_measure_once 0043                   clear_0 1F66                   isa$std 0001  
              ?_ADC_Init 0001                ?_ADC_Read 0001             __mediumconst 1000  
           ___xxtofl@arg 000B             ___xxtofl@exp 000A             ___xxtofl@val 0001  
             __accesstop 0060  __end_of__initialization 1F6C            ___rparam_used 0001  
         __pcstackCOMRAM 0001               ??_ADC_Init 0001               ??_ADC_Read 0003  
                _ADCBUF0 0FC2                  _ADCON3L 0E8A                ?___xxtofl 0001  
   __end_of_measure_once 1EF2                  __Hparam 0000                  __Lparam 0000  
                ___fladd 1002                  ___fldiv 18DE                  ___flmul 14B8  
           __psmallconst 1000               _current_mA 0045                  __pcinit 1F60  
                __ramtop 1000                  __ptext0 1EF2                  __ptext1 1E22  
                __ptext2 1C6E                  __ptext3 14B8                  __ptext4 18DE  
                __ptext5 1002                  __ptext6 1F1A                  __ptext7 1F3E  
             ??___xxtofl 0005     end_of_initialization 1F6C                  _vout_mV 0049  
                postinc0 0FEE              _ADCHS0Hbits 0E87              ___fladd@grs 0010  
          ___xxtofl@sign 0009              _ADCON1Hbits 0FC1              _ADCON2Hbits 0E8D  
            _ADCON1Lbits 0FC0              _ADCON3Hbits 0E8B                _TRISAbits 0F92  
            ___fldiv@grs 0024              ___fldiv@rem 001D              ___flmul@grs 0037  
    start_initialization 1F60             _measure_once 1E22                ___fladd@a 0005  
              ___fladd@b 0001                ___fldiv@a 0015                ___fldiv@b 0011  
              ___flmul@a 002E                ___flmul@b 002A              __pbssCOMRAM 0045  
              _adc_value 004D                 ?___fladd 0001                 ?___fldiv 0011  
               ?___flmul 002A              __smallconst 1000                 _ADC_Init 1F3E  
               _ADC_Read 1F1A               _ANCON1bits 0E47                 __Hrparam 0000  
               __Lrparam 0000                 ___xxtofl 1C6E                 isa$xinst 0000  
          ___fladd@signs 000D             ___fladd@aexp 000E             ___fladd@bexp 000F  
